path,artifact_class,size_bytes,sha256
ACL_OS_09_QA_REPORT.json,DELIVERY_EVIDENCE,2059,db09c305fb3ca022a3ba9e28351b227173432af8763377befb6e6e9c0b1db9e8
COMMIT_MESSAGE.md,DELIVERY_DOCUMENT,768,5317e241777c342c53bb51fec259151f23cd548c58871043f1022d56fbabdceb
COMMIT_MESSAGE.txt,DELIVERY_DOCUMENT,57,a502f60574ff61e2d276750fdecc683d22e87a3744d658087b765edfaf14e226
INSTALL_ALPHA_LAB_ACL_OS_09.md,DELIVERY_DOCUMENT,343,28acf277b237d344142d9f5e5819f5a298b2ef5f4c7e33e4f5576f44f2592dea
README_ALPHA_LAB_ACL_OS_09.md,DELIVERY_DOCUMENT,445,e09dfeda68f31b8c8f9cf5a002f890f1e46601c0b13402eee422ae0b98bec3fc
docs/alpha_lab_master_architecture/context_lifecycle_os/07_REPORTING_AND_MEMORY/ACL09_ACL10_HANDOFF.md,OBSIDIAN_DOCUMENTATION,887,1834f0cea9a82e423011eab6ffa678a1ad662163a1114831bf24eca9caebb0fe
docs/alpha_lab_master_architecture/context_lifecycle_os/07_REPORTING_AND_MEMORY/ACL09_ACTIVE_RESEARCH_PLANNER.md,OBSIDIAN_DOCUMENTATION,853,ec688da5949a8068a2fadcdef28780c3cc25c84f80ab4103181d63742a30b708
docs/alpha_lab_master_architecture/context_lifecycle_os/07_REPORTING_AND_MEMORY/ACL09_ADMISSION_DECISION_CONTRACT.md,OBSIDIAN_DOCUMENTATION,880,a414568d3351fb3b79f85d2a685c0876e52159dd7ae333f01a833011657b0175
docs/alpha_lab_master_architecture/context_lifecycle_os/07_REPORTING_AND_MEMORY/ACL09_APPEND_ONLY_MEMORY_MODEL.md,OBSIDIAN_DOCUMENTATION,871,67fed93d5b937864f0d34149a47ba1433dac240dfeed5f257bf0f1a57f7628e3
docs/alpha_lab_master_architecture/context_lifecycle_os/07_REPORTING_AND_MEMORY/ACL09_ATOMIC_PUBLICATION.md,OBSIDIAN_DOCUMENTATION,862,0b66af405af2a338e44eacf3df70072c682bb1e06eec7d7b5db2be1cbb5cd8a5
docs/alpha_lab_master_architecture/context_lifecycle_os/07_REPORTING_AND_MEMORY/ACL09_AUTHORITY_MODEL.md,OBSIDIAN_DOCUMENTATION,921,904ee260cba8f9dbe3b35000ec1c0e97fde80e997210eabb1f84ad9de0ddc7b0
docs/alpha_lab_master_architecture/context_lifecycle_os/07_REPORTING_AND_MEMORY/ACL09_BASELINE_MEMORY_POLICY.md,OBSIDIAN_DOCUMENTATION,869,ff5bf5f29aa73082eeb5965764ff599d519cac4de7049da6bacd19b45df99e6e
docs/alpha_lab_master_architecture/context_lifecycle_os/07_REPORTING_AND_MEMORY/ACL09_CLAIM_CEILING.md,OBSIDIAN_DOCUMENTATION,858,f0c7fa1b4c44ac4368a7a256f631abdc8113da9504468cdd34d1e52f371b25ee
docs/alpha_lab_master_architecture/context_lifecycle_os/07_REPORTING_AND_MEMORY/ACL09_DEFINITION_OF_DONE.md,OBSIDIAN_DOCUMENTATION,908,0ca2306ab5fdca8e6b6620449df86928fcf7297813a34d15288334de050b9d83
docs/alpha_lab_master_architecture/context_lifecycle_os/07_REPORTING_AND_MEMORY/ACL09_DIAGNOSTIC_QUARANTINE.md,OBSIDIAN_DOCUMENTATION,865,44664b0ae352878ec70a3beab5e2d9c5cd29a390f73a01b237def9f1b9cf213c
docs/alpha_lab_master_architecture/context_lifecycle_os/07_REPORTING_AND_MEMORY/ACL09_DUPLICATE_AND_EQUIVALENCE_REPORT.md,OBSIDIAN_DOCUMENTATION,884,44639c471fa0c19431c65a041dde0c9f6c09db6745aae2971e4116756fa9c2e3
docs/alpha_lab_master_architecture/context_lifecycle_os/07_REPORTING_AND_MEMORY/ACL09_DUPLICATE_FINGERPRINT_MODEL.md,OBSIDIAN_DOCUMENTATION,847,9efe6cae2889d37bf14dfd1df13cddd261bd6f6507c6ce0f1b593354ad14c8f3
docs/alpha_lab_master_architecture/context_lifecycle_os/07_REPORTING_AND_MEMORY/ACL09_EVENT_LEDGER.md,OBSIDIAN_DOCUMENTATION,869,4f5a26bf4b7071ce89ada79c057ed9406863aa3e09be153c2c75585f2ae1c6b0
docs/alpha_lab_master_architecture/context_lifecycle_os/07_REPORTING_AND_MEMORY/ACL09_EXPECTED_INFORMATION_VALUE.md,OBSIDIAN_DOCUMENTATION,890,265313c954eb3d82975a283d918b3cb393357bdc91ab55284efcf39ff55ec50e
docs/alpha_lab_master_architecture/context_lifecycle_os/07_REPORTING_AND_MEMORY/ACL09_FAILURE_TAXONOMY.md,OBSIDIAN_DOCUMENTATION,880,8535d49293b58684947521af5b8e4bac5493bdc9d0c2ed60d80c013d61d0824e
docs/alpha_lab_master_architecture/context_lifecycle_os/07_REPORTING_AND_MEMORY/ACL09_HOSTILE_REVIEW.md,OBSIDIAN_DOCUMENTATION,877,345f09a6bf3caf381eee333f133f37809206839725da7906d28188cc9e3a230c
docs/alpha_lab_master_architecture/context_lifecycle_os/07_REPORTING_AND_MEMORY/ACL09_HUMAN_APPROVAL_BOUNDARY.md,OBSIDIAN_DOCUMENTATION,856,567b766be55f9a8e52a7c800e8836c57b6dabc3c5981a11311d4084e44c13d72
docs/alpha_lab_master_architecture/context_lifecycle_os/07_REPORTING_AND_MEMORY/ACL09_IDEMPOTENCY_AND_PRIOR_MEMORY.md,OBSIDIAN_DOCUMENTATION,889,f1911120a43547567071060bf0b4528d1e499767b54b117d291488016c316ea0
docs/alpha_lab_master_architecture/context_lifecycle_os/07_REPORTING_AND_MEMORY/ACL09_INPUT_PACKAGE_GATEWAY.md,OBSIDIAN_DOCUMENTATION,891,01beeb440f9f4049b8a80467850757cf43b0cac10688475baa0d826d146c2f18
docs/alpha_lab_master_architecture/context_lifecycle_os/07_REPORTING_AND_MEMORY/ACL09_MEMORY_ADMISSION_POLICY.md,OBSIDIAN_DOCUMENTATION,894,7cf6eb3b55aabbdc5735f8183bf6e819ced2f259fa030958c98ac4c51248c29d
docs/alpha_lab_master_architecture/context_lifecycle_os/07_REPORTING_AND_MEMORY/ACL09_MEMORY_AND_ACTIVE_PLANNER_RUNTIME.md,OBSIDIAN_DOCUMENTATION,906,95fd9ebfd0476bb0873786bec6693f59762e9518a7d36d65b02bd550bec7270f
docs/alpha_lab_master_architecture/context_lifecycle_os/07_REPORTING_AND_MEMORY/ACL09_MEMORY_ENTRY_CONTRACT.md,OBSIDIAN_DOCUMENTATION,890,7a0e22d17c37ba45b06fd50819bf2b64875e2b329d64ad1b0841cde90f6148fa
docs/alpha_lab_master_architecture/context_lifecycle_os/07_REPORTING_AND_MEMORY/ACL09_MEMORY_POISONING_DEFENSE.md,OBSIDIAN_DOCUMENTATION,870,c3c72943bccbd5fa33f825f0b9cb563bb6c4554482826fea6c288f05cb9e7dcd
docs/alpha_lab_master_architecture/context_lifecycle_os/07_REPORTING_AND_MEMORY/ACL09_MEMORY_RETENTION_AND_RETIREMENT.md,OBSIDIAN_DOCUMENTATION,897,5197f773eefa90876d366ecaf6b773e5fad6c7bf3cb10d85ce985c2bb1328bd9
docs/alpha_lab_master_architecture/context_lifecycle_os/07_REPORTING_AND_MEMORY/ACL09_MIGRATION_AND_ROLLBACK.md,OBSIDIAN_DOCUMENTATION,880,3e0bb95afa3c395f9741fb49381b20c37f392894ecc158b3e5d9f7a7b02c4ac0
docs/alpha_lab_master_architecture/context_lifecycle_os/07_REPORTING_AND_MEMORY/ACL09_NEAR_EQUIVALENCE_MODEL.md,OBSIDIAN_DOCUMENTATION,863,8fab066c5eeb7f71cabf83fabc174045482fd27b84ec596e6901ab084503de5b
docs/alpha_lab_master_architecture/context_lifecycle_os/07_REPORTING_AND_MEMORY/ACL09_NEGATIVE_AND_UNKNOWN_MEMORY.md,OBSIDIAN_DOCUMENTATION,901,4604dfd78acc2de7550f1b02523c426a872f2104a1b781cefbc90dc2c6e30546
docs/alpha_lab_master_architecture/context_lifecycle_os/07_REPORTING_AND_MEMORY/ACL09_OPERATIONS_RUNBOOK.md,OBSIDIAN_DOCUMENTATION,844,401073b5b8c6941e32015b0ec07f4de0199829ba6609a81344ac6a001288fa6a
docs/alpha_lab_master_architecture/context_lifecycle_os/07_REPORTING_AND_MEMORY/ACL09_PLANNER_BUDGET_AND_CAPS.md,OBSIDIAN_DOCUMENTATION,853,01966921452ab0a6e1cc571f7de491c1ef659ea5925c1d88a4360929ea70bb48
docs/alpha_lab_master_architecture/context_lifecycle_os/07_REPORTING_AND_MEMORY/ACL09_PROPOSAL_CONTRACT.md,OBSIDIAN_DOCUMENTATION,880,f19d3fb36099c5a57aea89eed4b983e3e0a0e28be1a82454419d477b5a4dd519
docs/alpha_lab_master_architecture/context_lifecycle_os/07_REPORTING_AND_MEMORY/ACL09_PROPOSAL_DEDUPLICATION.md,OBSIDIAN_DOCUMENTATION,837,f13bd05fdfdaf3aa0203173487b96b10161d255775a71febf348654718515504
docs/alpha_lab_master_architecture/context_lifecycle_os/07_REPORTING_AND_MEMORY/ACL09_PROVENANCE_GRAPH.md,OBSIDIAN_DOCUMENTATION,837,3c929719006899785ef47c0a71c3d91240469dc1155cb26b139157c4d600c68b
docs/alpha_lab_master_architecture/context_lifecycle_os/07_REPORTING_AND_MEMORY/ACL09_RESEARCH_QUESTION_REGISTRY.md,OBSIDIAN_DOCUMENTATION,882,d2e03cf83e0a272d92d8fc6486a8ef73fc29bd672231b596ea45455d2fc876ea
docs/alpha_lab_master_architecture/context_lifecycle_os/07_REPORTING_AND_MEMORY/ACL09_SECURITY_BOUNDARY.md,OBSIDIAN_DOCUMENTATION,867,55cd953ffaf74988d8dae99f3e1157e3851445865bdaee8b58f5e56548787dc0
docs/alpha_lab_master_architecture/context_lifecycle_os/07_REPORTING_AND_MEMORY/ACTIVE_RESEARCH_PLANNER.md,OBSIDIAN_DOCUMENTATION,709,a16a610e2641c084037d79c0eb29420c126b355edf48cd97eb1e31bc88750c7b
docs/alpha_lab_master_architecture/context_lifecycle_os/07_REPORTING_AND_MEMORY/RESEARCH_MEMORY.md,OBSIDIAN_DOCUMENTATION,891,a64570275cd788f8bdcac7391950b1f93b5ef4d2060a952a0d575e66238847eb
docs/alpha_lab_master_architecture/context_lifecycle_os/09_CONTROL_PLANE/EVENT_LEDGER_AND_IDEMPOTENCY.md,OBSIDIAN_DOCUMENTATION,622,cad7b539ffcacd7446158af078daabe8d0a0bf479f3935946b7685ab9413bd26
docs/alpha_lab_master_architecture/context_lifecycle_os/09_CONTROL_PLANE/PLAN_COMPILER_AND_ALLOWED_NEXT_ACTIONS.md,OBSIDIAN_DOCUMENTATION,697,870542040497284591e5e1c1aedaab8baa5f3e6891615f3137c9e4666f43a795
docs/alpha_lab_master_architecture/context_lifecycle_os/09_CONTROL_PLANE/POLICY_ENGINE_AND_ALLOWED_NEXT_ACTIONS.md,OBSIDIAN_DOCUMENTATION,592,7b13f60ceec8dd2e4f51a968d9c5b31af56b75f7a4d4a72ecc265e458a0acd50
docs/alpha_lab_master_architecture/context_lifecycle_os/09_CONTROL_PLANE/REGISTRIES_AND_CATALOGS.md,OBSIDIAN_DOCUMENTATION,593,875be92e529e1fe69eeaa2d77228faeea578c3e0eeddd12d6765e9a6801f96c1
docs/alpha_lab_master_architecture/context_lifecycle_os/11_IMPLEMENTATION_PROGRAM/ACL_09_MEMORY_AND_ACTIVE_PLANNER.md,OBSIDIAN_DOCUMENTATION,1132,86deb40b22466a949b9e9959ca6f815d9a0be9b5b5c3309aea635addee6420c0
docs/alpha_lab_master_architecture/context_lifecycle_os/11_IMPLEMENTATION_PROGRAM/ACL_10_PROMOTION_STATE_MACHINE.md,OBSIDIAN_DOCUMENTATION,873,39a5b275f7152d0d5c39a115ffb29d5a75b4043713c28d28f014e3f46cc55725
docs/alpha_lab_master_architecture/context_lifecycle_os/12_PHASE_DELIVERIES/ACL_09/00_MOC.md,OBSIDIAN_DOCUMENTATION,1900,6701710276255ec9569b60963d7827026816d46f572122c322097b8fad8c33b3
docs/alpha_lab_master_architecture/context_lifecycle_os/12_PHASE_DELIVERIES/ACL_09/01_INTENT_AND_SCOPE.md,OBSIDIAN_DOCUMENTATION,1082,7e98050ae78b2103d022edf56ad82cfd632bc91c5eb08c06eade908d00fa7367
docs/alpha_lab_master_architecture/context_lifecycle_os/12_PHASE_DELIVERIES/ACL_09/02_AUTHORITATIVE_INPUTS.md,OBSIDIAN_DOCUMENTATION,1094,740c73535d8c23dab64b2ffcb3371ade80fe537d18b955aa9d2a9ebdd7a5a175
docs/alpha_lab_master_architecture/context_lifecycle_os/12_PHASE_DELIVERIES/ACL_09/03_CURRENT_AND_DESIRED_BEHAVIOR.md,OBSIDIAN_DOCUMENTATION,1118,efbd8384bfc0b2c7eb6ac73ea8cd49d6d6bde496180841eb951752240a2dc9eb
docs/alpha_lab_master_architecture/context_lifecycle_os/12_PHASE_DELIVERIES/ACL_09/04_NON_GOALS.md,OBSIDIAN_DOCUMENTATION,1061,ac298bd381bf5eb953f956caa17fd42523b700f94a4195804356ec9c430b0a31
docs/alpha_lab_master_architecture/context_lifecycle_os/12_PHASE_DELIVERIES/ACL_09/05_RESPONSIBILITY_BOUNDARY.md,OBSIDIAN_DOCUMENTATION,1103,47baf1e103a5a5db8f76a5fa302f7ee3fbea65af4726298048b56f81fac9eef0
docs/alpha_lab_master_architecture/context_lifecycle_os/12_PHASE_DELIVERIES/ACL_09/06_ACL08_INPUT_CONTRACT.md,OBSIDIAN_DOCUMENTATION,1094,a4e9b80b775f58f2a270d296916d2966ac26408d301a4659855cd9432501c574
docs/alpha_lab_master_architecture/context_lifecycle_os/12_PHASE_DELIVERIES/ACL_09/07_AUTHORITY_PERMIT.md,OBSIDIAN_DOCUMENTATION,1082,d02e48470d0acf203560fc9e8a154a4d5f44a83c68b9b8cde2f48e38f22eb559
docs/alpha_lab_master_architecture/context_lifecycle_os/12_PHASE_DELIVERIES/ACL_09/08_MEMORY_POLICY_FREEZE.md,OBSIDIAN_DOCUMENTATION,1094,571550e5590c804a75ebb6a0938990c0370ae91bb092aaca2f6e1afdef6bb37f
docs/alpha_lab_master_architecture/context_lifecycle_os/12_PHASE_DELIVERIES/ACL_09/09_PLANNER_POLICY_FREEZE.md,OBSIDIAN_DOCUMENTATION,1097,479706fa64b075d72d871621daf7d7008549e9d3c140b17959c5688b52358406
docs/alpha_lab_master_architecture/context_lifecycle_os/12_PHASE_DELIVERIES/ACL_09/10_RESEARCH_QUESTION_REGISTRY.md,OBSIDIAN_DOCUMENTATION,1112,7a36d9113e6a1a416fa02e21242a8c7eb2a83b9f937f1632fec36a9135f3f0a7
docs/alpha_lab_master_architecture/context_lifecycle_os/12_PHASE_DELIVERIES/ACL_09/11_POISONING_THREAT_MODEL.md,OBSIDIAN_DOCUMENTATION,1100,513e1abe01ae519ac2c8631ea5ad29d2a532ca42b8112d54ca7f62fc13e6e603
docs/alpha_lab_master_architecture/context_lifecycle_os/12_PHASE_DELIVERIES/ACL_09/12_STRUCTURED_INGESTION.md,OBSIDIAN_DOCUMENTATION,1094,22a03826cb2da8ab25d027ee3933b007096b0d5d6e3c2d6eca7ebf9e09d86ab2
docs/alpha_lab_master_architecture/context_lifecycle_os/12_PHASE_DELIVERIES/ACL_09/13_SOURCE_DIGEST_PRESERVATION.md,OBSIDIAN_DOCUMENTATION,1112,9601abd098bfd7dbf82197f4dca4fe3dcf32cf4dd92cc01a6449f8b50e24024a
docs/alpha_lab_master_architecture/context_lifecycle_os/12_PHASE_DELIVERIES/ACL_09/14_EXACT_DUPLICATE_DETECTION.md,OBSIDIAN_DOCUMENTATION,1109,8f188d803588bf98cdf193a6f973a2fbffb7e34967b25371643f5f3485b4dd6b
docs/alpha_lab_master_architecture/context_lifecycle_os/12_PHASE_DELIVERIES/ACL_09/15_DUPLICATE_CLUSTER_IDENTITY.md,OBSIDIAN_DOCUMENTATION,1112,144b5f674d274d8c62d4d8d9f1905ce7693fdd6df93082c710db07faa2497492
docs/alpha_lab_master_architecture/context_lifecycle_os/12_PHASE_DELIVERIES/ACL_09/16_CANONICAL_REPRESENTATIVE_SELECTION.md,OBSIDIAN_DOCUMENTATION,1136,d090e90fd899baca00c48eb710ed2582d23a25552fb60de7682aa424d766430b
docs/alpha_lab_master_architecture/context_lifecycle_os/12_PHASE_DELIVERIES/ACL_09/17_DUPLICATE_ALIAS_CONTRACT.md,OBSIDIAN_DOCUMENTATION,1106,cdf437a49b0a4667edabbba9c994638e002b7885385b8dc6b17debda6a8fef83
docs/alpha_lab_master_architecture/context_lifecycle_os/12_PHASE_DELIVERIES/ACL_09/18_PRIOR_MEMORY_RESOLUTION.md,OBSIDIAN_DOCUMENTATION,1103,9c01a41648a26b77c7a19f9ac3145b9a2e05050377a660ddabf15c0852ec52a4
docs/alpha_lab_master_architecture/context_lifecycle_os/12_PHASE_DELIVERIES/ACL_09/19_NEAR_EQUIVALENCE_METRIC.md,OBSIDIAN_DOCUMENTATION,1103,3ffb4d3ca473c478089e1b8751199755a6202da3a5d307700a00a9f6ec05d7d1
docs/alpha_lab_master_architecture/context_lifecycle_os/12_PHASE_DELIVERIES/ACL_09/20_NEAR_EQUIVALENCE_HUMAN_REVIEW.md,OBSIDIAN_DOCUMENTATION,1121,ec093d7eb94c83a7d69a713f02161bea50e4fe3aaf4ba030daefca94bbd4942e
docs/alpha_lab_master_architecture/context_lifecycle_os/12_PHASE_DELIVERIES/ACL_09/21_DIAGNOSTIC_QUARANTINE.md,OBSIDIAN_DOCUMENTATION,1097,54314f33f088ab1ba4d7093b89b163c17befe043b9f37b744d88b6c296e10d22
docs/alpha_lab_master_architecture/context_lifecycle_os/12_PHASE_DELIVERIES/ACL_09/22_BASELINE_REFERENCE_HANDLING.md,OBSIDIAN_DOCUMENTATION,1115,5b3cdd736e39a0d908493a15f764d83f2d6daf96cea75725dd217eeb6991adfb
docs/alpha_lab_master_architecture/context_lifecycle_os/12_PHASE_DELIVERIES/ACL_09/23_NEGATIVE_KNOWLEDGE_HANDLING.md,OBSIDIAN_DOCUMENTATION,1115,46e31c4048d4ea87e41e3b8c734a58e27acd3be01ea346a292aeda42fda9d4cf
docs/alpha_lab_master_architecture/context_lifecycle_os/12_PHASE_DELIVERIES/ACL_09/24_UNKNOWN_EVIDENCE_HANDLING.md,OBSIDIAN_DOCUMENTATION,1109,ed029707147dc084e248119f6c6106604a4c481863986b020cd91b5becac64c9
docs/alpha_lab_master_architecture/context_lifecycle_os/12_PHASE_DELIVERIES/ACL_09/25_ADMISSION_STATE_MODEL.md,OBSIDIAN_DOCUMENTATION,1097,27e94256f42a3778941cf001531fdf06d73bd544154199354d230f6478ebc5a7
docs/alpha_lab_master_architecture/context_lifecycle_os/12_PHASE_DELIVERIES/ACL_09/26_ADMISSION_REASON_CODES.md,OBSIDIAN_DOCUMENTATION,1100,89a68c2fce76444a1b1d27867511fbe3859ff2ebfbc94cbc4e05baadc0e15fdc
docs/alpha_lab_master_architecture/context_lifecycle_os/12_PHASE_DELIVERIES/ACL_09/27_APPEND_ONLY_MEMORY_INDEX.md,OBSIDIAN_DOCUMENTATION,1106,ce425f5fe04d7a5b83cd2890d7dcc4b2ced202ad6b794d88373a5bec9cf1a097
docs/alpha_lab_master_architecture/context_lifecycle_os/12_PHASE_DELIVERIES/ACL_09/28_MEMORY_ENTRY_IDENTITY.md,OBSIDIAN_DOCUMENTATION,1097,b5db6aff32521e1e4dc36e219a9f46120c9bb2e49e025208bb69cc652102e058
docs/alpha_lab_master_architecture/context_lifecycle_os/12_PHASE_DELIVERIES/ACL_09/29_MEMORY_RETENTION.md,OBSIDIAN_DOCUMENTATION,1082,f607390f5096e27b27f7a3d6ad2cfa2ad725927ae7e7ef88e5fab4f056b9bfa7
docs/alpha_lab_master_architecture/context_lifecycle_os/12_PHASE_DELIVERIES/ACL_09/30_MEMORY_RETIREMENT.md,OBSIDIAN_DOCUMENTATION,1085,f7a6ecdd171914dfe8daa337f8c06fb21b78a9f54985d53ed27bfd614f810491
docs/alpha_lab_master_architecture/context_lifecycle_os/12_PHASE_DELIVERIES/ACL_09/31_PLANNER_SOURCE_ELIGIBILITY.md,OBSIDIAN_DOCUMENTATION,1112,cd7b29a12f961e979a90a3168f772c0643b96ccdc5eaaba99a2ae672297d689c
docs/alpha_lab_master_architecture/context_lifecycle_os/12_PHASE_DELIVERIES/ACL_09/32_QUESTION_CONSOLIDATION.md,OBSIDIAN_DOCUMENTATION,1100,03cf1ab96dc69231bf45a25c171b14f0c4e169ad18d013be1bb72007ff2b7492
docs/alpha_lab_master_architecture/context_lifecycle_os/12_PHASE_DELIVERIES/ACL_09/33_EXPECTED_INFORMATION_VALUE.md,OBSIDIAN_DOCUMENTATION,1112,70a9775e5ca3c9bdb7d309038e4aafe463af7e638973827d8646e1dbded38d15
docs/alpha_lab_master_architecture/context_lifecycle_os/12_PHASE_DELIVERIES/ACL_09/34_PRIORITY_SCORE.md,OBSIDIAN_DOCUMENTATION,1076,46b1ca10dc870409af5f1e560e7163b186c2006875b8e89c2a802f6658e7df02
docs/alpha_lab_master_architecture/context_lifecycle_os/12_PHASE_DELIVERIES/ACL_09/35_PLANNER_BUDGET.md,OBSIDIAN_DOCUMENTATION,1076,7b593ee39be35a634bad90782cf8a6cc8fc4f8544f0bdacacf15de283726c265
docs/alpha_lab_master_architecture/context_lifecycle_os/12_PHASE_DELIVERIES/ACL_09/36_PROPOSAL_COUNT_CAP.md,OBSIDIAN_DOCUMENTATION,1088,4daca9b2990e02063a38556f1ab763578aba282e8a3bb124bebf6e39b1e75c4c
docs/alpha_lab_master_architecture/context_lifecycle_os/12_PHASE_DELIVERIES/ACL_09/37_COST_CAP.md,OBSIDIAN_DOCUMENTATION,1058,dddafa5c722916e44c497199603c8e58a6e201001c8a7b29ab287ce151f0f1a8
docs/alpha_lab_master_architecture/context_lifecycle_os/12_PHASE_DELIVERIES/ACL_09/38_PROPOSAL_STATE_MODEL.md,OBSIDIAN_DOCUMENTATION,1094,3028ac438109d83b13014bd438bdb79587ce4bfa7518926bdfb3f0a7ccd95384
docs/alpha_lab_master_architecture/context_lifecycle_os/12_PHASE_DELIVERIES/ACL_09/39_PROPOSAL_FINGERPRINT.md,OBSIDIAN_DOCUMENTATION,1094,a2a50c7a4dbddb3f7f41d47bb0442d9533c96ff866fdb0bbf024933e2e217907
docs/alpha_lab_master_architecture/context_lifecycle_os/12_PHASE_DELIVERIES/ACL_09/40_PRIOR_PROPOSAL_SUPPRESSION.md,OBSIDIAN_DOCUMENTATION,1112,4e06877373cbf1dad293b8242814a4ae88a34529afc0944ed5612669db1ff835
docs/alpha_lab_master_architecture/context_lifecycle_os/12_PHASE_DELIVERIES/ACL_09/41_HUMAN_APPROVAL_BOUNDARY.md,OBSIDIAN_DOCUMENTATION,1103,77cd1c0a21401c11ab7be872b9b5d5e62c296a438e19a43e92c0029167125b03
docs/alpha_lab_master_architecture/context_lifecycle_os/12_PHASE_DELIVERIES/ACL_09/42_NEW_FROZEN_BATCH_REQUIREMENT.md,OBSIDIAN_DOCUMENTATION,1118,e70d2ffd5210addacf4387cf2c35d8ac2e4120a84d49ab544f3db0257f4748f5
docs/alpha_lab_master_architecture/context_lifecycle_os/12_PHASE_DELIVERIES/ACL_09/43_EVENT_MODEL.md,OBSIDIAN_DOCUMENTATION,1067,6d8b52c2425a9cee76cd28bb85a99ee962092f71418b8bacaf0d57d487728428
docs/alpha_lab_master_architecture/context_lifecycle_os/12_PHASE_DELIVERIES/ACL_09/44_PROVENANCE_MODEL.md,OBSIDIAN_DOCUMENTATION,1082,aa812c4d2ea1e92b7e8ccb8322f74a83f8099e2418ebbf79c3f80028a9f52123
docs/alpha_lab_master_architecture/context_lifecycle_os/12_PHASE_DELIVERIES/ACL_09/45_ATOMIC_PUBLICATION.md,OBSIDIAN_DOCUMENTATION,1088,64b6696f4e719f710d0dd02ea12f34abb463f96b2b2f494b77aafec70ddb9bfb
docs/alpha_lab_master_architecture/context_lifecycle_os/12_PHASE_DELIVERIES/ACL_09/46_SECURITY_BOUNDARY.md,OBSIDIAN_DOCUMENTATION,1085,4dde4f188fad2e1d4e6231453664ec5c8208363f641d75d425ea96d2d473c7db
docs/alpha_lab_master_architecture/context_lifecycle_os/12_PHASE_DELIVERIES/ACL_09/47_FAILURE_TAXONOMY.md,OBSIDIAN_DOCUMENTATION,1082,d0d98ebf217ffb03e1f723c17f61a0f4e2619ece8a691776bf5d2cf1f4a30d27
docs/alpha_lab_master_architecture/context_lifecycle_os/12_PHASE_DELIVERIES/ACL_09/48_HOSTILE_REVIEW.md,OBSIDIAN_DOCUMENTATION,1076,1188fa689f24794cdb5fc34232518d9ffb8128d81d74d53271dd5c9e4f667c99
docs/alpha_lab_master_architecture/context_lifecycle_os/12_PHASE_DELIVERIES/ACL_09/49_TEST_MATRIX.md,OBSIDIAN_DOCUMENTATION,1067,5935cf621fd91fd6b0af2f4b8626576876924f5884e5afcaf18b092b619c7d87
docs/alpha_lab_master_architecture/context_lifecycle_os/12_PHASE_DELIVERIES/ACL_09/50_MIGRATION_STRATEGY.md,OBSIDIAN_DOCUMENTATION,1088,e0ddfc0625b8ac1a2cda236e5700dfd5007509a8067cdf4f87b61c07e164ec2e
docs/alpha_lab_master_architecture/context_lifecycle_os/12_PHASE_DELIVERIES/ACL_09/51_ROLLBACK_STRATEGY.md,OBSIDIAN_DOCUMENTATION,1085,2f8bc4e50ad26e49ddb82846840b82b80ce07b5f27c1a4013f0b3e5564339891
docs/alpha_lab_master_architecture/context_lifecycle_os/12_PHASE_DELIVERIES/ACL_09/52_OPERATIONS_RUNBOOK.md,OBSIDIAN_DOCUMENTATION,1088,88e0db7b456907fa10e32fcb07ae26c4e1978e36a3aafa8f59a629be227c315c
docs/alpha_lab_master_architecture/context_lifecycle_os/12_PHASE_DELIVERIES/ACL_09/53_OBSERVABILITY.md,OBSIDIAN_DOCUMENTATION,1073,ca036996854f40ca87a824d1606c4f06b95d52136fc67f9ec279e9e3b13e9702
docs/alpha_lab_master_architecture/context_lifecycle_os/12_PHASE_DELIVERIES/ACL_09/54_RESIDUAL_RISKS.md,OBSIDIAN_DOCUMENTATION,1076,6eac5ec05d067e552918dcfc45dfe2810fce8f91bfc122c76db2e31fd0da08e1
docs/alpha_lab_master_architecture/context_lifecycle_os/12_PHASE_DELIVERIES/ACL_09/55_DEFINITION_OF_DONE.md,OBSIDIAN_DOCUMENTATION,1088,7bb7a4ce4d53fe98ff9bcc2cb13e485efc6d92fdf1675185e31bdcf256021594
docs/alpha_lab_master_architecture/context_lifecycle_os/12_PHASE_DELIVERIES/ACL_09/56_ACL10_HANDOFF.md,OBSIDIAN_DOCUMENTATION,1073,232425f9af02436aa788dcf1212997495a2d240624b91ff908de2afbc2e9044e
docs/alpha_lab_master_architecture/context_lifecycle_os/12_PHASE_DELIVERIES/ACL_09/57_COMMIT_AND_DELIVERY_CONTRACT.md,OBSIDIAN_DOCUMENTATION,1118,d91d08c7aa88ae8590fa60884b6342a8bba358e625950fa2f1adc3d224f7562e
docs/alpha_lab_master_architecture/context_lifecycle_os/13_ATOMIC_CONCEPTS/ACL_09/000_MOC.md,OBSIDIAN_DOCUMENTATION,3919,0a8b5914cc5b1f319b338e94de9349c5151d551256d4c740dbecb1f330e19daf
docs/alpha_lab_master_architecture/context_lifecycle_os/13_ATOMIC_CONCEPTS/ACL_09/001_ACL09_PHASE_IDENTITY.md,OBSIDIAN_DOCUMENTATION,766,af7ce64c8a33564d00a28cba219d7b2c0166e656fa7bae82b921fec9128c9eb6
docs/alpha_lab_master_architecture/context_lifecycle_os/13_ATOMIC_CONCEPTS/ACL_09/002_MEMORY_RUN_ID.md,OBSIDIAN_DOCUMENTATION,745,01b9e88aa5d2e897b46b532cec2a5d99547972467eaa64bf26d52a0831be75b6
docs/alpha_lab_master_architecture/context_lifecycle_os/13_ATOMIC_CONCEPTS/ACL_09/003_ACL08_HANDOFF_BINDING.md,OBSIDIAN_DOCUMENTATION,769,04bf96e23a80424ee6b24b2e7654af41ebac53d6ec178a2893863026aaaaf0ac
docs/alpha_lab_master_architecture/context_lifecycle_os/13_ATOMIC_CONCEPTS/ACL_09/004_ACL08_REPORT_ID.md,OBSIDIAN_DOCUMENTATION,751,0eee9a9fef70030d90edf5e83288bf470115810b533e8759a4d2ad88c6310b43
docs/alpha_lab_master_architecture/context_lifecycle_os/13_ATOMIC_CONCEPTS/ACL_09/005_ACL08_EXPERIENCE_ID.md,OBSIDIAN_DOCUMENTATION,763,5a8354f3fdbb8bccba1d09648cb6f1c87e1dd06a2a270e60fe9c1d3074720dee
docs/alpha_lab_master_architecture/context_lifecycle_os/13_ATOMIC_CONCEPTS/ACL_09/006_SOURCE_DECISION_DIGEST.md,OBSIDIAN_DOCUMENTATION,772,97a0693b2735751b856cc6ee86f84fcc9056f3ada0fe43af08703ac74528a4f1
docs/alpha_lab_master_architecture/context_lifecycle_os/13_ATOMIC_CONCEPTS/ACL_09/007_SOURCE_CANDIDATE_REPORT_DIGEST.md,OBSIDIAN_DOCUMENTATION,796,71e1bde37b76a81aba8db40ae57247589292ecf2c3931e8f093e5f41bf7256d5
docs/alpha_lab_master_architecture/context_lifecycle_os/13_ATOMIC_CONCEPTS/ACL_09/008_MEMORY_POLICY_ID.md,OBSIDIAN_DOCUMENTATION,754,a5d857e28cb0a01ba12dff2914970306de40cf57b20efced6d812526f44eb929
docs/alpha_lab_master_architecture/context_lifecycle_os/13_ATOMIC_CONCEPTS/ACL_09/009_PLANNER_POLICY_ID.md,OBSIDIAN_DOCUMENTATION,757,9fb2b931c0e300b378ee730649aff311f4d9555992bfb78272ce847f71c09694
docs/alpha_lab_master_architecture/context_lifecycle_os/13_ATOMIC_CONCEPTS/ACL_09/010_AUTHORITY_ACTION.md,OBSIDIAN_DOCUMENTATION,754,3e787e799f3d2d438aa31fc179742b4d26d07bb62bb1d04b459d10613b97b249
docs/alpha_lab_master_architecture/context_lifecycle_os/13_ATOMIC_CONCEPTS/ACL_09/011_AUTHORITY_PERMIT_DIGEST.md,OBSIDIAN_DOCUMENTATION,775,c9a67904dda174986feeb58f32afb341fb1f2df03362e445a50b11c72ea9c6c1
docs/alpha_lab_master_architecture/context_lifecycle_os/13_ATOMIC_CONCEPTS/ACL_09/012_APPEND_ONLY_MEMORY.md,OBSIDIAN_DOCUMENTATION,760,505cac0198f74cfedb104705b2f579921c150307ca31373790e4044110175481
docs/alpha_lab_master_architecture/context_lifecycle_os/13_ATOMIC_CONCEPTS/ACL_09/013_MEMORY_SNAPSHOT.md,OBSIDIAN_DOCUMENTATION,751,941ec28935fa15163778b1ee3f78b3e0022d1f8441898cd62b54d52352000cca
docs/alpha_lab_master_architecture/context_lifecycle_os/13_ATOMIC_CONCEPTS/ACL_09/014_PARENT_MEMORY_INDEX_DIGEST.md,OBSIDIAN_DOCUMENTATION,784,7b1f096f87f5b6b5dee0d30c21f30b8596b1bbb4786424c02ff38cfe97dade35
docs/alpha_lab_master_architecture/context_lifecycle_os/13_ATOMIC_CONCEPTS/ACL_09/015_MEMORY_ENTRY_ID.md,OBSIDIAN_DOCUMENTATION,751,bbb58d9d33137adf2b6e32a04f71b4ffde568a613eebcc469a70eb8be1119469
docs/alpha_lab_master_architecture/context_lifecycle_os/13_ATOMIC_CONCEPTS/ACL_09/016_MEMORY_ENTRY_DIGEST.md,OBSIDIAN_DOCUMENTATION,763,04f502ecdba2016160bba31dfa995e2c32abf1a6daf2699dd7d7f58482996094
docs/alpha_lab_master_architecture/context_lifecycle_os/13_ATOMIC_CONCEPTS/ACL_09/017_ADMISSION_DECISION_ID.md,OBSIDIAN_DOCUMENTATION,769,8c577ff686fc1228aeffe003440658da67037790085d72fa4639da4fd7f5d288
docs/alpha_lab_master_architecture/context_lifecycle_os/13_ATOMIC_CONCEPTS/ACL_09/018_ADMISSION_DECISION_DIGEST.md,OBSIDIAN_DOCUMENTATION,781,3d53733525088f1f645e26722f3543c76a25ef1424a347a31411d67e2c897d5d
docs/alpha_lab_master_architecture/context_lifecycle_os/13_ATOMIC_CONCEPTS/ACL_09/019_ADMISSION_STATUS_ADMITTED_NEW.md,OBSIDIAN_DOCUMENTATION,793,41d561f3ec26bd8d5658a70853a2549b8938660a2c8f253ba51025b7acfec8db
docs/alpha_lab_master_architecture/context_lifecycle_os/13_ATOMIC_CONCEPTS/ACL_09/020_ADMISSION_STATUS_LINKED_BATCH_DUPLICATE.md,OBSIDIAN_DOCUMENTATION,823,f584ac243e2873fd51aed76f51ea4d20bd2aafd1dafd8291beabe020640df9d0
docs/alpha_lab_master_architecture/context_lifecycle_os/13_ATOMIC_CONCEPTS/ACL_09/021_ADMISSION_STATUS_LINKED_PRIOR_DUPLICATE.md,OBSIDIAN_DOCUMENTATION,823,17c0489886efa37f47af46479d2f33f1d59286c6938ad09c27bd0a069c538d28
docs/alpha_lab_master_architecture/context_lifecycle_os/13_ATOMIC_CONCEPTS/ACL_09/022_ADMISSION_STATUS_QUARANTINED_DIAGNOSTIC.md,OBSIDIAN_DOCUMENTATION,823,af73de3b6873de30ce4087fa8b0f94a5a992862cdf0c286f2d2212359b7997fc
docs/alpha_lab_master_architecture/context_lifecycle_os/13_ATOMIC_CONCEPTS/ACL_09/023_ADMISSION_STATUS_REJECTED_POLICY.md,OBSIDIAN_DOCUMENTATION,802,1c2dce0130ebb1b9e2fbe2e3dad7c0908f74aecae605d5df00026e55b952b344
docs/alpha_lab_master_architecture/context_lifecycle_os/13_ATOMIC_CONCEPTS/ACL_09/024_EXACT_DUPLICATE_FINGERPRINT.md,OBSIDIAN_DOCUMENTATION,787,f6db953850e6f93cd87baf7414bdab5271898eb2bc793fca94465eaa85d6d4c5
docs/alpha_lab_master_architecture/context_lifecycle_os/13_ATOMIC_CONCEPTS/ACL_09/025_DUPLICATE_CLUSTER_ID.md,OBSIDIAN_DOCUMENTATION,766,ed5676977bb8206b26b7e35ada2b0234845a640437c76f0d9debb13d7452f148
docs/alpha_lab_master_architecture/context_lifecycle_os/13_ATOMIC_CONCEPTS/ACL_09/026_CANONICAL_EXPERIENCE_REPRESENTATIVE.md,OBSIDIAN_DOCUMENTATION,811,862b051c5ccf78c63c3d7197b98a40158900dcbe51799f3196b59430adb453f2
docs/alpha_lab_master_architecture/context_lifecycle_os/13_ATOMIC_CONCEPTS/ACL_09/027_DUPLICATE_ALIAS_ID.md,OBSIDIAN_DOCUMENTATION,760,416f9ca8c39e4f387cae20b4f663ea037b7c4367688a6ea65ae08c38c6fd290d
docs/alpha_lab_master_architecture/context_lifecycle_os/13_ATOMIC_CONCEPTS/ACL_09/028_DUPLICATE_SCOPE_CURRENT_BATCH.md,OBSIDIAN_DOCUMENTATION,793,bcd328cdd4fa0b31fa0f4f2bc63ea3b8660410c05bc78b3da258dba5373e93c2
docs/alpha_lab_master_architecture/context_lifecycle_os/13_ATOMIC_CONCEPTS/ACL_09/029_DUPLICATE_SCOPE_PRIOR_MEMORY.md,OBSIDIAN_DOCUMENTATION,790,159b2f55048e00b884063993887ff9823a0214109c04d102e6b4812e546260b8
docs/alpha_lab_master_architecture/context_lifecycle_os/13_ATOMIC_CONCEPTS/ACL_09/030_NEAR_EQUIVALENCE_PAIR.md,OBSIDIAN_DOCUMENTATION,769,65edec15f96d5bd077521c2ff8ef0eb728653f127b0eb3fe047730cb850a3dad
docs/alpha_lab_master_architecture/context_lifecycle_os/13_ATOMIC_CONCEPTS/ACL_09/031_NEAR_EQUIVALENCE_SCORE.md,OBSIDIAN_DOCUMENTATION,772,513868ffd484c1feeeb7ca7e34e96fdd8021296bcd08dff05d32476afd3b89e0
docs/alpha_lab_master_architecture/context_lifecycle_os/13_ATOMIC_CONCEPTS/ACL_09/032_JACCARD_SIMILARITY.md,OBSIDIAN_DOCUMENTATION,760,5e1b1bc0acc56246357704c92b5a24bf5ef3e0afb03097308491e92a891dadc2
docs/alpha_lab_master_architecture/context_lifecycle_os/13_ATOMIC_CONCEPTS/ACL_09/033_NEAR_DUPLICATE_THRESHOLD.md,OBSIDIAN_DOCUMENTATION,778,0a81e75a3490df6de6daad08d841726de5a95dba27415100907ae6dda40edccf
docs/alpha_lab_master_architecture/context_lifecycle_os/13_ATOMIC_CONCEPTS/ACL_09/034_AUTO_MERGE_DENIAL.md,OBSIDIAN_DOCUMENTATION,757,db26a41e11987aa8f9cbb81136ce41842d6cad6cce40916820cd2e8fce35b8f6
docs/alpha_lab_master_architecture/context_lifecycle_os/13_ATOMIC_CONCEPTS/ACL_09/035_HUMAN_REVIEW_REQUIREMENT.md,OBSIDIAN_DOCUMENTATION,778,03611785c8164fe28b6cc7ecf09f175296172df621555f8b83042f4fa4e670e3
docs/alpha_lab_master_architecture/context_lifecycle_os/13_ATOMIC_CONCEPTS/ACL_09/036_DIAGNOSTIC_QUARANTINE_ID.md,OBSIDIAN_DOCUMENTATION,778,7482f8db72c5242a27b0b3465b395006ee6d27c8e8e2da8f4148cadfdce880c3
docs/alpha_lab_master_architecture/context_lifecycle_os/13_ATOMIC_CONCEPTS/ACL_09/037_DIAGNOSTIC_NON_SELECTABILITY.md,OBSIDIAN_DOCUMENTATION,790,d92ba68759d1d06fef4637357ca696fb16d45f8b527e9e4907b4e3f8d8eb1b53
docs/alpha_lab_master_architecture/context_lifecycle_os/13_ATOMIC_CONCEPTS/ACL_09/038_BASELINE_REFERENCE_MEMORY.md,OBSIDIAN_DOCUMENTATION,781,be92379a2450aefbdbdbcfce990423bfc8f24485153f7490488484a723d24ccd
docs/alpha_lab_master_architecture/context_lifecycle_os/13_ATOMIC_CONCEPTS/ACL_09/039_NEGATIVE_KNOWLEDGE_MEMORY.md,OBSIDIAN_DOCUMENTATION,781,7d8aba88ab9223179a41a8d7306e49a2000d7a55c3ec40167243b853f1551ff0
docs/alpha_lab_master_architecture/context_lifecycle_os/13_ATOMIC_CONCEPTS/ACL_09/040_UNKNOWN_KNOWLEDGE_MEMORY.md,OBSIDIAN_DOCUMENTATION,778,d27ac04218be616666c22912d9dfdc548d3e984c890f75dff6596339bd67543f
docs/alpha_lab_master_architecture/context_lifecycle_os/13_ATOMIC_CONCEPTS/ACL_09/041_UNKNOWN_IS_NOT_PASS.md,OBSIDIAN_DOCUMENTATION,763,4dce5f1d4dbf7956fa065872b75d3cc867c609ea13846716ead12f6c45da6b41
docs/alpha_lab_master_architecture/context_lifecycle_os/13_ATOMIC_CONCEPTS/ACL_09/042_UNKNOWN_IS_NOT_NEGATIVE.md,OBSIDIAN_DOCUMENTATION,775,89516a0c2ed61e33dc6ab715b483ac3ec927d0fad04e9ff6aeeed362764c00dc
docs/alpha_lab_master_architecture/context_lifecycle_os/13_ATOMIC_CONCEPTS/ACL_09/043_MEMORY_POISONING_GUARD.md,OBSIDIAN_DOCUMENTATION,772,3e7911838b8990dd3e1cc0276c8905bb463cb705cb88b7715a7249141352741c
docs/alpha_lab_master_architecture/context_lifecycle_os/13_ATOMIC_CONCEPTS/ACL_09/044_FORBIDDEN_TRUE_AUTHORITY_FIELD.md,OBSIDIAN_DOCUMENTATION,796,fd42898c0dfdd418ea8ef383b0f9f8e04f5443fdc3054eac52ee511ee1bea29a
docs/alpha_lab_master_architecture/context_lifecycle_os/13_ATOMIC_CONCEPTS/ACL_09/045_FORBIDDEN_CONTROL_TOKEN.md,OBSIDIAN_DOCUMENTATION,775,cd27b42e3c047ce1f8bccddcb9e9abc9d5e137c236900b5f7fe58195e63717e6
docs/alpha_lab_master_architecture/context_lifecycle_os/13_ATOMIC_CONCEPTS/ACL_09/046_STRUCTURED_FIELDS_ONLY.md,OBSIDIAN_DOCUMENTATION,772,64e13347aa5656c6d88a70aef9aa3673bbe7e7f27499ec6b848015943fc0be6f
docs/alpha_lab_master_architecture/context_lifecycle_os/13_ATOMIC_CONCEPTS/ACL_09/047_SECURITY_CLASSIFICATION_INTERNAL_RESEARCH.md,OBSIDIAN_DOCUMENTATION,829,db66a47d04f1b55bde616dddaae61e5697a87b70c54f97a64f55bca1f42c1ce2
docs/alpha_lab_master_architecture/context_lifecycle_os/13_ATOMIC_CONCEPTS/ACL_09/048_RETENTION_GOVERNED_RETIREMENT.md,OBSIDIAN_DOCUMENTATION,793,08fa2ce630f22117c0c5e59ae3fba401162e0c097d3c8c7a282d6028b26ce384
docs/alpha_lab_master_architecture/context_lifecycle_os/13_ATOMIC_CONCEPTS/ACL_09/049_HISTORY_REWRITE_DENIAL.md,OBSIDIAN_DOCUMENTATION,772,031ac2f54599c3dbeca241de2ed707b30f5be66549cbea8c4412c0d45165adf0
docs/alpha_lab_master_architecture/context_lifecycle_os/13_ATOMIC_CONCEPTS/ACL_09/050_SOURCE_SEMANTICS_MUTATION_DENIAL.md,OBSIDIAN_DOCUMENTATION,802,6cffa2a133f88dafb540adda46540a11035457ca0675c98509bad7097f0de736
docs/alpha_lab_master_architecture/context_lifecycle_os/13_ATOMIC_CONCEPTS/ACL_09/051_RESEARCH_QUESTION_REGISTRY.md,OBSIDIAN_DOCUMENTATION,784,6a9884f47235f5f8eb6131a45af16357c9e45dda3de2c83891b9494fcaec2d29
docs/alpha_lab_master_architecture/context_lifecycle_os/13_ATOMIC_CONCEPTS/ACL_09/052_QUESTION_ID.md,OBSIDIAN_DOCUMENTATION,739,c38d2dcb37bfcce1909b7392f2560787fbb7d543321515fd9076cad00017996e
docs/alpha_lab_master_architecture/context_lifecycle_os/13_ATOMIC_CONCEPTS/ACL_09/053_TARGET_GATE.md,OBSIDIAN_DOCUMENTATION,739,91d4de47b3699abd373987e0387df9c989efb3821f985998c845a27e993bf727
docs/alpha_lab_master_architecture/context_lifecycle_os/13_ATOMIC_CONCEPTS/ACL_09/054_ESTIMATED_COST_UNITS.md,OBSIDIAN_DOCUMENTATION,766,32dd8dab306f47d0b9d8e9803174736810729ab1c70484b5c7dc490ccd5ddda0
docs/alpha_lab_master_architecture/context_lifecycle_os/13_ATOMIC_CONCEPTS/ACL_09/055_INFORMATION_GAIN_UNITS.md,OBSIDIAN_DOCUMENTATION,772,e3c25d85497fa73679f5dfa9ce193bbb0168c222a06cdc163f8661b31e0e006d
docs/alpha_lab_master_architecture/context_lifecycle_os/13_ATOMIC_CONCEPTS/ACL_09/056_RISK_REDUCTION_UNITS.md,OBSIDIAN_DOCUMENTATION,766,ca0fb6e87dca886e718eb1eca1be089b3ae1c8eada44c4910fd4077896ab66fe
docs/alpha_lab_master_architecture/context_lifecycle_os/13_ATOMIC_CONCEPTS/ACL_09/057_DECISION_RELEVANCE_UNITS.md,OBSIDIAN_DOCUMENTATION,778,6c9277b3da5908fb9c62618872722c1a610f37f0f11bd5359a1196a82dab8353
docs/alpha_lab_master_architecture/context_lifecycle_os/13_ATOMIC_CONCEPTS/ACL_09/058_PRIORITY_SCORE.md,OBSIDIAN_DOCUMENTATION,748,80a3e740829f8de247219ac4dbfe6ac8ee7854811cd7358ee640ce6b06fcc783
docs/alpha_lab_master_architecture/context_lifecycle_os/13_ATOMIC_CONCEPTS/ACL_09/059_PROPOSAL_FINGERPRINT.md,OBSIDIAN_DOCUMENTATION,766,dcd2ec0206be699c907524b1facc355fd3f71afff0bcdb161f082645659c9e58
docs/alpha_lab_master_architecture/context_lifecycle_os/13_ATOMIC_CONCEPTS/ACL_09/060_PROPOSAL_ID.md,OBSIDIAN_DOCUMENTATION,739,e004f9102080b1aff55b1dae0e45f541085590a8615b499a182fec527115fc65
docs/alpha_lab_master_architecture/context_lifecycle_os/13_ATOMIC_CONCEPTS/ACL_09/061_PROPOSAL_DIGEST.md,OBSIDIAN_DOCUMENTATION,751,fce053aa54a38775db89f04a9fe36cc92a8121b3bb7e904d4df6476383d7afe1
docs/alpha_lab_master_architecture/context_lifecycle_os/13_ATOMIC_CONCEPTS/ACL_09/062_SELECTED_PROPOSAL_NOT_AUTHORIZED.md,OBSIDIAN_DOCUMENTATION,802,68d6967f13fafe08a7bbb8d6c3b81317b9b4bde7983ce0bbcb4c5aeba62af84f
docs/alpha_lab_master_architecture/context_lifecycle_os/13_ATOMIC_CONCEPTS/ACL_09/063_DEFERRED_BUDGET.md,OBSIDIAN_DOCUMENTATION,751,a49e1f6cd4a9b152879ccbbdb2cd5ad346b7cce6cf6deb7f077be1b5c399918d
docs/alpha_lab_master_architecture/context_lifecycle_os/13_ATOMIC_CONCEPTS/ACL_09/064_SUPPRESSED_DUPLICATE_PROPOSAL.md,OBSIDIAN_DOCUMENTATION,793,5b2aab46f40cefe3dbba54e4bacd42ac9d7a7a79bb294a545f9b2f31a6ce087a
docs/alpha_lab_master_architecture/context_lifecycle_os/13_ATOMIC_CONCEPTS/ACL_09/065_REJECTED_PROPOSAL_POLICY.md,OBSIDIAN_DOCUMENTATION,778,1ecd7551c3269f301badc2011e567fde80565d1bd1c0aabfdd36845db7c415e4
docs/alpha_lab_master_architecture/context_lifecycle_os/13_ATOMIC_CONCEPTS/ACL_09/066_PROPOSAL_COUNT_CAP.md,OBSIDIAN_DOCUMENTATION,760,44410de55f0ad25ebe3c601680084339a5c06870cfb0549624588f5ae3973acd
docs/alpha_lab_master_architecture/context_lifecycle_os/13_ATOMIC_CONCEPTS/ACL_09/067_TOTAL_COST_CAP.md,OBSIDIAN_DOCUMENTATION,748,8d8bb72fffefad95cb3915391720b02bd6010cff1475be38fd1fffbfb0729bf5
docs/alpha_lab_master_architecture/context_lifecycle_os/13_ATOMIC_CONCEPTS/ACL_09/068_BUDGET_EXPANSION_DENIAL.md,OBSIDIAN_DOCUMENTATION,775,2cd6a22a4d932fd1095d30b136720e2eae5e93f24d782c03ab85aa466c0b1cb8
docs/alpha_lab_master_architecture/context_lifecycle_os/13_ATOMIC_CONCEPTS/ACL_09/069_PLANNER_SOURCE_ELIGIBILITY.md,OBSIDIAN_DOCUMENTATION,784,3546fc42aae5fe582b926364a2e5ad6d6250e0b48848f11db3c78d20a120f848
docs/alpha_lab_master_architecture/context_lifecycle_os/13_ATOMIC_CONCEPTS/ACL_09/070_BASELINE_PLANNER_DENIAL.md,OBSIDIAN_DOCUMENTATION,775,11327f3d54a77fe5ad8b8627095911353a9b457386e988369c94e8a6b77fe15e
docs/alpha_lab_master_architecture/context_lifecycle_os/13_ATOMIC_CONCEPTS/ACL_09/071_DIAGNOSTIC_PLANNER_DENIAL.md,OBSIDIAN_DOCUMENTATION,781,4b76b90f5e2844a4b3912299b11f620f90885258149090c37ba2d685e6a69d5d
docs/alpha_lab_master_architecture/context_lifecycle_os/13_ATOMIC_CONCEPTS/ACL_09/072_QUESTION_CONSOLIDATION.md,OBSIDIAN_DOCUMENTATION,772,024e08447495e8ae0b4469dae8b77036cde83c3be0af759d473ec086917f5c2a
docs/alpha_lab_master_architecture/context_lifecycle_os/13_ATOMIC_CONCEPTS/ACL_09/073_PRIOR_PROPOSAL_FINGERPRINT.md,OBSIDIAN_DOCUMENTATION,784,e5562003fd6c338801cde30f99eba0ece2466232df720cb49cca99c743ec52fb
docs/alpha_lab_master_architecture/context_lifecycle_os/13_ATOMIC_CONCEPTS/ACL_09/074_RESEARCH_DUPLICATE_SUPPRESSION.md,OBSIDIAN_DOCUMENTATION,796,f460fa5630c774c61cb2259452829a25b12dfd3b7d008df74cb0f6a4a811bdd9
docs/alpha_lab_master_architecture/context_lifecycle_os/13_ATOMIC_CONCEPTS/ACL_09/075_HUMAN_APPROVAL_REQUIRED.md,OBSIDIAN_DOCUMENTATION,775,e7ba8b48c87e6e6c42e5e57784a1981e5a07652948f5d944f4aa26ef6c07a0fa
docs/alpha_lab_master_architecture/context_lifecycle_os/13_ATOMIC_CONCEPTS/ACL_09/076_NEW_FROZEN_BATCH_REQUIRED.md,OBSIDIAN_DOCUMENTATION,781,d6c83dca9ab3937fff412788ee8c7331228e5ee4e1fcd754ef2b5ca048034f6d
docs/alpha_lab_master_architecture/context_lifecycle_os/13_ATOMIC_CONCEPTS/ACL_09/077_AUTOMATIC_SCHEDULING_DENIAL.md,OBSIDIAN_DOCUMENTATION,787,fc2e2fe89a49292a606b7c3e98f290221b45918a7e7cf4f892aba424279f6b28
docs/alpha_lab_master_architecture/context_lifecycle_os/13_ATOMIC_CONCEPTS/ACL_09/078_RESEARCH_EXECUTION_DENIAL.md,OBSIDIAN_DOCUMENTATION,781,ef8ad4e4e939ae44ca659568a3365cd047438b84945f1e1f3b48dac689e4ab41
docs/alpha_lab_master_architecture/context_lifecycle_os/13_ATOMIC_CONCEPTS/ACL_09/079_PROMOTION_DENIAL.md,OBSIDIAN_DOCUMENTATION,754,e57b82b89e08d6463908a414102020f8872943262d52ff77e66ae62d433f99da
docs/alpha_lab_master_architecture/context_lifecycle_os/13_ATOMIC_CONCEPTS/ACL_09/080_ORDER_SUBMISSION_DENIAL.md,OBSIDIAN_DOCUMENTATION,775,bdbf7119a752b823e871cd423fe4915cf3695d81b45840d9c21c8626e1057393
docs/alpha_lab_master_architecture/context_lifecycle_os/13_ATOMIC_CONCEPTS/ACL_09/081_CAPITAL_ACTIVATION_DENIAL.md,OBSIDIAN_DOCUMENTATION,781,be0cf99bd383be7cdd72515d1afd2cb84fb7c81f084de52ebb4eb40710a79e42
docs/alpha_lab_master_architecture/context_lifecycle_os/13_ATOMIC_CONCEPTS/ACL_09/082_DOCTRINE_AMENDMENT_DENIAL.md,OBSIDIAN_DOCUMENTATION,781,afee9519220046f20893ce527950d70c46dcb196e47d4032d8eaa0ee7ac42ff8
docs/alpha_lab_master_architecture/context_lifecycle_os/13_ATOMIC_CONCEPTS/ACL_09/083_MEMORY_EVENT_ID.md,OBSIDIAN_DOCUMENTATION,751,3d6b08b422da9df8f5c1c874819bd9bd6c2ce901f4605cf9b6f0c07c62072870
docs/alpha_lab_master_architecture/context_lifecycle_os/13_ATOMIC_CONCEPTS/ACL_09/084_MEMORY_EVENT_DIGEST.md,OBSIDIAN_DOCUMENTATION,763,1bd4c2be6b97bf889345c48846c01a6c5586d0a615b65114794a5d1737ad596b
docs/alpha_lab_master_architecture/context_lifecycle_os/13_ATOMIC_CONCEPTS/ACL_09/085_PREVIOUS_EVENT_DIGEST.md,OBSIDIAN_DOCUMENTATION,769,acd1871faac965cb80e3093377170934f885ab5b0a5985ee367e94359df22ac6
docs/alpha_lab_master_architecture/context_lifecycle_os/13_ATOMIC_CONCEPTS/ACL_09/086_MEMORY_EVENT_LEDGER.md,OBSIDIAN_DOCUMENTATION,763,c761344d6c2edbe1ddaaff25903e34cdd6fd562754c7f3a486a831ec276f912a
docs/alpha_lab_master_architecture/context_lifecycle_os/13_ATOMIC_CONCEPTS/ACL_09/087_TERMINAL_EVENT_DIGEST.md,OBSIDIAN_DOCUMENTATION,769,83e3726162c9501359c5e8ee59a6239e240f378fda29db4609d3ed052c38a396
docs/alpha_lab_master_architecture/context_lifecycle_os/13_ATOMIC_CONCEPTS/ACL_09/088_MEMORY_PROVENANCE_NODE.md,OBSIDIAN_DOCUMENTATION,772,e008ae39fe7b6b296e1613930981f942b70fca251b037ad82476c96c82ce3c14
docs/alpha_lab_master_architecture/context_lifecycle_os/13_ATOMIC_CONCEPTS/ACL_09/089_MEMORY_PROVENANCE_EDGE.md,OBSIDIAN_DOCUMENTATION,772,514c98eb29464e95ece09ff4a58a54d374eeaef6d852a11d1dcad3d13073e8e1
docs/alpha_lab_master_architecture/context_lifecycle_os/13_ATOMIC_CONCEPTS/ACL_09/090_REACHES_ACL07_VALIDATION.md,OBSIDIAN_DOCUMENTATION,778,96698c4f3b40f66d07f6e72c74dd14c133dcc6acbb194a4d8a6390cd697c418b
docs/alpha_lab_master_architecture/context_lifecycle_os/13_ATOMIC_CONCEPTS/ACL_09/091_ATOMIC_PUBLICATION.md,OBSIDIAN_DOCUMENTATION,760,b7bb526042790278111e8457a6881083d28a7a486e5ee1062e03dcb1c48889ce
docs/alpha_lab_master_architecture/context_lifecycle_os/13_ATOMIC_CONCEPTS/ACL_09/092_PRIVATE_STAGING_ROOT.md,OBSIDIAN_DOCUMENTATION,766,4b76de1a5d50e54fb0bbcfb9f605a12e3840f62c06600592e85a3a40f733548d
docs/alpha_lab_master_architecture/context_lifecycle_os/13_ATOMIC_CONCEPTS/ACL_09/093_NON_EMPTY_DESTINATION_DENIAL.md,OBSIDIAN_DOCUMENTATION,790,2fc0114077d42a4dba7b7172233dc02839d81ba944ea9a3521b0b53ba167f093
docs/alpha_lab_master_architecture/context_lifecycle_os/13_ATOMIC_CONCEPTS/ACL_09/094_OUTPUT_MANIFEST.md,OBSIDIAN_DOCUMENTATION,751,b93b2cf3943be39a44fa31ffcc78f8c6f4d55a6f9777f1d120ddd0bf8ab27d7a
docs/alpha_lab_master_architecture/context_lifecycle_os/13_ATOMIC_CONCEPTS/ACL_09/095_MEMORY_RECEIPT.md,OBSIDIAN_DOCUMENTATION,748,2afcc8ca19a3607b90202da176aea5345a280cd87c1d11eb15aca0ae9833e90b
docs/alpha_lab_master_architecture/context_lifecycle_os/13_ATOMIC_CONCEPTS/ACL_09/096_MANIFEST_RECEIPT_BINDING.md,OBSIDIAN_DOCUMENTATION,778,84a67d57177de84dec59d39325b711e314a01a071e9f558ddc48ff5ecd9e45b6
docs/alpha_lab_master_architecture/context_lifecycle_os/13_ATOMIC_CONCEPTS/ACL_09/097_ACL10_HANDOFF.md,OBSIDIAN_DOCUMENTATION,745,c9633597c58de9978acf5dcd53f5b4861d7dc1d76c82bda47fe9e3889988d123
docs/alpha_lab_master_architecture/context_lifecycle_os/13_ATOMIC_CONCEPTS/ACL_09/098_ACL10_REQUIRED_ACTION.md,OBSIDIAN_DOCUMENTATION,769,93dc76f18564a8f7e5ebab3e1bd0e87ed6cc441aa3d19622f3b6e846595eb451
docs/alpha_lab_master_architecture/context_lifecycle_os/13_ATOMIC_CONCEPTS/ACL_09/099_ACL10_FORBIDDEN_ACTION.md,OBSIDIAN_DOCUMENTATION,772,071ced9e28234c1dc6de5a24a056f95a6894d2954c9f2f695c3c5375f50e2a6d
docs/alpha_lab_master_architecture/context_lifecycle_os/13_ATOMIC_CONCEPTS/ACL_09/100_CLAIM_CEILING.md,OBSIDIAN_DOCUMENTATION,745,92967f8964a86279d15fcdbc9de4c4b5bc2d2596725875be26705d84ca6ea023
docs/alpha_lab_master_architecture/context_lifecycle_os/13_ATOMIC_CONCEPTS/ACL_09/101_DETERMINISTIC_REPLAY.md,OBSIDIAN_DOCUMENTATION,766,7d57e1e5cb6b4d3cf0e133c6e6ae8c38783debd1935f9874496a9d7f4452f0d2
docs/alpha_lab_master_architecture/context_lifecycle_os/13_ATOMIC_CONCEPTS/ACL_09/102_PRIOR_MEMORY_REPLAY.md,OBSIDIAN_DOCUMENTATION,763,921cc974e58545656456c74462ad263c20a6f001e3ed514d6c02d17c237b7ce7
docs/alpha_lab_master_architecture/context_lifecycle_os/13_ATOMIC_CONCEPTS/ACL_09/103_IDEMPOTENT_REINGESTION.md,OBSIDIAN_DOCUMENTATION,772,95c39f886d4b467412c5313db415e3c582e6b95461ee8b1a7bed06dc5c3f92db
docs/alpha_lab_master_architecture/context_lifecycle_os/13_ATOMIC_CONCEPTS/ACL_09/104_EXACT_DUPLICATE_ALIAS_REPLAY.md,OBSIDIAN_DOCUMENTATION,790,dd282c70d19399a96719d97277d4474d8edb75b68707db424d7c23e7285d2cd0
docs/alpha_lab_master_architecture/context_lifecycle_os/13_ATOMIC_CONCEPTS/ACL_09/105_PLANNER_SUPPRESSION_REPLAY.md,OBSIDIAN_DOCUMENTATION,784,feceb1840f3089597b882ee6cc174007a7628d3e4326e089d64f177819a8fa29
docs/alpha_lab_master_architecture/context_lifecycle_os/13_ATOMIC_CONCEPTS/ACL_09/106_SCHEMA_REGISTRY.md,OBSIDIAN_DOCUMENTATION,751,d1cc715908730c413a2865fc79ed25a07cd277380d13fc02f19009f537affd2d
docs/alpha_lab_master_architecture/context_lifecycle_os/13_ATOMIC_CONCEPTS/ACL_09/107_POLICY_REGISTRY.md,OBSIDIAN_DOCUMENTATION,751,34e9e9954a0cc65ef7b8874639fa4140d02e0fb8f94986078170ffac16b18f62
docs/alpha_lab_master_architecture/context_lifecycle_os/13_ATOMIC_CONCEPTS/ACL_09/108_QUESTION_REGISTRY_DIGEST.md,OBSIDIAN_DOCUMENTATION,778,cb28d595a245cbfbd2e1a8d6a019de03a0ca8f6d24cdd18a3c8c0b6fb0af3a4b
docs/alpha_lab_master_architecture/context_lifecycle_os/13_ATOMIC_CONCEPTS/ACL_09/109_MQL5_STATIC_MIRROR.md,OBSIDIAN_DOCUMENTATION,760,dc1fde6c7a3bec73ab39db09a1a492de365706b18cfad589377d2a8cff7f7ea0
docs/alpha_lab_master_architecture/context_lifecycle_os/13_ATOMIC_CONCEPTS/ACL_09/110_METAEDITOR_NON_CLAIM.md,OBSIDIAN_DOCUMENTATION,766,b09bb0be9b698ce1b8c41d89a5680d7b32e7131143f2342aaa1444ee8095ca9d
docs/alpha_lab_master_architecture/context_lifecycle_os/13_ATOMIC_CONCEPTS/ACL_09/111_MT5_RUNTIME_NON_CLAIM.md,OBSIDIAN_DOCUMENTATION,769,530358c4cd1b6c992952eae352768f55c63db60eb3fcdb2dff85ab18181bb5e6
docs/alpha_lab_master_architecture/context_lifecycle_os/13_ATOMIC_CONCEPTS/ACL_09/112_RESIDUAL_RISK.md,OBSIDIAN_DOCUMENTATION,745,36495938a0c5c3ccd0ae728c71c6c9d7bf6dde581082379e821dff48cf8a775c
docs/alpha_lab_master_architecture/context_lifecycle_os/13_ATOMIC_CONCEPTS/ACL_09/113_ROLLBACK_BY_SNAPSHOT_POINTER.md,OBSIDIAN_DOCUMENTATION,790,39f7417fd66416b25674fce825fcba4eac2a3cc1c74011134be05f5cb332a6cc
lab/11_strategy_factory/acl_os/README.md,DELIVERY_DOCUMENT,1879,bffeca975acbf644dcbc29467470c8666a06d51af09d74884e5d8f1417cba0c1
lab/11_strategy_factory/acl_os/fixtures/acl_09/authority_permit.json,REFERENCE_FIXTURE,749,8c0fa9d1f4701dd6419fd533e28d59bbadd047cc2d226236a25b39fe4655ef24
lab/11_strategy_factory/acl_os/fixtures/acl_09/memory_policy.json,REFERENCE_FIXTURE,669,3bc551d7c406160230c0f735719632b74fe72b88992ffa0929fadd4fecd263eb
lab/11_strategy_factory/acl_os/fixtures/acl_09/planner_policy.json,REFERENCE_FIXTURE,684,72ab193e3db1c40710bd7931400f3c08ae93e0e4f153dfaa6f6c8d3016a75cda
lab/11_strategy_factory/acl_os/fixtures/acl_09/reference_memory/.acl09_generated_root,REFERENCE_FIXTURE,43,3328d432e1b5903ad87b435b5793d4828480c0704d297e1b6b0e52ce02d2ce1a
lab/11_strategy_factory/acl_os/fixtures/acl_09/reference_memory/authority/authority_report.json,REFERENCE_FIXTURE,485,94d55df63ea9f936d11354ddfdffb66b284b0ebe44d5fc1a7de370d129bc7f74
lab/11_strategy_factory/acl_os/fixtures/acl_09/reference_memory/binding/acl08_binding.json,REFERENCE_FIXTURE,986,28611ed77b0b1e6b25a9183526b594d60569aad81ef5528d15d9f2e5ebb252e9
lab/11_strategy_factory/acl_os/fixtures/acl_09/reference_memory/docs/ACL09_MEMORY_AND_PLANNER_SUMMARY.md,REFERENCE_FIXTURE,595,24004a867ef00ca169594a7e1f26774469d7840ff8ae518afb6b827dd696a123
lab/11_strategy_factory/acl_os/fixtures/acl_09/reference_memory/docs/BOUNDED_RESEARCH_PLAN.md,REFERENCE_FIXTURE,804,696f45243c0069a525f2d07590dce470c2cfdfddd5dd062696302a224d1b75aa
lab/11_strategy_factory/acl_os/fixtures/acl_09/reference_memory/docs/DUPLICATE_AND_EQUIVALENCE.md,REFERENCE_FIXTURE,303,8e87e1cbc1ed5dd8a3da949ff3bb58de83f4cac1b52114a95ec828840bf53f7b
lab/11_strategy_factory/acl_os/fixtures/acl_09/reference_memory/docs/GOVERNED_MEMORY_INDEX.md,REFERENCE_FIXTURE,500,ed97a01c205fa0b3bfd3f59003af10caaa5939201e65993a203c55481dbd1dd5
lab/11_strategy_factory/acl_os/fixtures/acl_09/reference_memory/duplicates/clusters/DUPCL_5A3575B4FA1393822D1EE1C8.json,REFERENCE_FIXTURE,551,39028f42c352a83315b3574935207d6dde6d97dba952e7b630bfd52f7b9e2c99
lab/11_strategy_factory/acl_os/fixtures/acl_09/reference_memory/duplicates/clusters/DUPCL_641FD93A2C7917F4A98448F6.json,REFERENCE_FIXTURE,551,0c432ccec017db217381936d5b0a2473e78cace01ea159e466941e0b431ad9b0
lab/11_strategy_factory/acl_os/fixtures/acl_09/reference_memory/duplicates/clusters/DUPCL_6F9AC38FFC8C459C47424FCB.json,REFERENCE_FIXTURE,551,b8e5561f04a64220e6ae2c3e109a5bf5daf86e73e903df73d0490dfb4bdfd49a
lab/11_strategy_factory/acl_os/fixtures/acl_09/reference_memory/duplicates/clusters/DUPCL_7A07E049002C4BB694802BA8.json,REFERENCE_FIXTURE,703,ece24ff7568c0ce37e4a93b6292c8faa63e999ec546b6baef5cbd77884e36423
lab/11_strategy_factory/acl_os/fixtures/acl_09/reference_memory/duplicates/clusters/DUPCL_9A025ACB822F9561A6975D0D.json,REFERENCE_FIXTURE,589,4ac945b83519bd3eb12d0b8cadf3b090bcf102c96cec91a315631dcabe806c45
lab/11_strategy_factory/acl_os/fixtures/acl_09/reference_memory/duplicates/clusters/DUPCL_CFE272B8A9F4C99F4C2A7852.json,REFERENCE_FIXTURE,589,f6161127e38fda30605d539b1326d4d49e7727e26f44c3700129c06a2fca7d8c
lab/11_strategy_factory/acl_os/fixtures/acl_09/reference_memory/duplicates/equivalence_report.json,REFERENCE_FIXTURE,4767,dfb330053a316d988e8a64480ce208f6e05bcd6973f15c96091e79827cd68743
lab/11_strategy_factory/acl_os/fixtures/acl_09/reference_memory/duplicates/near_equivalences/NEARDUP_56CEFA633B28B27332E6A6E5.json,REFERENCE_FIXTURE,455,2bcfeeaa7168e788414696dcff97c609e000af33177f56d16b36a187851e18b8
lab/11_strategy_factory/acl_os/fixtures/acl_09/reference_memory/events/memory_event_ledger.json,REFERENCE_FIXTURE,6482,f3f1d21207938d04692f5411d3c43ad10b2b0ae0d5ceb9018a25eafada91ba5d
lab/11_strategy_factory/acl_os/fixtures/acl_09/reference_memory/handoff/acl10_handoff.json,REFERENCE_FIXTURE,1773,3d91878a9e84efaabe0dad41fe4241e8b970af4286c2e8f2b4187b97f4b65553
lab/11_strategy_factory/acl_os/fixtures/acl_09/reference_memory/lineage/memory_provenance_graph.json,REFERENCE_FIXTURE,2956,d6597737c11e8c68a0c75cd051488747399439249e1cf320ce0842fdf27b0fd2
lab/11_strategy_factory/acl_os/fixtures/acl_09/reference_memory/memory/admission_bundle.json,REFERENCE_FIXTURE,3976,b6d22fa315a3530fc7814e19d5f7fa10eb85b08c1eb72e82c46c56642d733972
lab/11_strategy_factory/acl_os/fixtures/acl_09/reference_memory/memory/admission_decisions/MEMADM_0A35C214BC2673DD2D933D88.json,REFERENCE_FIXTURE,817,fd840f5b27164d9c15aca16e5d51ad0531bceff2d05cd18745d8fe6430bdb5b0
lab/11_strategy_factory/acl_os/fixtures/acl_09/reference_memory/memory/admission_decisions/MEMADM_3525ABBD85B2082B86766678.json,REFERENCE_FIXTURE,817,6053a466988a58b60f5f5c96e16f35edcf52178a111abbc0d7e1b7288c21068e
lab/11_strategy_factory/acl_os/fixtures/acl_09/reference_memory/memory/admission_decisions/MEMADM_54B402A772FA7B64A44D4B97.json,REFERENCE_FIXTURE,817,822faf3ba37ed24bdf464cb5ce59b8da0177b63da2dc06cd11d76d617d6b7a62
lab/11_strategy_factory/acl_os/fixtures/acl_09/reference_memory/memory/admission_decisions/MEMADM_5C5567102A1F3FD1FEC46D2C.json,REFERENCE_FIXTURE,817,0b0d61c3cf3f7b36f4d35756c7b0d6a699d2283a6ade9175c6ea63d1a3b22901
lab/11_strategy_factory/acl_os/fixtures/acl_09/reference_memory/memory/admission_decisions/MEMADM_6083BB5DE5BF742A6E0E61FC.json,REFERENCE_FIXTURE,811,6e2438d462c33337efd633d0686c1249cc528f8c35f3ddd95c803a26faa6fdf3
lab/11_strategy_factory/acl_os/fixtures/acl_09/reference_memory/memory/admission_decisions/MEMADM_703E8174A69756F3ED484E73.json,REFERENCE_FIXTURE,811,a9851a78521baca372dafd63b7ac687f9f1b1f271e7e206f95f768c4ebcaf9c3
lab/11_strategy_factory/acl_os/fixtures/acl_09/reference_memory/memory/admission_decisions/MEMADM_AC222086D8435B0F0A049DE6.json,REFERENCE_FIXTURE,811,73e8014bf716dc03ef25c6aaf0c31e8818419d337662e1450b368efb215fb7ee
lab/11_strategy_factory/acl_os/fixtures/acl_09/reference_memory/memory/admission_decisions/MEMADM_D5A412E64A7820D81A44449E.json,REFERENCE_FIXTURE,811,01ce9517f53e0435ab0604e471609870ebc70eb14e478113b2d2d2b9c9d8d604
lab/11_strategy_factory/acl_os/fixtures/acl_09/reference_memory/memory/admission_decisions/MEMADM_E4517B4F0DBB96F25C6433EE.json,REFERENCE_FIXTURE,815,abea7c3972c7534ef1db1cefd5229f1cfc53beb159efa6c6a48892c8c891baca
lab/11_strategy_factory/acl_os/fixtures/acl_09/reference_memory/memory/admission_decisions/MEMADM_E7912814F67B7F38AEED5350.json,REFERENCE_FIXTURE,811,59741562cd366ac4e6860e5302842474f2e764b6c4023770fd10da92df6056af
lab/11_strategy_factory/acl_os/fixtures/acl_09/reference_memory/memory/admission_decisions/MEMADM_E7A00EA6BC1BCC47F70E387A.json,REFERENCE_FIXTURE,817,9e3676146517112e233ba6fe7ecb6b90c94f037f2dfa0813f821dfe1cb724e56
lab/11_strategy_factory/acl_os/fixtures/acl_09/reference_memory/memory/admission_decisions/MEMADM_F00A86EB72014FE7B343D199.json,REFERENCE_FIXTURE,817,72308f6c697c68a58770cf1b5ef3f737dcac22f79472f66e20339f0c403bc402
lab/11_strategy_factory/acl_os/fixtures/acl_09/reference_memory/memory/aliases/MEMALIAS_0A35C214BC2673DD2D933D88.json,REFERENCE_FIXTURE,467,3955e6e1df798d45ae2520d409084ee37e381c0c572aaa114cf26218cf8625a3
lab/11_strategy_factory/acl_os/fixtures/acl_09/reference_memory/memory/aliases/MEMALIAS_3525ABBD85B2082B86766678.json,REFERENCE_FIXTURE,467,d65b19c51343d0657b9dd77d9581ec46de6004d94b91fc51d6298c2f74d3242a
lab/11_strategy_factory/acl_os/fixtures/acl_09/reference_memory/memory/aliases/MEMALIAS_54B402A772FA7B64A44D4B97.json,REFERENCE_FIXTURE,467,c509b87e988fe59c279c5153d9fe6d9777ca79449ad631a8776da42897a8c448
lab/11_strategy_factory/acl_os/fixtures/acl_09/reference_memory/memory/aliases/MEMALIAS_5C5567102A1F3FD1FEC46D2C.json,REFERENCE_FIXTURE,467,9245acbef1e3ee7faf693324e2c0f81e464edc52431120cb016b31d4cf1470fa
lab/11_strategy_factory/acl_os/fixtures/acl_09/reference_memory/memory/aliases/MEMALIAS_E7A00EA6BC1BCC47F70E387A.json,REFERENCE_FIXTURE,467,5a77a244e658267559429d6ba64e649ad20a51907171b6ceb72084aa5ed6303a
lab/11_strategy_factory/acl_os/fixtures/acl_09/reference_memory/memory/aliases/MEMALIAS_F00A86EB72014FE7B343D199.json,REFERENCE_FIXTURE,467,4ad5871b3cc50b576d88269cd38148379ed7470d5822c9d4d355fc3ed5c615e3
lab/11_strategy_factory/acl_os/fixtures/acl_09/reference_memory/memory/entries/MEMENTRY_5520B9F0DBFE1AFCDA093821.json,REFERENCE_FIXTURE,1718,336e8765689915c1449a038d9c8823a54d7d7e250f583c9f62624b6a9a1ead2e
lab/11_strategy_factory/acl_os/fixtures/acl_09/reference_memory/memory/entries/MEMENTRY_6E166ADDAB85BDB89EC77A34.json,REFERENCE_FIXTURE,1866,6fe0573beb1660665cc2ebe5d7a3337bbab41e7de8dcb4be93dc4d20717af7f0
lab/11_strategy_factory/acl_os/fixtures/acl_09/reference_memory/memory/entries/MEMENTRY_76A1BF78CCE0151F0B10FBB2.json,REFERENCE_FIXTURE,1788,98412bf50c72028a8f30503143df4c6d35e6d3c8276b8d9fb9d90cd91f4846bb
lab/11_strategy_factory/acl_os/fixtures/acl_09/reference_memory/memory/entries/MEMENTRY_AAAEF85C8C874CE9AAAE85C6.json,REFERENCE_FIXTURE,1699,a031eb2a3bba2f30500cb4db6df953a7c4da43811e3c70fbd2bdeac7a3da72c2
lab/11_strategy_factory/acl_os/fixtures/acl_09/reference_memory/memory/entries/MEMENTRY_DC6CD62B0029960BB9C19CC7.json,REFERENCE_FIXTURE,1833,b27a0ef138ed6519d17c81414f86ab7a422ce7a6266aa71e8beb17d9f5b39db4
lab/11_strategy_factory/acl_os/fixtures/acl_09/reference_memory/memory/memory_index.json,REFERENCE_FIXTURE,3735,ad08b94ef06b01f14e096b35f0849d0604c62419101f7de15f50ef95d3f4ead4
lab/11_strategy_factory/acl_os/fixtures/acl_09/reference_memory/memory/quarantine/MEMQUAR_E4517B4F0DBB96F25C6433EE.json,REFERENCE_FIXTURE,582,e532d201a908f3a6a4f1cc6027caf658252c3dd0ea20526df77c4a881b44aeed
lab/11_strategy_factory/acl_os/fixtures/acl_09/reference_memory/memory_receipt.json,REFERENCE_FIXTURE,1065,fc889bc32c30a43adacae1d6f6d852cd97c39f4597a6d31e7b49d3b0cce2d0f2
lab/11_strategy_factory/acl_os/fixtures/acl_09/reference_memory/output_manifest.json,REFERENCE_FIXTURE,12323,02dbe872ed13ba431f57118b6dd28c19a8aab98b9237b47ef948452f74e39ede
lab/11_strategy_factory/acl_os/fixtures/acl_09/reference_memory/planner/budget_report.json,REFERENCE_FIXTURE,364,fb1e809f9477e386a206da1b780371a1008935851d020351bea7a52d8628b9d2
lab/11_strategy_factory/acl_os/fixtures/acl_09/reference_memory/planner/duplicate_suppression_report.json,REFERENCE_FIXTURE,358,b22e929837bb3dbf06e3a6457cf1ee2997add8a42eff9556ec9a9a404ef6e126
lab/11_strategy_factory/acl_os/fixtures/acl_09/reference_memory/planner/plan_portfolio.json,REFERENCE_FIXTURE,3603,4357d86951d6ee0edf3f610991be5e41c17c199c272be378a99d20c2609115dc
lab/11_strategy_factory/acl_os/fixtures/acl_09/reference_memory/planner/proposals/PLAN09_29F1F9F0C39E45C112C7251A.json,REFERENCE_FIXTURE,948,1fffee65356a0284e92cc24caaec0f391583f40c58f4540d950518213c96a99a
lab/11_strategy_factory/acl_os/fixtures/acl_09/reference_memory/planner/proposals/PLAN09_55F31812AA9AD712215D721A.json,REFERENCE_FIXTURE,1017,dfe69a2feadd4c37953770fb5feddc1fbdc3f519437bd917a35a7f45188127a0
lab/11_strategy_factory/acl_os/fixtures/acl_09/reference_memory/planner/proposals/PLAN09_6DF2221205F0B6024D3383D5.json,REFERENCE_FIXTURE,1021,04f3c65a7016b4b53c43f754ce6de328a39816e2602b7f89675ff1fb9fb2d522
lab/11_strategy_factory/acl_os/fixtures/acl_09/reference_memory/planner/proposals/PLAN09_7CDF3AA9F79D954E35450ADF.json,REFERENCE_FIXTURE,988,d587ac8d38f63c2d6f23eaeca4aa23d99387993affe05f0a6c2098ab8af0ecbd
lab/11_strategy_factory/acl_os/fixtures/acl_09/reference_memory/planner/proposals/PLAN09_87B81C97F6096DA39ECB32D6.json,REFERENCE_FIXTURE,1017,936db74e0faa8da5ae7aa1fff60f1c89363199713c993b58be0fdf04fd76a92e
lab/11_strategy_factory/acl_os/fixtures/acl_09/reference_memory/planner/proposals/PLAN09_A030F086037DDC71BEE4592C.json,REFERENCE_FIXTURE,1024,3dc1a0db173fb6ed666d6911b747e4f5fcd04034cf33d138f90f16b14a0fb9ef
lab/11_strategy_factory/acl_os/fixtures/acl_09/reference_memory/planner/proposals/PLAN09_B605E04A39FD027A6A3D88FE.json,REFERENCE_FIXTURE,973,a56f993bd5530fe6f95234436afa10c2929b209a929acb28e23ce6b9dbee9bd1
lab/11_strategy_factory/acl_os/fixtures/acl_09/reference_memory/planner/proposals/PLAN09_E2D8E0AB292CCC5C35E3376F.json,REFERENCE_FIXTURE,1018,4de05fba3b2b97a4f3f15b7a049e6557d6ad52e52bb80acb4bd7b5ffdd2f881a
lab/11_strategy_factory/acl_os/fixtures/acl_09/reference_memory/policy/memory_policy_snapshot.json,REFERENCE_FIXTURE,669,3bc551d7c406160230c0f735719632b74fe72b88992ffa0929fadd4fecd263eb
lab/11_strategy_factory/acl_os/fixtures/acl_09/reference_memory/policy/planner_policy_snapshot.json,REFERENCE_FIXTURE,684,72ab193e3db1c40710bd7931400f3c08ae93e0e4f153dfaa6f6c8d3016a75cda
lab/11_strategy_factory/acl_os/fixtures/acl_09/reference_memory/policy/research_question_registry_snapshot.json,REFERENCE_FIXTURE,2613,cc5e3e0e3d462a932e3649e62acc417cfcb56dcb9acb9b896fafb20313ad18ab
lab/11_strategy_factory/acl_os/fixtures/acl_09/reference_memory/reports/integrity_report.json,REFERENCE_FIXTURE,404,e23fe2aa92863bf8f6b73cf9243e5988c5969d01117a7014b2938c475dc5e739
lab/11_strategy_factory/acl_os/fixtures/acl_09/reference_memory/run/memory_run.json,REFERENCE_FIXTURE,1599,82a361d1e56736d76090e15beaea32e56bdfa7439e22598e4414171a725fc711
lab/11_strategy_factory/acl_os/fixtures/acl_09/reference_memory/security/memory_poisoning_report.json,REFERENCE_FIXTURE,356,93b82062770edd9a1c416633aed3fbb51df3141c1d4a04cbc35c9accb292b41d
lab/11_strategy_factory/acl_os/fixtures/acl_09/reference_memory/security/security_boundary_report.json,REFERENCE_FIXTURE,555,dc863eabaa88432135653cfb2994a630be7399df624e9923fd9636ae6666980d
lab/11_strategy_factory/acl_os/tests_acl_09/conftest.py,TEST,790,3e4dae748690988a3eb2071757643ef25161c13f314ff558e5f7487f7578e5e3
lab/11_strategy_factory/acl_os/tests_acl_09/test_duplicates_memory.py,TEST,2377,f667f96b542d1b5bef96266c0ed84f253893ddb746a65b9dd5933598fe9351a0
lab/11_strategy_factory/acl_os/tests_acl_09/test_input_authority.py,TEST,1342,b955b7eef81c937eab5e3ef9960a35e26cab11722499359e030f110ebcc5d099
lab/11_strategy_factory/acl_os/tests_acl_09/test_planner.py,TEST,2278,d0793a7ebc12dea87425aab996a3a9a7694577dbf9cc5fc0c21b9fc0c8d3d201
lab/11_strategy_factory/acl_os/tests_acl_09/test_registry_delivery_mql.py,TEST,1039,ec6a8b307a1221302d8e95f58dc64983bedbc585fd3706916f38130c5970b019
lab/11_strategy_factory/acl_os/tests_acl_09/test_security_negative.py,TEST,2328,1dad2b74cc3bd1adb26936ca65fcc696555205f0fa4718620a769d844a14c716
lab/11_strategy_factory/acl_os/tests_acl_09/test_service_replay.py,TEST,2237,24b136b3ecdd5a933cefbff9e62578ef0a829836efc3b6420dc0d38257381c9e
lab/11_strategy_factory/mql5/Include/AlphaLab/ACL_OS/ACL09/ACL09.mqh,MQL5_STATIC_CONTRACT,546,c226126ddf4d4869c64342eba00f280f8d8c8fe61d9f34e9bfc37db1282c81d4
lab/11_strategy_factory/mql5/Include/AlphaLab/ACL_OS/ACL09/ACL09AdmissionDecisionContract.mqh,MQL5_STATIC_CONTRACT,225,c282b59dcd54a13343addd32cb084e4975f1503a4196c5b98b58eaacb907a2cd
lab/11_strategy_factory/mql5/Include/AlphaLab/ACL_OS/ACL09/ACL09AuthorityContract.mqh,MQL5_STATIC_CONTRACT,240,f61b8e417f8dc0551892e25a1ddbdff91c186b529a16bd8015cf269011bca778
lab/11_strategy_factory/mql5/Include/AlphaLab/ACL_OS/ACL09/ACL09BudgetContract.mqh,MQL5_STATIC_CONTRACT,199,eb2c83fe25a6cd4f972a354c8159af73390b04742eba9359578ec876899368b6
lab/11_strategy_factory/mql5/Include/AlphaLab/ACL_OS/ACL09/ACL09CapitalGuard.mqh,MQL5_STATIC_CONTRACT,129,78013d6f9a687e3d4aeb3bd21cee2ac8e922b1fb0c2bfe73c3e6a966603e5fef
lab/11_strategy_factory/mql5/Include/AlphaLab/ACL_OS/ACL09/ACL09Constants.mqh,MQL5_STATIC_CONTRACT,322,367f103eb459ec0b4cda67f4c436dbd10cc90a3694692dce0c79c8ac6911d9f8
lab/11_strategy_factory/mql5/Include/AlphaLab/ACL_OS/ACL09/ACL09DiagnosticGuard.mqh,MQL5_STATIC_CONTRACT,131,913308539ec7826bf0c6db0cc7625c13b88f6bfdbfbb31a401581b77b08561f6
lab/11_strategy_factory/mql5/Include/AlphaLab/ACL_OS/ACL09/ACL09DuplicateContract.mqh,MQL5_STATIC_CONTRACT,202,3aa3dbc0f2cf065ccf55e025178a3bf16c530f9597f481692e8f4a8cd0a2aa18
lab/11_strategy_factory/mql5/Include/AlphaLab/ACL_OS/ACL09/ACL09HandoffContract.mqh,MQL5_STATIC_CONTRACT,239,d9bf710912dd276578f359fbef32a0f3bd7d8428b14b66ae67e900a2fc32cb5e
lab/11_strategy_factory/mql5/Include/AlphaLab/ACL_OS/ACL09/ACL09MemoryEntryContract.mqh,MQL5_STATIC_CONTRACT,251,5926b68a1e77db57a41a969c28c8a998b11720a7b26015c1633c3468fffaf1c8
lab/11_strategy_factory/mql5/Include/AlphaLab/ACL_OS/ACL09/ACL09OrderGuard.mqh,MQL5_STATIC_CONTRACT,127,710f3a32a61f6c3fee17095dd96a37f3988e527c1644ccaa859e538a5124fca0
lab/11_strategy_factory/mql5/Include/AlphaLab/ACL_OS/ACL09/ACL09PlannerProposalContract.mqh,MQL5_STATIC_CONTRACT,253,7e5151f7049264da8aa930d5f9708919ce3b9a2ca096971d2c085460a9521d59
lab/11_strategy_factory/mql5/Include/AlphaLab/ACL_OS/ACL09/ACL09PromotionGuard.mqh,MQL5_STATIC_CONTRACT,125,8fad6cee635bd62e219b8de3b51336721a4240c4cc66b05b4fbbeec35c18e75c
lab/11_strategy_factory/mql5/Include/AlphaLab/ACL_OS/ACL09/ACL09ResearchExecutionGuard.mqh,MQL5_STATIC_CONTRACT,149,4ed82fe0ff2c508a06981ae7cc9096e44aa6c4c2916c9c2193b7da77bb79ad1a
lab/11_strategy_factory/mql5/Include/AlphaLab/ACL_OS/ACL09/README.md,MQL5_STATIC_CONTRACT,286,e68d8247a95540d501468dfdb2bb7739480b248aa58d50a08fb57b6e05659ed6
registry/acl_os/acl_09/policies/v1/atomic_publication_policy.json,MACHINE_CONTRACT,125,b0a5d5eef1edac5712d997998276639e745f9e83d62f97928bf8349c1af74100
registry/acl_os/acl_09/policies/v1/baseline_policy.json,MACHINE_CONTRACT,110,a41923612465bc561d25cc6144bb49c146bd88c8c17353bbbffedf2331b8ee3f
registry/acl_os/acl_09/policies/v1/capital_denial_policy.json,MACHINE_CONTRACT,120,730ed0ba2d20239fd1e4c98d5bb23fd0c63ff58278381022b2e77d37ea0f9516
registry/acl_os/acl_09/policies/v1/claim_ceiling_policy.json,MACHINE_CONTRACT,144,e9b149f7a53f5e68af7f754acbb016583785002928554c509c3384163885656c
registry/acl_os/acl_09/policies/v1/diagnostic_quarantine_policy.json,MACHINE_CONTRACT,140,f6563b38007d21c2dbf1b884fa6a19cbdacad88451f57cebbcb1225708931b92
registry/acl_os/acl_09/policies/v1/doctrine_amendment_policy.json,MACHINE_CONTRACT,125,95f72be24809a5e18a5b418e91f35dd41d9706de39e1738f0a5034bb2dd453bc
registry/acl_os/acl_09/policies/v1/duplicate_policy.json,MACHINE_CONTRACT,148,45add988717c2c1d911c2bf2e6e2951aacec5bea55b1d1ea1c94142c2f8cd465
registry/acl_os/acl_09/policies/v1/execution_denial_policy.json,MACHINE_CONTRACT,164,254f26928820c0335ef72f260f58693130f3fd7d50e8eacbeb13e4a475cd6784
registry/acl_os/acl_09/policies/v1/handoff_policy.json,MACHINE_CONTRACT,176,0b49d7849f488571163735bebb7ffc59dcbf3633d9fb56a3d49030e072b7e116
registry/acl_os/acl_09/policies/v1/idempotency_policy.json,MACHINE_CONTRACT,134,81ecc19cf557ad7a50f3ac5d9a2b62506283fe5c2fcc68e013071138b171c553
registry/acl_os/acl_09/policies/v1/information_value_policy.json,MACHINE_CONTRACT,162,30d917a62bfde99f0a65880db8b3971795133e7bfb0d102fc6fa75fc726a466c
registry/acl_os/acl_09/policies/v1/memory_admission_policy.json,MACHINE_CONTRACT,161,d61ecf865836f8840618f1137416a43f683f10b77a89f817c50feeb66d68ce58
registry/acl_os/acl_09/policies/v1/memory_poisoning_policy.json,MACHINE_CONTRACT,150,77667a2562104b88ab75d5aa9d28ee771a3b0509298d3f25bb802e72480d1221
registry/acl_os/acl_09/policies/v1/migration_policy.json,MACHINE_CONTRACT,126,22964e37a1183b4f8e2b1afe7e323098e90a3432926cdb5a0139aa3b102e731c
registry/acl_os/acl_09/policies/v1/near_equivalence_policy.json,MACHINE_CONTRACT,139,d7f00d51da54abbd5e02b188ff1f1ddc0496515ba6e3f467e4bf41eb9f9c2cda
registry/acl_os/acl_09/policies/v1/negative_knowledge_policy.json,MACHINE_CONTRACT,133,79f731f45f26f82d623f5bba8241a8e772335006e6b16c5234f128b65dc0fa38
registry/acl_os/acl_09/policies/v1/planner_authority_policy.json,MACHINE_CONTRACT,155,fb8cea7cc92a378df705397dfed1e14c9f5fac3101e041f9df0c2eb9d1099003
registry/acl_os/acl_09/policies/v1/planner_budget_policy.json,MACHINE_CONTRACT,143,4af0e5f9131970e4fba83b9723f16796b1d52ce9605d0b359de2bdbf8be95173
registry/acl_os/acl_09/policies/v1/promotion_denial_policy.json,MACHINE_CONTRACT,113,700bf1cca376acdefe8754e4e158b15a879f986293f8d55a367e8cdda9039298
registry/acl_os/acl_09/policies/v1/proposal_deduplication_policy.json,MACHINE_CONTRACT,139,3f427402b3525e743b426886f14a4479dead267f390b6a7865d034bf5cc7c559
registry/acl_os/acl_09/policies/v1/provenance_policy.json,MACHINE_CONTRACT,121,dbf4ef4a3b197f12328d0fae8315f9393c744d3f2c50990a0a1f61ea9edaca73
registry/acl_os/acl_09/policies/v1/retention_policy.json,MACHINE_CONTRACT,114,20243c1fa4acde6769cc2bdfccc8790202b206d91a983cc615ca3b3f366de5b1
registry/acl_os/acl_09/policies/v1/rollback_policy.json,MACHINE_CONTRACT,125,3f4053d1e1befc60185a0689648bc816fa5eedd7d0304836c5532bd5b75a47c7
registry/acl_os/acl_09/policies/v1/security_classification_policy.json,MACHINE_CONTRACT,124,336b62f0a9add12c203fe9b636266d976eb3b74458dad4ccdb4c49da44acbcfa
registry/acl_os/acl_09/policies/v1/source_semantics_policy.json,MACHINE_CONTRACT,112,e6ab316b4bac789cc33b912d5f38356d6bb097aa6caed954fa7f24eb2bd58db9
registry/acl_os/acl_09/policies/v1/unknown_preservation_policy.json,MACHINE_CONTRACT,153,03b591dc2ce6afb06d6792d88dc2755ab6886ca351e271ae2f99dc63b0db9c8c
registry/acl_os/acl_09/question_registry.json,MACHINE_CONTRACT,2613,cc5e3e0e3d462a932e3649e62acc417cfcb56dcb9acb9b896fafb20313ad18ab
registry/acl_os/acl_09/registry_manifest.json,MACHINE_CONTRACT,348,85d8ec86d53c7b6f0213e9424fff5bd044e6ebcb9b561c603d615acf8999ba5d
registry/acl_os/acl_09/schemas/v1/acl08_binding.schema.json,MACHINE_CONTRACT,513,6542cd4a26ff502407b5fc9eca637a5818daf81076fe4b39188415d76f76fae0
registry/acl_os/acl_09/schemas/v1/acl10_handoff.schema.json,MACHINE_CONTRACT,1049,50824a701a1e7a480e31a4ae4f7e46840ff7132d9e91e99114fd88a48dd5f83f
registry/acl_os/acl_09/schemas/v1/admission_bundle.schema.json,MACHINE_CONTRACT,519,b1834d7a2055ca5057b979b2cd0d61a09070edccdac667a204a8ee6460ba3c71
registry/acl_os/acl_09/schemas/v1/admission_decision.schema.json,MACHINE_CONTRACT,743,265d78a318987996d4646c41ebe6b7ee3c5a2cc45c10f6384d5d541086dba736
registry/acl_os/acl_09/schemas/v1/authority_permit.schema.json,MACHINE_CONTRACT,1007,d6c8918c7114ba7a2950aad0375a62929f8df032ad640b782ccaaccc531a78d2
registry/acl_os/acl_09/schemas/v1/authority_report.schema.json,MACHINE_CONTRACT,519,9709023423551011ebf4b2a545e06280cef97125a7928596862dc008fe50080f
registry/acl_os/acl_09/schemas/v1/budget_report.schema.json,MACHINE_CONTRACT,513,79eca0bc13edd158cf9be0ce8a0775d391e7a530f2ac8822c58dc77ba56300d6
registry/acl_os/acl_09/schemas/v1/duplicate_cluster.schema.json,MACHINE_CONTRACT,521,df617ba44e9498f8f818bcc1c485638fa9575149695b90b5a86befd050a44ade
registry/acl_os/acl_09/schemas/v1/equivalence_report.schema.json,MACHINE_CONTRACT,739,ace476e762ca52c0191ec9c41742ce3de644ec51a711ed576de4dc281e7ffc4e
registry/acl_os/acl_09/schemas/v1/event_ledger.schema.json,MACHINE_CONTRACT,511,afe2b2862dbb7b01cd1c1d02eb0d8b1667192c51e223171e66e03bfcd5f29746
registry/acl_os/acl_09/schemas/v1/integrity_report.schema.json,MACHINE_CONTRACT,519,301a0884cef97f63526bfc78c13ae678a67bcd29ea22dae20c08383c46f11790
registry/acl_os/acl_09/schemas/v1/memory_alias.schema.json,MACHINE_CONTRACT,511,324017e98aba197765912f1f1deb99d47fcf13a6b230667267bb1bd04d12a278
registry/acl_os/acl_09/schemas/v1/memory_entry.schema.json,MACHINE_CONTRACT,927,c0514057714b823eefd71c53a7d53b17a00499afbd7b2d6499672595851fe475
registry/acl_os/acl_09/schemas/v1/memory_index.schema.json,MACHINE_CONTRACT,511,720d6e72c4dc6beee23e7ceeae1606d68de1947c349ea849eb5adf1665f6963f
registry/acl_os/acl_09/schemas/v1/memory_policy.schema.json,MACHINE_CONTRACT,813,4b11506c0b7f825323131ed9225dbd7753073b54a42c13498b268ca9e8926f9a
registry/acl_os/acl_09/schemas/v1/memory_quarantine.schema.json,MACHINE_CONTRACT,521,60119a8c86a9d63e65ffabaafa12372c44701ad68233ecef095e88f28803ca31
registry/acl_os/acl_09/schemas/v1/memory_receipt.schema.json,MACHINE_CONTRACT,515,0e896d555842a545fea31d4dcd2f4c5d821554bb7c4f5e9c69b1b347789132bc
registry/acl_os/acl_09/schemas/v1/memory_run.schema.json,MACHINE_CONTRACT,925,d809aca2707bfd9d4c02a9a7e1fe8f134150c8539b640926481d358f69d3b701
registry/acl_os/acl_09/schemas/v1/near_equivalence.schema.json,MACHINE_CONTRACT,519,3fc938ca34b57e00bc4b308a36e97068103dd49b04aa2b85571dcc0bc0b4ce6a
registry/acl_os/acl_09/schemas/v1/output_manifest.schema.json,MACHINE_CONTRACT,517,eead8a4658d12427029fedcb0967d885bc6345466265f4bd610cab2488a42139
registry/acl_os/acl_09/schemas/v1/plan_portfolio.schema.json,MACHINE_CONTRACT,871,ace7213059bfe92fef7f939d9f998311276e68537cc1151c0b31a734b8f69917
registry/acl_os/acl_09/schemas/v1/plan_proposal.schema.json,MACHINE_CONTRACT,1001,f676db7d23575f0f4ee9699881d930646aee28db3650c4ae2ce4de79a49bf880
registry/acl_os/acl_09/schemas/v1/planner_policy.schema.json,MACHINE_CONTRACT,817,758d03a8148ec6f9fcfe4552e32c106c9380ecf20db40a630e1068f53e54509a
registry/acl_os/acl_09/schemas/v1/poisoning_report.schema.json,MACHINE_CONTRACT,519,0a61cfe40527c015c689df1445e1183f0cfa069a6bd9ce8c1ccee0987ba1b800
registry/acl_os/acl_09/schemas/v1/provenance_graph.schema.json,MACHINE_CONTRACT,519,8bdde61c3833e812334c304ebbeb74f29e5f17e0d0d9333686bf4ecd287a2eae
registry/acl_os/acl_09/schemas/v1/question_registry.schema.json,MACHINE_CONTRACT,521,0894e738d2e228bd1851bafe1241a425c4b896aec6c7b4fa60dd11e9a50da11f
registry/acl_os/acl_09/schemas/v1/security_report.schema.json,MACHINE_CONTRACT,517,b069ca7900230696d73fb13002aa1ce0e27cd4d2fcfbb7d630c8735d1c7cf420
registry/acl_os/acl_09/schemas/v1/suppression_report.schema.json,MACHINE_CONTRACT,523,ca43909b13d525bc8d0f2e98c2b2e22258993e23ede8937e860bc82aa44367a4
tools/strategy_factory/acl_os/acl_09/__init__.py,PYTHON_IMPLEMENTATION,168,1feefc28bdcd9f0911bdb15909f2e62beab8b585430d7a9fcb704cd30144c475
tools/strategy_factory/acl_os/acl_09/active_planner.py,PYTHON_IMPLEMENTATION,4720,f282987fc37fee76dfbbeb385cdc618b23e16d87970f54f22aa5dbf3c0459681
tools/strategy_factory/acl_os/acl_09/artifact_manifest.py,PYTHON_IMPLEMENTATION,1262,379b34f2624b17bfe0195873d5664ac3c6e8a31ddc99051ecde40f2ea1aa7abc
tools/strategy_factory/acl_os/acl_09/authority.py,PYTHON_IMPLEMENTATION,1350,d6ecfe0b93533c117627385cbdbe4e80a046d5e2c973161cbd7851b9aa1d140c
tools/strategy_factory/acl_os/acl_09/canonical.py,PYTHON_IMPLEMENTATION,1520,c1a89cdfd0ea812f3928f09925dbf3e043140f35d256db41b0fe9d9174e0a025
tools/strategy_factory/acl_os/acl_09/cli.py,PYTHON_IMPLEMENTATION,1370,9356a123c8999ef4f1e10c8d1528cf622d8825a8577b420b2400764a00b8c9c5
tools/strategy_factory/acl_os/acl_09/delivery_validator.py,PYTHON_IMPLEMENTATION,769,aa6f386adf13d2e94105c3f88e1546c1d6c9cd799f4a155623acab6800403626
tools/strategy_factory/acl_os/acl_09/duplicate_detector.py,PYTHON_IMPLEMENTATION,2342,cc7a4c6681543878f34e70c160d9c37a7cdeb91f2e5492345f029ea092a44c36
tools/strategy_factory/acl_os/acl_09/errors.py,PYTHON_IMPLEMENTATION,266,82d4058ac23cb1a77a8bb8c4cec4b9feec214da477538ee11c087ce62d308e59
tools/strategy_factory/acl_os/acl_09/event_ledger.py,PYTHON_IMPLEMENTATION,1690,f0ce6e2345a9807059b27b83341cd9b82e39c6cf3fb5727c54d5a4caa7eef288
tools/strategy_factory/acl_os/acl_09/handoff_input.py,PYTHON_IMPLEMENTATION,4918,b58636b82a1f15a1c23ad7d0d555ec06ca2f4a104abd32126819a291e5d0a5e8
tools/strategy_factory/acl_os/acl_09/io.py,PYTHON_IMPLEMENTATION,1473,25a8bec3a9510dbda9268dc7007bd3f94dfefe235864b5f935082dc15ac390ae
tools/strategy_factory/acl_os/acl_09/memory_policy.py,PYTHON_IMPLEMENTATION,965,ab073083c76f35b46bd9ba41d2b09fb2f6f1af1db2a337623aa37ca1d7a92547
tools/strategy_factory/acl_os/acl_09/memory_store.py,PYTHON_IMPLEMENTATION,5777,157f9115679e5109c69f962fe1b76432e64ad842bf2361fc309e262cc64e668d
tools/strategy_factory/acl_os/acl_09/obsidian_projection.py,PYTHON_IMPLEMENTATION,2116,1b0874cf87896bb8d31f3698fb6026573348082f6648bf336b778d0c233b3ea3
tools/strategy_factory/acl_os/acl_09/planner_policy.py,PYTHON_IMPLEMENTATION,701,a51f898b415c0e817549dea38469e721e4e6bd75b52bb84f3d3656d7bbe8eac7
tools/strategy_factory/acl_os/acl_09/poison_guard.py,PYTHON_IMPLEMENTATION,1443,f6518f7b8d01f633cd190464e2b2524e9ac31d91ea508ff3aae4992f7b792641
tools/strategy_factory/acl_os/acl_09/policies.py,PYTHON_IMPLEMENTATION,951,aeb68fc76d8658dfc0d5145511567c0d80802794f851d18dcf50ddc83de04736
tools/strategy_factory/acl_os/acl_09/provenance.py,PYTHON_IMPLEMENTATION,2290,8ac85ff36356a5d406686d348bec0039cd215061753edfe852aca6f273321154
tools/strategy_factory/acl_os/acl_09/qa.py,PYTHON_IMPLEMENTATION,1210,14f776f92592b3c44603c1bd41c27c68220fbbf5b83aaedd388207e106d84cf6
tools/strategy_factory/acl_os/acl_09/question_registry.py,PYTHON_IMPLEMENTATION,2370,53589c081593d36d960d18116cb6360b21bc2098258d1b9630f6fee256c86418
tools/strategy_factory/acl_os/acl_09/replay_validator.py,PYTHON_IMPLEMENTATION,1948,32d5e703e1f1401ee5e5d38042435fffd8530dfb52dbe65ef67e19f8de393276
tools/strategy_factory/acl_os/acl_09/schema_validation.py,PYTHON_IMPLEMENTATION,843,0fe84823322c26224c11d57d88bbe5ff23c6a826bb5f19011041d5cab346b969
tools/strategy_factory/acl_os/acl_09/service.py,PYTHON_IMPLEMENTATION,12294,6040cef0c5fa870df55439a603db99afcecafb38f6de4a20e9efae7f4c7c4401
tools/strategy_factory/acl_os/acl_09/static_validator.py,PYTHON_IMPLEMENTATION,673,e9df6429bdc11bc69eb6373091d3fac919d0d1f170048cc82390ae3d38009c1f
