path,category,bytes,sha256
ACL_OS_ARCHITECTURE_ARTIFACT_INVENTORY.csv,patch_metadata,0,SELF
ACL_OS_ARCHITECTURE_FILE_HASHES.sha256,patch_metadata,8,45fc7ab706e6fb509993b6fcae9d4d423c96f8e840c8f64c1a61f5c817c8a870
ACL_OS_ARCHITECTURE_FILE_INDEX.txt,patch_metadata,34088,e24dd6417e5e764c24a8eef5ca19f95950a99e084d4cf0e344b784408800e6a0
ACL_OS_ARCHITECTURE_PATCH_MANIFEST.json,patch_metadata,853,fc6bba4cc9d550f838633832bc3cd576710760cb6d392fed9774acba2b0bbc2f
ACL_OS_ARCHITECTURE_QA_REPORT.json,patch_metadata,8365,8e2d15cfbfbbd9e614113535958f5f1758ebb2ba4dc44b7e7dcfeb666a41bc72
COMMIT_MESSAGE.md,patch_metadata,455,d33ebd5129edd9397de13393b745642969fd3ea99cf93152c4c68218b1ed93a0
EXPAND_REMOVE_ACL_OS_ARCHITECTURE_PATCH.ps1,patch_metadata,396,c69733ad447e886c71382fa107da2611f1b44d6cfdfe7cfdfbf5e37b8560b3fb
INSTALL_ALPHA_LAB_CONTEXT_LIFECYCLE_OS_ARCHITECTURE.md,patch_metadata,956,7975307360cf74ff7c87595223bf56b8dd262214e6731e49dbb649fc1549c5cb
README_ALPHA_LAB_CONTEXT_LIFECYCLE_OS_ARCHITECTURE.md,patch_metadata,2062,66b03b23f2e4e9034339f27d9fd317148242afdbfc720675199871102e731b5a
docs/alpha_lab_master_architecture/00_MASTER_ARCHITECTURE/09_CONTEXT_LIFECYCLE_OS_BRIDGE.md,obsidian,643,0e4218df373878333088565df22a1a14c13d5d2484ab5c93734c0dccc7f8ff4e
docs/alpha_lab_master_architecture/context_lifecycle_os/00_START_HERE/00_ACL_OS_HOME.md,obsidian,2315,9562d09854808bce3f5e32f93ee844ed6c9d86edc794e99c4e8c37381bc280c8
docs/alpha_lab_master_architecture/context_lifecycle_os/00_START_HERE/00_MOC.md,obsidian,454,31bfe34503f6933743cf2e577df2bccf791ba925f51a7896d4ae15fd72848c5b
docs/alpha_lab_master_architecture/context_lifecycle_os/00_START_HERE/01_EXECUTIVE_ARCHITECTURE.md,obsidian,2069,e2565483c505f2205f873b2dd18d4ad114af5865a137741ab76091da680e62d1
docs/alpha_lab_master_architecture/context_lifecycle_os/00_START_HERE/02_END_TO_END_SYSTEM_MAP.md,obsidian,1617,01bd89c6887d167ef50ff5ad46e9ddd56c89619bb379185d4665d1c5af73c365
docs/alpha_lab_master_architecture/context_lifecycle_os/00_START_HERE/03_REPOSITORY_AND_FILE_MAP.md,obsidian,1815,b6cef81d946749ca6d56e46177c5eed13858e3e60852cca0054c6e564f616bfc
docs/alpha_lab_master_architecture/context_lifecycle_os/00_START_HERE/04_IMPLEMENTATION_MASTER_PLAN.md,obsidian,2256,767779ab0e0a562dc06d31c8cd4e957dd27dc69767d5903f7865cbf72f2af1a8
docs/alpha_lab_master_architecture/context_lifecycle_os/00_START_HERE/05_SAED_UCEE_INTEGRATION_MAP.md,obsidian,1334,e942bbe6fdbb060f5035c69c8678fd81c63acfba6965cd826f081ebc0f7b18e6
docs/alpha_lab_master_architecture/context_lifecycle_os/00_START_HERE/ACL_OS_END_TO_END.canvas,obsidian,2933,c8b581da27824da92413a8c35058e8e985356e717364a49bc84e8bfbd8d1e418
docs/alpha_lab_master_architecture/context_lifecycle_os/01_CONSTITUTION/00_MOC.md,obsidian,593,bb2ba5c05611e4f9a1e443243232eeeb4a4bd3904861ae0380594eadfc3ef33b
docs/alpha_lab_master_architecture/context_lifecycle_os/01_CONSTITUTION/AUTHORITY_AND_SEPARATION_OF_DUTIES.md,obsidian,3087,6b284f5a161cc61db1974a457930de7657c44c5d03dec6a292891c7baab21905
docs/alpha_lab_master_architecture/context_lifecycle_os/01_CONSTITUTION/CLAIM_CEILINGS.md,obsidian,3016,b017974a34a776b8cd9ecab00975ae559eeb7a36c2c43ebd2535a24a755e97a1
docs/alpha_lab_master_architecture/context_lifecycle_os/01_CONSTITUTION/CONTEXT_LIFECYCLE_STATE_MACHINE.md,obsidian,3065,d5210bbd11bf91c39bf9ec1e94a0413611987d6a0071d2fb55c2b4bb8509a9bb
docs/alpha_lab_master_architecture/context_lifecycle_os/01_CONSTITUTION/DECISION_AND_APPROVAL_RECORD.md,obsidian,3065,78b4f6c871655d8c4ead64f569ada1a01313e3bab424fb9a8310845ab8a95e99
docs/alpha_lab_master_architecture/context_lifecycle_os/01_CONSTITUTION/DEFINITION_OF_DONE.md,obsidian,3051,71335d99f64cd1e6c199fde656b3fe7b38a201697b803708901ee62453f1351d
docs/alpha_lab_master_architecture/context_lifecycle_os/01_CONSTITUTION/EVIDENCE_CLASSIFICATION.md,obsidian,3062,73f8093efc152e8e91c3a2d3efbcda728eb65c834b5717773586647944d63c29
docs/alpha_lab_master_architecture/context_lifecycle_os/01_CONSTITUTION/EXCEPTION_AND_WAIVER_GOVERNANCE.md,obsidian,3064,3bc70315137f1620339cde5fd5b06cd5720ef618373031dbb955ab8dd982b375
docs/alpha_lab_master_architecture/context_lifecycle_os/01_CONSTITUTION/LIFECYCLE_CONSTITUTION.md,obsidian,3082,f68af9a7a1c7efe112eb0953e1aec24126de910f92b0fe31d7e4ea7e9cbd45a9
docs/alpha_lab_master_architecture/context_lifecycle_os/01_CONSTITUTION/LIFECYCLE_TRANSITION_CONTRACT.md,obsidian,3071,cf3515950b29ec2d3dfe582638bf031a34fe3b096ae7695d6a502ee0ad844a50
docs/alpha_lab_master_architecture/context_lifecycle_os/01_CONSTITUTION/PHASE_DELIVERY_STANDARD.md,obsidian,3069,f9a240f92c6afacc9acf9d62ed1c1053c4c040c978f62bce0a5d00702232de8f
docs/alpha_lab_master_architecture/context_lifecycle_os/02_REPOSITORY_ARCHITECTURE/00_MOC.md,obsidian,977,0a6522574ff7ae300839c39dee092db9d6f625c36ae1029f7681ef3fd42c40ad
docs/alpha_lab_master_architecture/context_lifecycle_os/02_REPOSITORY_ARCHITECTURE/ARTIFACT_LINEAGE_AND_PROVENANCE.md,obsidian,3081,c507b3b8ff9095b46f7717320f3a87f901541db37ac7b02818b7efd8f976c54f
docs/alpha_lab_master_architecture/context_lifecycle_os/02_REPOSITORY_ARCHITECTURE/ARTIFACT_LOCATOR_REGISTRY.md,obsidian,3062,08dbb4aafdb271bcfc73298eb3089a0cadf98febc9196f1a6ae0d244190242ca
docs/alpha_lab_master_architecture/context_lifecycle_os/02_REPOSITORY_ARCHITECTURE/AUTHORED_GENERATED_AND_OPERATIONAL_FILES.md,obsidian,3095,065b016e1a588f24bfac146d53ac487653b27e5fd04af3a561cf4d56787ded5e
docs/alpha_lab_master_architecture/context_lifecycle_os/02_REPOSITORY_ARCHITECTURE/CANONICAL_REPOSITORY_TOPOLOGY.md,obsidian,3081,c8f0e73a9f70e7aaabad85b8c0df605e4fbcc76f95e55d5d6dfa37f020ab1e78
docs/alpha_lab_master_architecture/context_lifecycle_os/02_REPOSITORY_ARCHITECTURE/CODEOWNERS_AND_REVIEW_ROUTING.md,obsidian,3073,be33b789c37d51e80a04ce0df587c654e69cf0d6756e1317391e797c8a1e107f
docs/alpha_lab_master_architecture/context_lifecycle_os/02_REPOSITORY_ARCHITECTURE/CROSS_SYSTEM_COMPATIBILITY_MATRIX.md,obsidian,3076,a8ab651c2f4a6cc5fd035a0697aeef1f0fd8b6fa8c54621d9a4c44b048de047c
docs/alpha_lab_master_architecture/context_lifecycle_os/02_REPOSITORY_ARCHITECTURE/DEPENDENCY_DIRECTION_RULES.md,obsidian,3067,a625ba621073c10b4c9c6efe9f1597da8ef742ccd00d11d636a6de41d2315fff
docs/alpha_lab_master_architecture/context_lifecycle_os/02_REPOSITORY_ARCHITECTURE/DEPRECATION_AND_REMOVAL.md,obsidian,3059,e0915dad65793f8f55faf9c7a0f0e9eef6e90a69afc650d010c9b27e170c986e
docs/alpha_lab_master_architecture/context_lifecycle_os/02_REPOSITORY_ARCHITECTURE/EXTENSION_MANIFEST_STANDARD.md,obsidian,3089,b6eb75220712a35eed531615e0dfe63728dcfe48280c6dfbbcea7e40829b8fe8
docs/alpha_lab_master_architecture/context_lifecycle_os/02_REPOSITORY_ARCHITECTURE/FOLDER_OWNERSHIP_AND_BOUNDARIES.md,obsidian,3073,c5ee3c36795de48f8bd9a7d41deaa2732c05814b78d17afbdfb1f1fd498a93ca
docs/alpha_lab_master_architecture/context_lifecycle_os/02_REPOSITORY_ARCHITECTURE/GENERATED_FILE_HEADERS_AND_REBUILD.md,obsidian,3089,2a227deec098aca40aae4d55a9d1121216eb37c6f0fdc4f21d9a07d0bf0a45e0
docs/alpha_lab_master_architecture/context_lifecycle_os/02_REPOSITORY_ARCHITECTURE/GLOBAL_LINEAGE_MODEL.md,obsidian,3072,bba1d404b2ae05011dbbc0724759b8c058d426e6863a110fc7c2f40d37d93a92
docs/alpha_lab_master_architecture/context_lifecycle_os/02_REPOSITORY_ARCHITECTURE/NAMING_AND_IDENTITY_STANDARD.md,obsidian,3064,b84bc975cf36042062a5bcdae83381c3df33b69d8b9ccb8d3f06668a696e4c26
docs/alpha_lab_master_architecture/context_lifecycle_os/02_REPOSITORY_ARCHITECTURE/PLUGIN_AND_EXTENSION_MODEL.md,obsidian,3075,d8fcfad5ec9da588b2ef86e938913f62edbfd43d8b480feb74604eda1f78fdfe
docs/alpha_lab_master_architecture/context_lifecycle_os/02_REPOSITORY_ARCHITECTURE/PORTS_AND_ADAPTERS.md,obsidian,3053,3e60ea4f5ec4ce6d3f3b5121d491683e79a5151da8a9d8611c4918a67dfdd94c
docs/alpha_lab_master_architecture/context_lifecycle_os/02_REPOSITORY_ARCHITECTURE/REPOSITORY_INDEXING_AND_DISCOVERY.md,obsidian,3088,318fb516b99678d859ed5ed7585bce2fdc503447a5b9417298740bc24c3bdd87
docs/alpha_lab_master_architecture/context_lifecycle_os/02_REPOSITORY_ARCHITECTURE/SCHEMA_EVOLUTION_POLICY.md,obsidian,3048,6cd5a79c78c7383cd0f3e879ad37e8a18deae9b3e53df2c35a7d5cc04b2c4d47
docs/alpha_lab_master_architecture/context_lifecycle_os/02_REPOSITORY_ARCHITECTURE/STABLE_KERNEL_AND_EXTENSION_BOUNDARIES.md,obsidian,3100,1165ecba8b0a01776126a0756f6ea8e15c5d274f617df7b5e29a2cd160bbd210
docs/alpha_lab_master_architecture/context_lifecycle_os/02_REPOSITORY_ARCHITECTURE/VERSIONING_COMPATIBILITY_AND_MIGRATION.md,obsidian,3106,a6e4bc577b5bd601e42b390b51c02083d8625fd7e0cb4f59063c475aca7a2657
docs/alpha_lab_master_architecture/context_lifecycle_os/03_CONTEXT_STANDARD/00_MOC.md,obsidian,1062,e785645e72618e8fe381e3814fc0b2302a48691125f55384b71284507e9f7b65
docs/alpha_lab_master_architecture/context_lifecycle_os/03_CONTEXT_STANDARD/CAUSAL_AND_KNOWN_TIME_CLOCK.md,obsidian,3060,ef2e8d58b1b22aeed23e1f08021b578e4e223ace40f2672bffe3e77b7d6efe3f
docs/alpha_lab_master_architecture/context_lifecycle_os/03_CONTEXT_STANDARD/CONTEXT_ACCEPTANCE_GATES.md,obsidian,3071,00d4e4254f3ebd04c8bcfa943754cda94be30095e7b1eec2beed3d250c5f5091
docs/alpha_lab_master_architecture/context_lifecycle_os/03_CONTEXT_STANDARD/CONTEXT_COMPILER.md,obsidian,3066,2edd7b52b8aa09dcc65387d49c27e1ca0894eb22050fa8dc71bbebd853c70b67
docs/alpha_lab_master_architecture/context_lifecycle_os/03_CONTEXT_STANDARD/CONTEXT_COMPLETENESS_AND_MISSINGNESS.md,obsidian,3092,9fb434deb2f67d831af617b6f2d1b136587423e9944ed252f798357d632817aa
docs/alpha_lab_master_architecture/context_lifecycle_os/03_CONTEXT_STANDARD/CONTEXT_EXAMPLE_AND_COUNTEREXAMPLE_STANDARD.md,obsidian,3106,b3cb69a94b4949d4b01a6269aed40462570e36c64c606da24bab2ae567d44111
docs/alpha_lab_master_architecture/context_lifecycle_os/03_CONTEXT_STANDARD/CONTEXT_INTAKE_WIZARD.md,obsidian,3067,06b37e3a455d2607e546c13dbbf78bcdf3426a8508ad917a575f7bdf3bdc9193
docs/alpha_lab_master_architecture/context_lifecycle_os/03_CONTEXT_STANDARD/CONTEXT_ONBOARDING_FACTORY.md,obsidian,3086,5c2d9f1b44223ef88184b78f134cf4240a2612fc4d2ea2a0fca87091ad623378
docs/alpha_lab_master_architecture/context_lifecycle_os/03_CONTEXT_STANDARD/CONTEXT_ONTOLOGY_AND_RELATIONS.md,obsidian,3068,ca5ed31d66092401bb11c503160197977fa10bf1f09709ed5b7cef8c97a9ff3b
docs/alpha_lab_master_architecture/context_lifecycle_os/03_CONTEXT_STANDARD/CONTEXT_PACKAGE_STANDARD.md,obsidian,3081,7609e6dd3574402411c594862c0ba50fb3c1464ce07032e34ffd42d39ec3e2d1
docs/alpha_lab_master_architecture/context_lifecycle_os/03_CONTEXT_STANDARD/CONTEXT_READINESS_REPORT.md,obsidian,3069,4f985b380eab3f0014d00bb40d5793f323c2fd4adb7525a342556d0a83153069
docs/alpha_lab_master_architecture/context_lifecycle_os/03_CONTEXT_STANDARD/CONTEXT_SECURITY_PROFILE.md,obsidian,3078,2df6cfa688e280d1029ff01036e70b2861cbe1dfca427a3daf095ff34989b699
docs/alpha_lab_master_architecture/context_lifecycle_os/03_CONTEXT_STANDARD/CONTEXT_STATE_MACHINE_CONTRACT.md,obsidian,3099,3f0eb35b4d2ff20375c2fdd70e9604ea6291dc34fb8b73c6cb408ba1d0ffd4ef
docs/alpha_lab_master_architecture/context_lifecycle_os/03_CONTEXT_STANDARD/CONTEXT_TESTING_STANDARD.md,obsidian,3073,c60dffc0ee3c839cc42586bb13da3b47853f696eaffb0c2a525fbc50c447527a
docs/alpha_lab_master_architecture/context_lifecycle_os/03_CONTEXT_STANDARD/CONTEXT_VERSIONING_AND_AMENDMENTS.md,obsidian,3082,5734690e7c4c9a483a12452cef169de778f42bc5a8c466ee9eef70a785f1ca22
docs/alpha_lab_master_architecture/context_lifecycle_os/03_CONTEXT_STANDARD/DATA_AND_MARKET_CONTRACT.md,obsidian,3077,8b2930c27356fa2ce6094251527c04fb5e2195da207b70839a68efe687b4f22d
docs/alpha_lab_master_architecture/context_lifecycle_os/03_CONTEXT_STANDARD/DOCTRINE_AND_SEMANTIC_SPECIFICATION.md,obsidian,3072,d36c42353d7a062b45f61ade4285ed90c418f4c990454ad0dce434615c1cf472
docs/alpha_lab_master_architecture/context_lifecycle_os/03_CONTEXT_STANDARD/FEATURE_VIEW_DECLARATIONS.md,obsidian,3085,de2f3e79e3670911f8f9840d6aafddefd4d0b007d4de2beeaf4e7e27baa72914
docs/alpha_lab_master_architecture/context_lifecycle_os/03_CONTEXT_STANDARD/MULTIMODAL_VIEW_BINDING.md,obsidian,3079,85866b8e71fdad089f49f53d93db124b6afd77688847319394c805882a7e3958
docs/alpha_lab_master_architecture/context_lifecycle_os/03_CONTEXT_STANDARD/OCCURRENCE_IDENTITY_AND_LEDGER.md,obsidian,3082,49a4f482c448dcbaac9cca40ca3e7af055f8a8f4a5e5c280cae305ae60170f03
docs/alpha_lab_master_architecture/context_lifecycle_os/03_CONTEXT_STANDARD/REFERENCE_AND_ANCESTRY_CONTRACT.md,obsidian,3082,8110a32ea4976b1f2123b10154d2600a7ba04d7f46cfbaf26f8dbc4e49b65a6d
docs/alpha_lab_master_architecture/context_lifecycle_os/03_CONTEXT_STANDARD/SCOPE_AND_NON_GOALS.md,obsidian,3059,dd23fdf3201d377752e2d65dcc850a971053c08ba6d83279acd7798def629885
docs/alpha_lab_master_architecture/context_lifecycle_os/03_CONTEXT_STANDARD/SEMANTIC_TEMPORAL_HYPERGRAPH_BINDING.md,obsidian,3077,1f641b67fe45ab38523d9d42098a6955e0e42ecde285530efc80627b0a8be6bc
docs/alpha_lab_master_architecture/context_lifecycle_os/03_CONTEXT_STANDARD/TREATMENT_ENVELOPE.md,obsidian,3044,261cb1ad398513b7394997a2299df1668579c149ac636dc65e35544dd575242c
docs/alpha_lab_master_architecture/context_lifecycle_os/04_SETUP_FACTORY/00_MOC.md,obsidian,836,8b5979410b0902d3e416c16e8021222766c6e028ad57095200c79c0b44c49ff3
docs/alpha_lab_master_architecture/context_lifecycle_os/04_SETUP_FACTORY/AI_SETUP_GENERATION_POLICY.md,obsidian,3082,25e5442b763e6c344ef174d44dd47c795fc7954bafdda4438ee19098156d0bbf
docs/alpha_lab_master_architecture/context_lifecycle_os/04_SETUP_FACTORY/BASELINE_SETUP_PROGRAM.md,obsidian,3055,2003b58092120feadc43efff793e3b6f95f9ba05e7865ea2b09d7349a470d78f
docs/alpha_lab_master_architecture/context_lifecycle_os/04_SETUP_FACTORY/CONSTRAINT_SOLVER_AND_ACTION_LATTICE.md,obsidian,3099,89636e937184ef4158356980f367851b0abc923fd546e29b3b599e9663bbc09a
docs/alpha_lab_master_architecture/context_lifecycle_os/04_SETUP_FACTORY/DUAL_LANE_SETUP_FACTORY.md,obsidian,3067,35c9b57347ffa12fa6b43643483bd8f471d17463ffd87247796d6724d4b9338c
docs/alpha_lab_master_architecture/context_lifecycle_os/04_SETUP_FACTORY/HUMAN_SETUP_DSL.md,obsidian,3055,ab292442ed69a1ad5446547e47f0781aa27c829664e2a010c404880b854d008b
docs/alpha_lab_master_architecture/context_lifecycle_os/04_SETUP_FACTORY/NEUROSYMBOLIC_RULE_EXTENSION_STANDARD.md,obsidian,3107,ee7ba531ec0b6d937d270931cdb0d8823c4f0534915b71df35ea2c1b891f532e
docs/alpha_lab_master_architecture/context_lifecycle_os/04_SETUP_FACTORY/SETUP_ABSTENTION_AND_FALLBACK.md,obsidian,3074,61c7ad777ae3aed8eaa7e1b81c4fdf581b16e7682935004a0373d7fd0bff95fa
docs/alpha_lab_master_architecture/context_lifecycle_os/04_SETUP_FACTORY/SETUP_ATOM_REGISTRY.md,obsidian,3045,d352ac3045667391b247bbad8cecbb643a8d0f004a81dcc1536c58b860fa9f26
docs/alpha_lab_master_architecture/context_lifecycle_os/04_SETUP_FACTORY/SETUP_CANONICALIZATION_AND_HASHING.md,obsidian,3080,44370e9a1ded10a2e9f7e2eb79246bf4b2a5eba38b568ef3612ca9f15bafe578
docs/alpha_lab_master_architecture/context_lifecycle_os/04_SETUP_FACTORY/SETUP_COMPATIBILITY_MATRIX.md,obsidian,3081,cebcbecbce39d3fde95313169430bf3bc652d02fde385e034a7a2c62d586de5b
docs/alpha_lab_master_architecture/context_lifecycle_os/04_SETUP_FACTORY/SETUP_EXTENSION_SDK.md,obsidian,3055,a2fa030aef393cda65a2b0534fd8ee6a5c5be57d77a8f45ce5e59ee4225202d3
docs/alpha_lab_master_architecture/context_lifecycle_os/04_SETUP_FACTORY/SETUP_LIFECYCLE_AND_STATUS.md,obsidian,3068,68d57a756dbfc605bce56fa99b9d41bcc015d0045c27b0b91c569ed718303538
docs/alpha_lab_master_architecture/context_lifecycle_os/04_SETUP_FACTORY/SETUP_PARAMETER_DOMAIN_STANDARD.md,obsidian,3074,d6a36a58641f343d138844384babcd5f4172f91881da3a9f4c5e669e378b540d
docs/alpha_lab_master_architecture/context_lifecycle_os/04_SETUP_FACTORY/SETUP_PLAIN_LANGUAGE_PROJECTION.md,obsidian,3089,6589da7c10308675ec7bff5e6c9e76e8e3876c52ee178fcc29e730311f99a9e6
docs/alpha_lab_master_architecture/context_lifecycle_os/04_SETUP_FACTORY/SETUP_POLICY_IR.md,obsidian,3099,3f7d54b8c8c3853419a5ef16f9a4ec08b0f5aeeb4435060af45feec4908abdfc
docs/alpha_lab_master_architecture/context_lifecycle_os/04_SETUP_FACTORY/SETUP_PROVENANCE_AND_DEDUPLICATION.md,obsidian,3091,39941b79f50d7e2eb4e80a10a6f54a1e56b2510252c28a6b4e8fb7e5852eef75
docs/alpha_lab_master_architecture/context_lifecycle_os/04_SETUP_FACTORY/SETUP_SEARCH_AUTHORITY.md,obsidian,3057,63f39e09a1a8314d9b3960fdb34502d86f42d424fe090bc68e8b9f49cc8c2ff3
docs/alpha_lab_master_architecture/context_lifecycle_os/05_RESEARCH_BATCH/00_MOC.md,obsidian,883,8022d49f6f60eaa369a1445343c5e4296cdbff83537a556b4301a208fd9562da
docs/alpha_lab_master_architecture/context_lifecycle_os/05_RESEARCH_BATCH/BATCH_DAG_ORCHESTRATOR.md,obsidian,3070,b5d99475f1022eb4bfd132d43ac9d12901ac55425b9b8acb87aa40367c77cb37
docs/alpha_lab_master_architecture/context_lifecycle_os/05_RESEARCH_BATCH/BATCH_EVENT_MODEL.md,obsidian,3054,1067f0d5ecb66e703750a20d699c001593581cc84712fccbb3c588439e201921
docs/alpha_lab_master_architecture/context_lifecycle_os/05_RESEARCH_BATCH/BATCH_FREEZE_PROTOCOL.md,obsidian,3079,046cdbdfa93c389820225d220dab27c03ab288837c078e44c686c381d7568d2c
docs/alpha_lab_master_architecture/context_lifecycle_os/05_RESEARCH_BATCH/BATCH_MANIFEST_STANDARD.md,obsidian,3074,d70fd476c800540c610985a0fdcfb26fe682521700c0b923c97ecd1ca2411a71
docs/alpha_lab_master_architecture/context_lifecycle_os/05_RESEARCH_BATCH/BATCH_REPRODUCTION_BUNDLE.md,obsidian,3067,6d4eb2dac9590c30d7f935d095fd0cb53a837c0b110ba809f0950b5cac6c7e3c
docs/alpha_lab_master_architecture/context_lifecycle_os/05_RESEARCH_BATCH/BATCH_SECURITY_AND_ISOLATION.md,obsidian,3073,9279cdfcb7de16c7d72d9542b4ce011cb79d1d0bec1b9d193d1b36609bac6a7b
docs/alpha_lab_master_architecture/context_lifecycle_os/05_RESEARCH_BATCH/CACHE_IDEMPOTENCY_AND_REPLAY.md,obsidian,3076,bc8c894022bad1d5a1d31bafbf0ec5010ac1e0c002750beb0eb2ac0e95829f04
docs/alpha_lab_master_architecture/context_lifecycle_os/05_RESEARCH_BATCH/COMPLETE_SEARCH_EXPOSURE.md,obsidian,3068,b9e24730cf5b54c330cdbc8c13775c0e8508deb91215508ef15c878678b5a5d5
docs/alpha_lab_master_architecture/context_lifecycle_os/05_RESEARCH_BATCH/COMPUTE_BUDGET_AND_CANCELLATION.md,obsidian,3075,fb6342f858d6eea5fc6dd7ddeb19cfb3bbac78c782c3205772be1112246fc6a8
docs/alpha_lab_master_architecture/context_lifecycle_os/05_RESEARCH_BATCH/CONTENT_ADDRESSED_ARTIFACT_STORE.md,obsidian,3080,4740b20e1b258c5f0e1aebb68a3718bc2367bea159005bdccd35333e3b8c8d24
docs/alpha_lab_master_architecture/context_lifecycle_os/05_RESEARCH_BATCH/DATASET_SNAPSHOT_AND_CUT.md,obsidian,3068,4f810f79ef4df962e620b0380044b23649155b83f2b3ab485ec352e769be7f05
docs/alpha_lab_master_architecture/context_lifecycle_os/05_RESEARCH_BATCH/IMMUTABLE_RESEARCH_BATCH.md,obsidian,3072,9e86b0cbba99dbbc39e552897570cd1c5c79e1c4acc810e2cc93ca0a8dc04566
docs/alpha_lab_master_architecture/context_lifecycle_os/05_RESEARCH_BATCH/LABEL_AND_DATASET_COMPILER.md,obsidian,3079,e26b02d4c3c5a7844a207dce00b0e242fe36e643360f7afbee83888620e81e9c
docs/alpha_lab_master_architecture/context_lifecycle_os/05_RESEARCH_BATCH/OUTCOME_CUBE_AND_LABEL_MATURITY.md,obsidian,3091,22ef1ab649fe88cb904ada834cf59cbc58ca2ba518d16334754755190b658836
docs/alpha_lab_master_architecture/context_lifecycle_os/05_RESEARCH_BATCH/REPRODUCIBLE_ENVIRONMENT.md,obsidian,3060,cf08e430c1fa2f619a9ff68081133114df7de4c7976e649e6fa362603ae8362a
docs/alpha_lab_master_architecture/context_lifecycle_os/05_RESEARCH_BATCH/RESEARCH_FAILURE_TAXONOMY.md,obsidian,3089,5645ef0eef122c983c6f939f3600fe34c3c3f15fd1849124cece561f0bd39a0d
docs/alpha_lab_master_architecture/context_lifecycle_os/05_RESEARCH_BATCH/SEARCH_SPACE_FREEZE.md,obsidian,3054,b16c1be02e57a7a4708e94d835abe1eb0d74c6e1e7c5b944c95a3c2cbd41d24c
docs/alpha_lab_master_architecture/context_lifecycle_os/05_RESEARCH_BATCH/SPLIT_AND_CLUSTER_STANDARD.md,obsidian,3063,c9441c6f29e815a763461fb3a6e1298472b102a5de0ec4267ccd5884afe45ced
docs/alpha_lab_master_architecture/context_lifecycle_os/05_RESEARCH_BATCH/TASK_REGISTRY_AND_CONTRACT.md,obsidian,3083,0022b7dbd792bdb617628735782f035c44bb5e820234e0aaf831b282474cd876
docs/alpha_lab_master_architecture/context_lifecycle_os/06_VALIDATION_AND_VALUE/00_MOC.md,obsidian,1325,b2c1ad30e842fcf9254dfddc2dbb0da7c715905dc94db1c3bc9997064aaae533
docs/alpha_lab_master_architecture/context_lifecycle_os/06_VALIDATION_AND_VALUE/CAUSAL_CLAIM_AND_SENSITIVITY_GATE.md,obsidian,3079,f088945498239ac83ac7df41a3fabb51b1a1a81dd04b512a0c13d2b66029daac
docs/alpha_lab_master_architecture/context_lifecycle_os/06_VALIDATION_AND_VALUE/CONFORMAL_AND_SELECTIVE_CONTROL_BINDING.md,obsidian,3096,e7d45a518e8d43d8b99683bd231e152b19d0488acc1e972e89da6c20ad744602
docs/alpha_lab_master_architecture/context_lifecycle_os/06_VALIDATION_AND_VALUE/CROSS_SYMBOL_BROKER_AND_MARKET_GENERALIZATION.md,obsidian,3098,ac7725f0bfcaf4d00e768520a913f6c2c9fe412e8a54301a70ed87246870ac10
docs/alpha_lab_master_architecture/context_lifecycle_os/06_VALIDATION_AND_VALUE/DATA_QUALITY_AND_LEAKAGE_GATE.md,obsidian,3095,aae846a9cd0218eef675296cd91c0ebb63c9d7ae49c406c807eca1d60a435441
docs/alpha_lab_master_architecture/context_lifecycle_os/06_VALIDATION_AND_VALUE/DISTRIBUTIONAL_SURVIVAL_AND_TAIL_GATE.md,obsidian,3098,96e2e533a3ac4a66b4413be0653188b093128771ef1b3ee7686ee967860a8933
docs/alpha_lab_master_architecture/context_lifecycle_os/06_VALIDATION_AND_VALUE/EXECUTION_ECONOMICS_GATE.md,obsidian,3076,bd82c90735bbbb111d74a265816ffe4a43f59e8266f48f6096f08e79932c8d96
docs/alpha_lab_master_architecture/context_lifecycle_os/06_VALIDATION_AND_VALUE/GENERALIZATION_SCORECARD.md,obsidian,3072,d6e3d486b1ecaae6e085400099bbdc7ff96dc5d4ab93501bd89e329ce99633c0
docs/alpha_lab_master_architecture/context_lifecycle_os/06_VALIDATION_AND_VALUE/HIDDEN_EVALUATION_PROTOCOL.md,obsidian,3070,44034aec7af0d83f87715d58d079a91caae5e2cc2d107ab81c99d71fac35576f
docs/alpha_lab_master_architecture/context_lifecycle_os/06_VALIDATION_AND_VALUE/INCREMENTAL_AI_VALUE.md,obsidian,3064,8d220780aecf70d9729c02c736ace7b55403b4fa6d8ea0aae4d4a54804194b68
docs/alpha_lab_master_architecture/context_lifecycle_os/06_VALIDATION_AND_VALUE/INDEPENDENT_REPLICATION_GATE.md,obsidian,3062,366fe0e632523e87933b35393ba3da686236c4eeceddaf6d9c1dedeebc221923
docs/alpha_lab_master_architecture/context_lifecycle_os/06_VALIDATION_AND_VALUE/MECHANISTIC_INTERPRETABILITY_BINDING.md,obsidian,3094,60d5f34dcc0d9e6d5e1a3b6aa7b5166c19f581dcdee3cc0a5779a65fb574a8eb
docs/alpha_lab_master_architecture/context_lifecycle_os/06_VALIDATION_AND_VALUE/MINIMUM_SUPPORT_AND_EFFECT_SIZE.md,obsidian,3087,ec7852e7615793200b0537b92e11ed5aee6f7ffe16ffb5dbbd96e328bf3ee53e
docs/alpha_lab_master_architecture/context_lifecycle_os/06_VALIDATION_AND_VALUE/ONLINE_FDR_AND_MULTIPLE_TESTING.md,obsidian,3075,917e7053a42af2342940234a361e60d9396e4167da7103182c226ce374b80668
docs/alpha_lab_master_architecture/context_lifecycle_os/06_VALIDATION_AND_VALUE/OOD_UNCERTAINTY_AND_ABSTENTION.md,obsidian,3077,f839efc77998877aa58ffeacfc0068f9337ce5effd3a5fe64f319090779b8911
docs/alpha_lab_master_architecture/context_lifecycle_os/06_VALIDATION_AND_VALUE/OVERFIT_CONTROL_BATTERY.md,obsidian,3083,df6324efbf19e2ee7172901619ae0efd235489e1de01e5fd5f3542843f51c678
docs/alpha_lab_master_architecture/context_lifecycle_os/06_VALIDATION_AND_VALUE/PBO_AND_SELECTION_DIAGNOSTICS.md,obsidian,3073,4613bebc500fad8507bf46ad1b05998846442f4782733be2e5e9ca3fb8bebfc8
docs/alpha_lab_master_architecture/context_lifecycle_os/06_VALIDATION_AND_VALUE/PORTFOLIO_AND_CAPACITY_GATE.md,obsidian,3072,10b659c0a3c45064f5dfd28df8afb3c131b41d5fdd587bf826741c0dab88a44b
docs/alpha_lab_master_architecture/context_lifecycle_os/06_VALIDATION_AND_VALUE/PROMOTION_DECISION_POLICY.md,obsidian,3064,30da23a98bf2233e5987e8adfb725d35055fea1aa7f5d78446ed622f0ed31023
docs/alpha_lab_master_architecture/context_lifecycle_os/06_VALIDATION_AND_VALUE/PROSPECTIVE_EVIDENCE_GATE.md,obsidian,3062,0df2562242ddea9367cf635f497b285fb12a992cb2da1f98bbb3895535b9dd78
docs/alpha_lab_master_architecture/context_lifecycle_os/06_VALIDATION_AND_VALUE/RANDOM_BASELINE_CATALOG.md,obsidian,3081,f77a0eb1b4af9d55c40a3ad5dde191e9e35586445ea06ef7976c6cae1f1018d6
docs/alpha_lab_master_architecture/context_lifecycle_os/06_VALIDATION_AND_VALUE/REALITY_CHECK_AND_DEFLATED_PERFORMANCE.md,obsidian,3089,d6fe1536a2a1239731dbccdd212fd328c817a12365971e430f30781f36b98989
docs/alpha_lab_master_architecture/context_lifecycle_os/06_VALIDATION_AND_VALUE/ROBUST_OPTIMIZATION_AND_REGRET_GATE.md,obsidian,3092,5d6f2c62b82a174a181af35ad3549ad6b2bab18c413f8d557afb88b1e1e1b88b
docs/alpha_lab_master_architecture/context_lifecycle_os/06_VALIDATION_AND_VALUE/STRESS_TAIL_AND_ADVERSARIAL_GATE.md,obsidian,3092,afa1285e17a9a172b46dc03fcf6fcb76cebee84da81068758eddff35014a3baa
docs/alpha_lab_master_architecture/context_lifecycle_os/06_VALIDATION_AND_VALUE/TEMPORAL_AND_REGIME_GENERALIZATION.md,obsidian,3092,90f63b7033484ef1334395e9450fce3e8f535c4fc1e8be592d5008307b598e77
docs/alpha_lab_master_architecture/context_lifecycle_os/06_VALIDATION_AND_VALUE/UNIFIED_STATISTICAL_GATE.md,obsidian,3083,592ed43fd231c55ba341c782f75114415761b682d0a519db946d0c21510939d3
docs/alpha_lab_master_architecture/context_lifecycle_os/06_VALIDATION_AND_VALUE/VALUE_ATTRIBUTION_AND_SHAPLEY_GOVERNANCE.md,obsidian,3103,0eb06b0d4562c130e8043448f5e3050efdb209c0bf60b0255fab8c39c8e3561d
docs/alpha_lab_master_architecture/context_lifecycle_os/06_VALIDATION_AND_VALUE/VALUE_VS_RANDOM_FRAMEWORK.md,obsidian,3109,b6d034ff81d81bef2d01d28d91e6de092553d6985c005def403684ed63fdff0b
docs/alpha_lab_master_architecture/context_lifecycle_os/06_VALIDATION_AND_VALUE/WALK_FORWARD_AND_CROSS_FITTING.md,obsidian,3075,2a548a9dafdacfc5094ac236f5d4d0611b692f83f86c9446ef129cd854c9ca68
docs/alpha_lab_master_architecture/context_lifecycle_os/07_REPORTING_AND_MEMORY/00_MOC.md,obsidian,970,a32ae5a4e5fcd8d395f4573be828d85babd7b4337740e8c078398f70db71ef51
docs/alpha_lab_master_architecture/context_lifecycle_os/07_REPORTING_AND_MEMORY/ACTIVE_RESEARCH_PLANNER.md,obsidian,3070,6b3a87ac48204752e1e1d68e5a7f55fcd5e93cbda27030b0943f13b676edc826
docs/alpha_lab_master_architecture/context_lifecycle_os/07_REPORTING_AND_MEMORY/ARTIFACT_STORAGE_AND_RETENTION.md,obsidian,3062,8d4ca95eaef4143dd7c55d2242729d920644be41c871b30fad5a2a46250a48d3
docs/alpha_lab_master_architecture/context_lifecycle_os/07_REPORTING_AND_MEMORY/AUTOMATED_BATCH_REPORTING.md,obsidian,3058,447187598c6deaee11cde1edd0afc8508148b8f11c113958342583e44ce91e34
docs/alpha_lab_master_architecture/context_lifecycle_os/07_REPORTING_AND_MEMORY/AUTOMATED_EXECUTIVE_SUMMARY.md,obsidian,3071,021403651c8e478074c68c2921dc27e7c15a768ca8b869b763e6c3408589fe8d
docs/alpha_lab_master_architecture/context_lifecycle_os/07_REPORTING_AND_MEMORY/BATCH_CHANGELOG_AND_DIFF.md,obsidian,3054,a0d3f75015c8cdb2b42bae61facc80c7bc1176bddecde8fea81414360b674b13
docs/alpha_lab_master_architecture/context_lifecycle_os/07_REPORTING_AND_MEMORY/BATCH_REPORT_SCHEMA.md,obsidian,3070,a7da51d1101a864bc63a6db9733eda29a9631834c3711ad87ac2cfca087b8698
docs/alpha_lab_master_architecture/context_lifecycle_os/07_REPORTING_AND_MEMORY/CONTEXT_PORTFOLIO_KNOWLEDGE_GRAPH.md,obsidian,3075,16b8b25ab705d8dd64d08274f766a9a09b4e9b6182e98679ebc9a8c154765d58
docs/alpha_lab_master_architecture/context_lifecycle_os/07_REPORTING_AND_MEMORY/DECISION_MEMORY.md,obsidian,3039,35b911b566fd07023beef84e62043527d9903ab9610f4065ca8d1bbd524a07c3
docs/alpha_lab_master_architecture/context_lifecycle_os/07_REPORTING_AND_MEMORY/DOCTRINE_MEMORY.md,obsidian,3032,463f7bdf9dc214f8c7bd5fb345a5eb51785132914e4cb1896b31ba3094e24c33
docs/alpha_lab_master_architecture/context_lifecycle_os/07_REPORTING_AND_MEMORY/EXPERIENCE_AND_NEGATIVE_KNOWLEDGE.md,obsidian,3080,78519c630a34b4cc432a72e319673054feb2ae05a71365123154490ffa67ff24
docs/alpha_lab_master_architecture/context_lifecycle_os/07_REPORTING_AND_MEMORY/EXPERIENCE_EXTRACTION_PIPELINE.md,obsidian,3074,3073a7d3d847fba1f6124561f526ccfd7c5d8cf4ba0f9693be867c54b96507b7
docs/alpha_lab_master_architecture/context_lifecycle_os/07_REPORTING_AND_MEMORY/KNOWLEDGE_PROMOTION_AND_DOCTRINE_AMENDMENT.md,obsidian,3111,f3eb06ebc28fab564d52240e100a036b6993904ecfa0f532a3e2fedcd30f31ca
docs/alpha_lab_master_architecture/context_lifecycle_os/07_REPORTING_AND_MEMORY/MEMORY_SECURITY_AND_POISONING_DEFENSE.md,obsidian,3106,792b7c1daa0665d7cec7d2c1fb767a9fd8726f0fd5c3a000fdcadf305d068f45
docs/alpha_lab_master_architecture/context_lifecycle_os/07_REPORTING_AND_MEMORY/NOVELTY_AND_MATERIAL_CHANGE_CLASSIFIER.md,obsidian,3100,db147dd9ba1d8d6f04d96f8a1046693e7f53ff44385bd2929bd1de997d78b445
docs/alpha_lab_master_architecture/context_lifecycle_os/07_REPORTING_AND_MEMORY/OBSIDIAN_PROJECTION_STANDARD.md,obsidian,3071,97716de16a079449458336929b0b43e8c7dfae5ffb71339edb0dcff9130bf23c
docs/alpha_lab_master_architecture/context_lifecycle_os/07_REPORTING_AND_MEMORY/REPORT_BLOCK_EXTENSION_STANDARD.md,obsidian,3068,bf7ad1219082da0f96a3f9b3e745fc724e703cd4bc2346ee93cc38549a14e248
docs/alpha_lab_master_architecture/context_lifecycle_os/07_REPORTING_AND_MEMORY/REPORT_SECURITY_AND_REDACTION.md,obsidian,3082,05dc6549cbebb8fa22b48c6a50fe297ed929ebe78afcba15a282fddfd121765c
docs/alpha_lab_master_architecture/context_lifecycle_os/07_REPORTING_AND_MEMORY/RESEARCH_MEMORY.md,obsidian,3050,9e2f668be65bc7fa32e87f51c43a3bdf868b14279f06c332e99b4f6f1337aa88
docs/alpha_lab_master_architecture/context_lifecycle_os/07_REPORTING_AND_MEMORY/RESEARCH_MEMORY_AND_DUPLICATE_PREVENTION.md,obsidian,3096,6aa7919f1d622f939032d67720e606f9b4a22a04139440c65ec434f553dbc1cf
docs/alpha_lab_master_architecture/context_lifecycle_os/07_REPORTING_AND_MEMORY/RUN_MEMORY.md,obsidian,3044,c260eb4d1fb559de0fecf7e70a97e6dc167e6abd37b229437514231a395767ae
docs/alpha_lab_master_architecture/context_lifecycle_os/08_SECURITY/00_MOC.md,obsidian,1630,36a1c3126ea1125e2f67905f6a1740c3d6eb938c46b24e2097c00da4126f12c3
docs/alpha_lab_master_architecture/context_lifecycle_os/08_SECURITY/ARTIFACT_ENCRYPTION_AND_KEY_ROTATION.md,obsidian,3099,668693ef4b32298f5fbd9efd9a58035584d23decf0655659f0f40c43ac5a3ce0
docs/alpha_lab_master_architecture/context_lifecycle_os/08_SECURITY/ATTACK_SURFACE_CATALOG.md,obsidian,3073,bad9f284a2086ff09e594c2af617f4fbe8b290437b5f497cdbad0364bc3c3980
docs/alpha_lab_master_architecture/context_lifecycle_os/08_SECURITY/AUDIT_TAMPER_EVIDENCE_AND_NON_REPUDIATION.md,obsidian,3117,818c3e76a0690d7e2a3930d2c660246440e8d36abd0c579ae5afef6bfe3da70c
docs/alpha_lab_master_architecture/context_lifecycle_os/08_SECURITY/BACKUP_RECOVERY_AND_DISASTER_RECOVERY.md,obsidian,3096,c3726c0bbd8015a0c9835352bfe6bab49a85f619043ba56c19ed18dad279ae95
docs/alpha_lab_master_architecture/context_lifecycle_os/08_SECURITY/BROKER_ACCOUNT_AND_CAPITAL_ISOLATION.md,obsidian,3108,e565aae926926d52f09febf68870da0898cdf0c0d373adce0373e09a8823d1ed
docs/alpha_lab_master_architecture/context_lifecycle_os/08_SECURITY/CI_CD_SECURITY_AND_BRANCH_PROTECTION.md,obsidian,3096,36ca0e5ec64bfc98e2c52641f0b8931b42de4e03a80434130d2d7e96c3803c84
docs/alpha_lab_master_architecture/context_lifecycle_os/08_SECURITY/DATA_CLASSIFICATION_AND_PROTECTION.md,obsidian,3092,cea46ca6123373b3ecf6f512e8621df325b57be636ec9de6916e8ae026c75767
docs/alpha_lab_master_architecture/context_lifecycle_os/08_SECURITY/DEPENDENCY_RECALL_GRAPH.md,obsidian,3077,a65dd55c660d16b4783a1ec976dc65f4342bfb201a3ad16b1f20e52c31402fa2
docs/alpha_lab_master_architecture/context_lifecycle_os/08_SECURITY/IDENTITY_ACCESS_AND_SERVICE_AUTH.md,obsidian,3114,1febf5d751a805c087917a2964a964359269f07372a6cda47154e9de280b83b6
docs/alpha_lab_master_architecture/context_lifecycle_os/08_SECURITY/INCIDENT_RESPONSE_AND_FORENSICS.md,obsidian,3091,b48a424595e91807cfd1704ed6e2dd52ffb71b458531addda7ce156ba15d532e
docs/alpha_lab_master_architecture/context_lifecycle_os/08_SECURITY/INTELLECTUAL_PROPERTY_PROTECTION.md,obsidian,3091,584ad1ac98cce62a9de3a92e6cc6efe22c8a3465fd9ee7b5f87ceee8b32718e6
docs/alpha_lab_master_architecture/context_lifecycle_os/08_SECURITY/KILL_SWITCH_AND_SAFE_SHUTDOWN.md,obsidian,3089,4d618129c53937fa73043c04176322dcf6c2ac3986d5e9d93258f80fb14f3ee5
docs/alpha_lab_master_architecture/context_lifecycle_os/08_SECURITY/MODEL_AND_CODE_SUPPLY_CHAIN.md,obsidian,3080,24054f69009378ee5d2b0245617230eb8d4fe4d3093122708ad931ce62faa6f0
docs/alpha_lab_master_architecture/context_lifecycle_os/08_SECURITY/MODEL_SECURITY_AND_ADVERSARIAL_ML.md,obsidian,3093,4b1e92a87b27a3cf22b1411bd2f4c0a8d6e36ae41d00d349f0581e3f1eac4101
docs/alpha_lab_master_architecture/context_lifecycle_os/08_SECURITY/MQL5_TERMINAL_AND_BROKER_SECURITY.md,obsidian,3092,c1a73d5a0fc3ee8b61fee4a3a61c2c35be9db1c73c41b7db7f8c45c1548b8b6a
docs/alpha_lab_master_architecture/context_lifecycle_os/08_SECURITY/NETWORK_EGRESS_AND_SERVICE_TO_SERVICE_SECURITY.md,obsidian,3100,0180b7487ec0f47e93074a822f2ed0ac660e3a7ccc9992b66d1fbe9f44f0eedf
docs/alpha_lab_master_architecture/context_lifecycle_os/08_SECURITY/PLUGIN_SANDBOX_AND_CAPABILITY_SECURITY.md,obsidian,3107,830d234f156457fea2dc63f8a752e950335350463d9442ece8bb3d284bfad88d
docs/alpha_lab_master_architecture/context_lifecycle_os/08_SECURITY/PRIVILEGED_ACCESS_WORKSTATIONS.md,obsidian,3092,c055c1d8e67937e01faf7686a56026ea16600f23b814ae9c39963e0f5e701d03
docs/alpha_lab_master_architecture/context_lifecycle_os/08_SECURITY/QUARANTINE_RECALL_AND_REVOCATION.md,obsidian,3093,1495e4a480635dd93e204f897b6c3a3ecf9400b133be4271889213ef0073e4df
docs/alpha_lab_master_architecture/context_lifecycle_os/08_SECURITY/RED_TEAM_AND_SECURITY_VALIDATION.md,obsidian,3070,121a94c9662fa2b8cb7e96506f5ca8ee56c81983d32ad33dd2cc4fe4b6c18d43
docs/alpha_lab_master_architecture/context_lifecycle_os/08_SECURITY/RELEASE_SIGNING_AND_PROVENANCE.md,obsidian,3077,1dcb8f11b49a9b610b501f640a129cd8f2049c6037e813af4a61c0f0024fe8d2
docs/alpha_lab_master_architecture/context_lifecycle_os/08_SECURITY/REPRODUCIBLE_BUILDS_AND_PROVENANCE.md,obsidian,3107,bc817e72eb2f1d353721782f45c0d8259b7aa61d2e0601f89b6c6ffc68ce3ed1
docs/alpha_lab_master_architecture/context_lifecycle_os/08_SECURITY/RUNTIME_TRUSTED_COMPUTING_BASE.md,obsidian,3098,b0e0c7f94d315a09ba770382dd08dacdae9d97fc56db335ddb93c9d8178e44b9
docs/alpha_lab_master_architecture/context_lifecycle_os/08_SECURITY/SBOM_VULNERABILITY_AND_LICENSE_GOVERNANCE.md,obsidian,3115,f66364315138e3ae8d1426e6d2a6da645b613e58f217849071fd3bfd28370460
docs/alpha_lab_master_architecture/context_lifecycle_os/08_SECURITY/SECRETS_KEYS_AND_SIGNING_CUSTODY.md,obsidian,3100,d5964306ee3bb88704a166a453f940eda310a4350ea76c5b842f5c434092b503
docs/alpha_lab_master_architecture/context_lifecycle_os/08_SECURITY/SECURE_DEVELOPMENT_LIFECYCLE.md,obsidian,3089,40e9a07dda69756495127f00f65516ca4c9585a861f2c8e21e0a6c518190c78c
docs/alpha_lab_master_architecture/context_lifecycle_os/08_SECURITY/SECURITY_ARCHITECTURE_OVERVIEW.md,obsidian,3077,c3e0750c131098d1ca656bfb17135c2dceb2cfc94c98dacf8d74f2f6a8d0acd0
docs/alpha_lab_master_architecture/context_lifecycle_os/08_SECURITY/SECURITY_CONSTITUTION.md,obsidian,3089,3a3e3b7528938c26abe850ad5bde0606f9741bdc64d68943d348f6f1714a5bd2
docs/alpha_lab_master_architecture/context_lifecycle_os/08_SECURITY/SECURITY_EVIDENCE_BUNDLE.md,obsidian,3079,54bc2b854aa5b7b819996b4bf4333489cbfecad2c0ac00f9347e9ecbd4258b7a
docs/alpha_lab_master_architecture/context_lifecycle_os/08_SECURITY/SECURITY_EXTENSION_STANDARD.md,obsidian,3092,d11527d820c1639f04d7469b2b13273b2a24c927c419cc5c0da40d6234604dbb
docs/alpha_lab_master_architecture/context_lifecycle_os/08_SECURITY/SECURITY_MONITORING_AND_DETECTION.md,obsidian,3079,7a2cedc15ae555aa8136e46d14e47692734e28ebb03cb5d03758d01605f9151f
docs/alpha_lab_master_architecture/context_lifecycle_os/08_SECURITY/SECURITY_POLICY_AS_CODE.md,obsidian,3072,b3b464c51e5f65d3f6f40cfa97852cf4f79964386226101034e00d92b2a55b6c
docs/alpha_lab_master_architecture/context_lifecycle_os/08_SECURITY/SECURITY_RISK_REGISTER.md,obsidian,3059,24e6870bfa796205240d3d8a8f502093bcf1b00db0785524ce35d7e3601beeee
docs/alpha_lab_master_architecture/context_lifecycle_os/08_SECURITY/SECURITY_ZONES_AND_TRUST_BOUNDARIES.md,obsidian,3110,56044b9b30525bf6f65102dc927bab70880e20611555c607967455d8a4650514
docs/alpha_lab_master_architecture/context_lifecycle_os/08_SECURITY/STATIC_DYNAMIC_AND_SECRET_SCANNING.md,obsidian,3087,056b47341e140b628b2ae83eba1ea8341cfe983210a571b434971221c1e78ca1
docs/alpha_lab_master_architecture/context_lifecycle_os/08_SECURITY/THREAT_MODEL.md,obsidian,3062,cc73540a3f222f86df32764df91149a2d33f57cdb71e41aa2b5003c31cb88b12
docs/alpha_lab_master_architecture/context_lifecycle_os/09_CONTROL_PLANE/00_MOC.md,obsidian,931,6c677fc559b0356b9d989a701c4cb6536d36a4c094e2a916d526793b4855f0d5
docs/alpha_lab_master_architecture/context_lifecycle_os/09_CONTROL_PLANE/API_CLI_AND_OPERATOR_EXPERIENCE.md,obsidian,3088,f5fbc569caf1b3313cb70e863b6723d09c55dbd6f1ed90579f306e81de492f6e
docs/alpha_lab_master_architecture/context_lifecycle_os/09_CONTROL_PLANE/COMMAND_AND_EVENT_CONTRACTS.md,obsidian,3055,7273f62b74be464b59854306e836260f4b9a1e66b3b318487c0ac236f4bd39bd
docs/alpha_lab_master_architecture/context_lifecycle_os/09_CONTROL_PLANE/CONTROL_PLANE_COMPONENTS.md,obsidian,3085,e36e7f65a7e886ab219f19f06e4188da5a7b1ca952dcfac3dc20c8895df07ad0
docs/alpha_lab_master_architecture/context_lifecycle_os/09_CONTROL_PLANE/CONTROL_PLANE_HIGH_AVAILABILITY.md,obsidian,3072,a8be0af030307e7b665d93857c4de80d8ddc351136a216f425687a629e345f0b
docs/alpha_lab_master_architecture/context_lifecycle_os/09_CONTROL_PLANE/CONTROL_PLANE_SECURITY.md,obsidian,3059,966cc0396829dbdea280f198fa5b1b08804a407a8c1ad8d908108b80f854b64a
docs/alpha_lab_master_architecture/context_lifecycle_os/09_CONTROL_PLANE/DEPLOYMENT_TOPOLOGY.md,obsidian,3066,21b28592173004bff9ffe1621e752ea08c3cd49ea9377d3fe0fc6b43bda8f374
docs/alpha_lab_master_architecture/context_lifecycle_os/09_CONTROL_PLANE/EVENT_LEDGER_AND_IDEMPOTENCY.md,obsidian,3068,157372ae064a8f8116b3eff36bdcf73a9ffe38627f9f0138e636c14144279eb3
docs/alpha_lab_master_architecture/context_lifecycle_os/09_CONTROL_PLANE/MODULAR_MONOLITH_FIRST.md,obsidian,3065,106683177529079297dcc33abb4d1055c271296ac8cce4828f80d4eaa6883cc2
docs/alpha_lab_master_architecture/context_lifecycle_os/09_CONTROL_PLANE/MULTI_TENANCY_AND_CONTEXT_ISOLATION.md,obsidian,3091,077f68a66e1b819577a0517f71fda1c9e7e6a1ea12e376e6cdae37c89d8482cf
docs/alpha_lab_master_architecture/context_lifecycle_os/09_CONTROL_PLANE/OBSERVABILITY_AND_SLOS.md,obsidian,3067,387d099d249377c934c338daaccff9d8f2b02c9992644fc635ca86a9bb7e8556
docs/alpha_lab_master_architecture/context_lifecycle_os/09_CONTROL_PLANE/OPERATOR_DASHBOARD_AND_DECISION_INBOX.md,obsidian,3091,88fb9b741cab68a5be142b11549c6b5cbb43ca039f8c25bba969fa52cbd8f179
docs/alpha_lab_master_architecture/context_lifecycle_os/09_CONTROL_PLANE/PLAN_COMPILER_AND_ALLOWED_NEXT_ACTIONS.md,obsidian,3082,aca19d7c0f4bc3b03e3813af8c857f48d5105e46a293b88f82b42c8936a696df
docs/alpha_lab_master_architecture/context_lifecycle_os/09_CONTROL_PLANE/POLICY_ENGINE_AND_ALLOWED_NEXT_ACTIONS.md,obsidian,3086,06b2761bdaae50ac601a900407a3a75da6a31603935e76122cb4d24a4595339a
docs/alpha_lab_master_architecture/context_lifecycle_os/09_CONTROL_PLANE/POLICY_OBLIGATIONS_AND_ENFORCEMENT.md,obsidian,3101,71d9dbb45804cafab9a5753453b02cebe6998a1d606b4d0d60af98e990a7a29e
docs/alpha_lab_master_architecture/context_lifecycle_os/09_CONTROL_PLANE/REGISTRIES_AND_CATALOGS.md,obsidian,3082,c353e6f31432d0ee1d8d442e83a1b4356968e4e638dad45ace3a96e0d8fbde36
docs/alpha_lab_master_architecture/context_lifecycle_os/09_CONTROL_PLANE/REGISTRY_CONSISTENCY_AND_RECONCILIATION.md,obsidian,3108,f22eea44f6db517131d8f412549e988d48a57a905d2f00b6d16628858239af07
docs/alpha_lab_master_architecture/context_lifecycle_os/09_CONTROL_PLANE/TENANT_QUOTAS_AND_FAIR_SCHEDULING.md,obsidian,3069,ca2186668b247cd8da22f105b2cf0db663814b97f43487f9a9e5cb7c1d44d30d
docs/alpha_lab_master_architecture/context_lifecycle_os/09_CONTROL_PLANE/WORKFLOW_VERSIONING_AND_RESUME.md,obsidian,3067,16d27c9bc41e5bc662187d2e98d943267398a15dd7b2daeff0eafda9e62d88ec
docs/alpha_lab_master_architecture/context_lifecycle_os/10_ONE_HOUR_CONTEXT/00_MOC.md,obsidian,690,1b292c5cf54e9eb986e3bf164e734f1418b2065580ee41ecb55437cec3b4f429
docs/alpha_lab_master_architecture/context_lifecycle_os/10_ONE_HOUR_CONTEXT/ONE_HOUR_ASSESSMENT_PROTOCOL.md,obsidian,3073,378614962032e37bb72a78c836fc899af9b94a6ca8cae2f0e8b6a412c6ac8af0
docs/alpha_lab_master_architecture/context_lifecycle_os/10_ONE_HOUR_CONTEXT/ONE_HOUR_BUDGET_PROFILE.md,obsidian,3049,6c18c3e57cfaee1d191a8d1753e5c649d8d5412a217adebec18fff0c688b4a24
docs/alpha_lab_master_architecture/context_lifecycle_os/10_ONE_HOUR_CONTEXT/ONE_HOUR_COMMAND_AND_OUTPUT.md,obsidian,3063,3c49be7d2ea2ec0c4fe88be8c4ec15e5314d882c7ad3c4f3ece9a4ba29f3adcc
docs/alpha_lab_master_architecture/context_lifecycle_os/10_ONE_HOUR_CONTEXT/ONE_HOUR_CONTEXT_VALUE_DECOMPOSITION.md,obsidian,3083,2fa91ec5a2c55ff966d0a559986cd72f5ad5f20dd6596e580744a3c850da6ad0
docs/alpha_lab_master_architecture/context_lifecycle_os/10_ONE_HOUR_CONTEXT/ONE_HOUR_FAIL_CLOSED_RULES.md,obsidian,3064,aa2eea25ca94179ad110ce0e261ffff4e56421d5cd9a2508f48e47fb36040c17
docs/alpha_lab_master_architecture/context_lifecycle_os/10_ONE_HOUR_CONTEXT/ONE_HOUR_FAST_DATA_SLICE.md,obsidian,3057,1788c7afbea8e7780cc02648468bb46083f258d73b2d6a0eccd0fc224035ba25
docs/alpha_lab_master_architecture/context_lifecycle_os/10_ONE_HOUR_CONTEXT/ONE_HOUR_INPUT_CONTRACT.md,obsidian,3061,953f1eb3acc219fd6a8e629d8f098395b3a91e1a5e73221556fb833a99b65191
docs/alpha_lab_master_architecture/context_lifecycle_os/10_ONE_HOUR_CONTEXT/ONE_HOUR_LIMITATIONS_AND_ESCALATION.md,obsidian,3074,74c86de8a8da41b8dde40c71579a7ce9263d576623a454f7541f161c0e590008
docs/alpha_lab_master_architecture/context_lifecycle_os/10_ONE_HOUR_CONTEXT/ONE_HOUR_REPORT_SCHEMA.md,obsidian,3070,52afc331c0bdce0ab09efdd48395b5a3a38a762cdb20a6f46fd318d104bba83a
docs/alpha_lab_master_architecture/context_lifecycle_os/10_ONE_HOUR_CONTEXT/ONE_HOUR_SETUP_DISCOVERY.md,obsidian,3058,9be8db1870b3e0f532c3b98b10902941dbd7a5310096aff4bab999724f3ce195
docs/alpha_lab_master_architecture/context_lifecycle_os/10_ONE_HOUR_CONTEXT/ONE_HOUR_SUPPORT_DIAGNOSTICS.md,obsidian,3073,013954eb17be67b62e65b6df8dcd0f348cf1d67e29b07a9d94c49f4eeb8d7f96
docs/alpha_lab_master_architecture/context_lifecycle_os/10_ONE_HOUR_CONTEXT/ONE_HOUR_VALUE_AND_RANDOM_REPORT.md,obsidian,3073,88687028d9713560549c88de5a563be33f1817c4e0e6256cd6e46ce0ef9ba69e
docs/alpha_lab_master_architecture/context_lifecycle_os/11_IMPLEMENTATION_PROGRAM/00_MOC.md,obsidian,916,2bd9b4609b078c71bada042e25c3627084696f03226dea82f0367effd9a43562
docs/alpha_lab_master_architecture/context_lifecycle_os/11_IMPLEMENTATION_PROGRAM/ACL_00_CONSTITUTION_AND_AUTHORITY.md,obsidian,3242,8d74e214e92ec6752ce5d8eff03c8b29532bb429f710d7789621d9f8596e488d
docs/alpha_lab_master_architecture/context_lifecycle_os/11_IMPLEMENTATION_PROGRAM/ACL_01_REPOSITORY_IDENTITY_AND_LOCATOR.md,obsidian,3266,532bb8754e16a8bffe0caa7c028164c90d4e754aee46e62943e38ee87626ccd7
docs/alpha_lab_master_architecture/context_lifecycle_os/11_IMPLEMENTATION_PROGRAM/ACL_02_CONTEXT_STANDARD_AND_INTAKE.md,obsidian,3235,c3affe40bb675fd8ea6e9f37974e0cf180d25d39e632023a81306d28ac81a7c5
docs/alpha_lab_master_architecture/context_lifecycle_os/11_IMPLEMENTATION_PROGRAM/ACL_03_CONTEXT_COMPILER_AND_ONBOARDING.md,obsidian,3220,732dead335cab9c00e320171f4eddfcbaf5f371d58157809f873d2dfecb7b651
docs/alpha_lab_master_architecture/context_lifecycle_os/11_IMPLEMENTATION_PROGRAM/ACL_04_DUAL_SETUP_FACTORY.md,obsidian,3201,e3957005a7b550557eb069238d0d86f47ac0655556e7fc121587f06bac5b7041
docs/alpha_lab_master_architecture/context_lifecycle_os/11_IMPLEMENTATION_PROGRAM/ACL_05_IMMUTABLE_BATCH_AND_STORE.md,obsidian,3228,aecbf347760274c6356accc8cfc48c8efed238c07c2adaf7808f3831e2a1ef8f
docs/alpha_lab_master_architecture/context_lifecycle_os/11_IMPLEMENTATION_PROGRAM/ACL_06_RESEARCH_DAG_ORCHESTRATION.md,obsidian,3217,702d821fa38094e9a9b2b09ee3bb1ed1f0552cc6f575c2c2d5a48b8261872df8
docs/alpha_lab_master_architecture/context_lifecycle_os/11_IMPLEMENTATION_PROGRAM/ACL_07_UNIFIED_VALIDATION_GATE.md,obsidian,3201,ddd08c80e240d226221c56ef4623a9b6d275b9d6298aad2f7758c7c32ff3ab40
docs/alpha_lab_master_architecture/context_lifecycle_os/11_IMPLEMENTATION_PROGRAM/ACL_08_REPORTING_AND_EXPERIENCE.md,obsidian,3202,b1b07a0225fdd486481b4fb86e965ce0f606761a95d5c44e6e5c04c08e5346d6
docs/alpha_lab_master_architecture/context_lifecycle_os/11_IMPLEMENTATION_PROGRAM/ACL_09_MEMORY_AND_ACTIVE_PLANNER.md,obsidian,3204,e8e2ba3fa51c3a8e977e62447367c3d7cc57404cf458e7b6cad04cd0b35b2967
docs/alpha_lab_master_architecture/context_lifecycle_os/11_IMPLEMENTATION_PROGRAM/ACL_10_PROMOTION_STATE_MACHINE.md,obsidian,3202,75a567fb1d4223bca2a8057565222b3f49d515a3edab5ed87f133d5698e1c4cb
docs/alpha_lab_master_architecture/context_lifecycle_os/11_IMPLEMENTATION_PROGRAM/ACL_11_RUNTIME_PARITY_AND_HANDOFF.md,obsidian,3201,d9b1813a371caaa7795412b708a177a9ad82584b2773538fdcaadfcdaf085427
docs/alpha_lab_master_architecture/context_lifecycle_os/11_IMPLEMENTATION_PROGRAM/ACL_12_SECURITY_HARDENING.md,obsidian,3189,716dcdd4584835359a5663f377bfc7e62e52a36eb3029a3328b43f1126a0ca61
docs/alpha_lab_master_architecture/context_lifecycle_os/11_IMPLEMENTATION_PROGRAM/ACL_13_ONE_HOUR_ASSESSMENT_PRODUCT.md,obsidian,3205,fe72dbcc2bf550e80e8bd56cb31f8380fad1c87d1100919d839acd0bd31fb41b
docs/alpha_lab_master_architecture/context_lifecycle_os/11_IMPLEMENTATION_PROGRAM/ACL_14_FIRST_REAL_CONTEXT_PILOT.md,obsidian,3209,abfb5eef1b5fc9388a54da3fda17399713771a0e1535d6fdfe60126b330df385
docs/alpha_lab_master_architecture/context_lifecycle_os/11_IMPLEMENTATION_PROGRAM/ACL_15_FLEET_OPERATIONS_AND_CLOSURE.md,obsidian,3209,4ca7e55cd812f6b7e83d426babe1e983d1bf25ee20b9b6f78679b235f3dc33ce
docs/alpha_lab_master_architecture/context_lifecycle_os/12_OPERATIONS/00_MOC.md,obsidian,904,85fffe9a163a9631bafba346683f955ab98f2bdbbda549aac10e130dcd6ae142
docs/alpha_lab_master_architecture/context_lifecycle_os/12_OPERATIONS/BROKER_QUALIFICATION_RUNBOOK.md,obsidian,3072,8b542348930d58dcdc1c881720535194cb0ef928eb3411ae0ac499748f9ecf3c
docs/alpha_lab_master_architecture/context_lifecycle_os/12_OPERATIONS/CHANGE_MANAGEMENT_AND_RELEASES.md,obsidian,3056,84f00c12b48ca2ee8c8efd7e1a29913e0b8d4041e78508cdb4d12edeb1b60bf5
docs/alpha_lab_master_architecture/context_lifecycle_os/12_OPERATIONS/CONTEXT_FLEET_OPERATIONS.md,obsidian,3055,d73931d45c042092e5ebd0bfceca6f8921d1fbfcc1c84ad1d3a90483ec7b1d71
docs/alpha_lab_master_architecture/context_lifecycle_os/12_OPERATIONS/END_TO_END_RUNBOOK.md,obsidian,3050,f77bcd4da78b3e7bd28577cb047d311e4c26cce2489e0a9e1e64231669e2d678
docs/alpha_lab_master_architecture/context_lifecycle_os/12_OPERATIONS/FLEET_OPERATIONS.md,obsidian,3037,c7f9ab433d718181273b1d5ad22c55fcb2dc1b33886665742262e9c40b964ef5
docs/alpha_lab_master_architecture/context_lifecycle_os/12_OPERATIONS/IMMUTABLE_RUNTIME_BUNDLE.md,obsidian,3065,4ac2efae8417ef7e170132a5f654208c5f09f1fc83f05ef447c123e907a4ae49
docs/alpha_lab_master_architecture/context_lifecycle_os/12_OPERATIONS/METAEDITOR_AND_MQL5_QUALIFICATION.md,obsidian,3074,1c8bab461dff39a23c941e42a2d817480643aa85df14fb2c7290d848c5404142
docs/alpha_lab_master_architecture/context_lifecycle_os/12_OPERATIONS/MICRO_LIVE_RUNBOOK.md,obsidian,3032,c2858d07aeebe8038c6d25c99e43690f9c2688c2b01e41b992b3c9342c6fd5ea
docs/alpha_lab_master_architecture/context_lifecycle_os/12_OPERATIONS/OPERATIONAL_RECONCILIATION.md,obsidian,3058,6a07ec67ebcf19a0b59bafa9473cfd6ca2ebdabe3f163182a7cec6a816d42b8e
docs/alpha_lab_master_architecture/context_lifecycle_os/12_OPERATIONS/PAPER_RUNBOOK.md,obsidian,3032,b5e4af420754cdc5f4785f44f2af1c687ba76c82609cb8764078a75a2030d03c
docs/alpha_lab_master_architecture/context_lifecycle_os/12_OPERATIONS/PAPER_SHADOW_MICRO_LIVE_LADDER.md,obsidian,3070,1165d2e4a4dcb0918b05566fb5562e96e1865bf83fd28a5f1c7e5a08a648416d
docs/alpha_lab_master_architecture/context_lifecycle_os/12_OPERATIONS/PROMOTION_AND_RUNTIME_HANDOFF.md,obsidian,3062,b4c0f2bd7d900b472e7077e9bd876dd16f51cc06dc2519cdb7487fb9858954b7
docs/alpha_lab_master_architecture/context_lifecycle_os/12_OPERATIONS/PROMOTION_STATE_MACHINE.md,obsidian,3070,c4bb5e98bf1a1f7aa1cc7e9d589b4f2adf489e4b31c4f55d0d69210ee7328665
docs/alpha_lab_master_architecture/context_lifecycle_os/12_OPERATIONS/ROLLBACK_AND_GENERATION_RECOVERY.md,obsidian,3069,99ed086609a7beecbeb383e3d22160ca3a59205d8e2a7fa7262ac257a0bae345
docs/alpha_lab_master_architecture/context_lifecycle_os/12_OPERATIONS/RUNTIME_GENERATION_CUSTODY.md,obsidian,3050,55f9d5753a01c3b861cfae5c3e05786214c6bb93e5750495497bb174a9bb3ccd
docs/alpha_lab_master_architecture/context_lifecycle_os/12_OPERATIONS/RUNTIME_PARITY_AND_CONFORMANCE.md,obsidian,3074,944107e4621c22248ecc0d720039cd5556deab8338e2730e3b3806cb285674d7
docs/alpha_lab_master_architecture/context_lifecycle_os/12_OPERATIONS/SHADOW_RUNBOOK.md,obsidian,3015,dc1e7d2bef180c1f137022d2a72a7dfe94c373bd41a1e6e82f1e841b91a67447
docs/alpha_lab_master_architecture/context_lifecycle_os/12_OPERATIONS/SLO_BREACH_AND_INCIDENT_RUNBOOK.md,obsidian,3065,4778bcdbb795ba960f22ff3f8628793441e321d05d279fcbc11cb894bef1aef6
docs/alpha_lab_master_architecture/context_lifecycle_os/12_OPERATIONS/SURVEILLANCE_AND_RETIREMENT.md,obsidian,3053,24cf69c5f1784c4c9c4db473c5e295a9e22b0520603d20b201b8a83b76c19e27
docs/alpha_lab_master_architecture/context_lifecycle_os/12_OPERATIONS/SURVEILLANCE_FEEDBACK_LOOP.md,obsidian,3057,2dfdc2e071d067987fbea000ef02f8a4070b2a776688fa4802b66b76c0a29505
docs/alpha_lab_master_architecture/context_lifecycle_os/13_ADRS/00_MOC.md,obsidian,794,fa41e17599e0ca02ad7e1cd8e43d4dc00102adba4faad35cba0207c9bac0d57b
docs/alpha_lab_master_architecture/context_lifecycle_os/13_ADRS/ADR_001_STABLE_KERNEL_EXTENSION_DRIVEN_ARCHITECTURE.md,obsidian,1754,e54820e73e34704bb5a27d62610eebd71453e904d2685dbc7f5937605b722a03
docs/alpha_lab_master_architecture/context_lifecycle_os/13_ADRS/ADR_002_CONTENT_ADDRESSED_GLOBAL_IDENTITY.md,obsidian,1363,1ec1e090947bc009cf4b59d94c112df94da9e3270738b3498bcaa679510b12c5
docs/alpha_lab_master_architecture/context_lifecycle_os/13_ADRS/ADR_003_PORTS_ADAPTERS_AND_NO_PRIVATE_IMPORTS.md,obsidian,1358,b1ddb21bc68b4042deb49a42e6b6831c5422350fdc8b4d10b7a2128612b3a526
docs/alpha_lab_master_architecture/context_lifecycle_os/13_ADRS/ADR_004_IMMUTABLE_BATCHES_AND_APPEND_ONLY_EVIDENCE.md,obsidian,1351,449a6840285509c6407fbfceb7ff12a5d32a9a0c6abbe4200f4b6358b4097256
docs/alpha_lab_master_architecture/context_lifecycle_os/13_ADRS/ADR_005_FAIL_CLOSED_LIFECYCLE_GATES.md,obsidian,1313,02f1a85b0ca6d5a52d106b2170d7ca04e8852c9f02a752e0f42cf40af87a2fb3
docs/alpha_lab_master_architecture/context_lifecycle_os/13_ADRS/ADR_006_DUAL_LANE_SETUP_SINGLE_IR.md,obsidian,1270,d838f6c03e97820003e028703927b10605e67b839842838aafcc7c86dc5908b7
docs/alpha_lab_master_architecture/context_lifecycle_os/13_ADRS/ADR_007_SECURITY_AS_INDEPENDENT_POLICY_PLANE.md,obsidian,1285,8649dfd4ce1eb8846d5de23543679f341368ca72f116b44596eb78f67b9d1427
docs/alpha_lab_master_architecture/context_lifecycle_os/13_ADRS/ADR_008_GENERATED_PROJECTIONS_NOT_SOURCES.md,obsidian,1370,ff024effb80bf2489945ea2538124500c7ea44766c45b9d0850cb1fd6bcfbb09
docs/alpha_lab_master_architecture/context_lifecycle_os/13_ADRS/ADR_009_EXPLICIT_SCHEMA_EVOLUTION_AND_MIGRATION.md,obsidian,1318,b11f247d4ec2356072fa0db8a204faaf300b2afac5a2dbd3fed7af2e50070783
docs/alpha_lab_master_architecture/context_lifecycle_os/13_ADRS/ADR_010_NO_DIRECT_ONLINE_MODEL_MUTATION.md,obsidian,1286,ea743c5e8604c3520ed61c7dc90c820e85ea3a25bf4e5d504bf82c0f4de5ced5
docs/alpha_lab_master_architecture/context_lifecycle_os/13_ADRS/ADR_011_ONE_HOUR_ASSESSMENT_IS_TRIAGE.md,obsidian,1305,420186a5485b25e23ce045b97bbbb15e24b35afc87fb58ee39d5f27ec84d0d64
docs/alpha_lab_master_architecture/context_lifecycle_os/13_ADRS/ADR_012_SIGNED_IMMUTABLE_RUNTIME_GENERATIONS.md,obsidian,1277,0ab7f2817238ced75b17a0f57915cbd6d257ed8927b7e3ece7c28ace92eb1232
docs/alpha_lab_master_architecture/context_lifecycle_os/14_TEMPLATES/00_MOC.md,obsidian,489,bf9be70d6b07790b8412907d125d2da15abe697a8cb585071b684066bb8c9e47
docs/alpha_lab_master_architecture/context_lifecycle_os/14_TEMPLATES/ARCHITECTURE_DECISION_RECORD_TEMPLATE.md,obsidian,3092,b7001cf264f972c810bf56f61acfbe5a1a8deadd6dc3a446087dd1bd5de9f062
docs/alpha_lab_master_architecture/context_lifecycle_os/14_TEMPLATES/CONTEXT_DOCTRINE_TEMPLATE.md,obsidian,3087,e6ae3d940bf996bbeda19766eaaa82b818da146c74dcb830882b54c395628bf9
docs/alpha_lab_master_architecture/context_lifecycle_os/14_TEMPLATES/EXTENSION_MANIFEST_TEMPLATE.md,obsidian,3094,ebee1d95085e42702c86977d72ad505deaa941e13f9bd557f890b8df57bd356b
docs/alpha_lab_master_architecture/context_lifecycle_os/14_TEMPLATES/INCIDENT_RECORD_TEMPLATE.md,obsidian,3081,01a7afc3046b979a3c516fbbd480c53c54ff5502e4abad012acc8424703f23d3
docs/alpha_lab_master_architecture/context_lifecycle_os/14_TEMPLATES/MIGRATION_PLAN_TEMPLATE.md,obsidian,3082,87894aa4ba62fa48e1c025bbea122cca4bc7fc7360d066ef7bdbc2511f5d3a0e
docs/alpha_lab_master_architecture/context_lifecycle_os/14_TEMPLATES/PROMOTION_DECISION_TEMPLATE.md,obsidian,3072,d57552104c2439df42b67c9605afc82621a13f687494be5a7bcbde3339148194
docs/alpha_lab_master_architecture/context_lifecycle_os/14_TEMPLATES/RESEARCH_BATCH_PLAN_TEMPLATE.md,obsidian,3083,0c269a012b9f284158823b0ff9f3182935235e2e638945baf7021fe874433e52
docs/alpha_lab_master_architecture/context_lifecycle_os/14_TEMPLATES/SECURITY_REVIEW_TEMPLATE.md,obsidian,3062,ed0ac60562324d234ddc0f47d5de6c3449a227aed0d236b309829243b97c4488
docs/alpha_lab_master_architecture/context_lifecycle_os/15_MATRICES/00_MOC.md,obsidian,409,719e75ffa712f71a67189e28a0d9fd888cabc54f8c7348c7a4b5beb8b6a8747c
docs/alpha_lab_master_architecture/context_lifecycle_os/15_MATRICES/ARTIFACT_TYPE_OWNERSHIP_MATRIX.md,obsidian,3114,70becc173b56b5c1772a614c4263111f88f6c1ab3e318bd8d15df39ca4b68fe1
docs/alpha_lab_master_architecture/context_lifecycle_os/15_MATRICES/EXTENSION_CAPABILITY_PERMISSION_MATRIX.md,obsidian,3105,62b6d1e34f0874c13778551fcb06b9b9ca78c56ef3898dfaf4c0a8a847e6cf17
docs/alpha_lab_master_architecture/context_lifecycle_os/15_MATRICES/LIFECYCLE_GATE_EVIDENCE_MATRIX.md,obsidian,3095,19401ae0272df4f35b600ac92e3766d5eeec6fd0d8638e32c1f2cb6f9bbd87dc
docs/alpha_lab_master_architecture/context_lifecycle_os/15_MATRICES/SECURITY_CONTROL_COVERAGE_MATRIX.md,obsidian,3088,a82d6144ffe5fa379e8ee43c3d44c1356924873dfce88776ba9de7e436bb7e2b
docs/alpha_lab_master_architecture/context_lifecycle_os/15_MATRICES/TEST_TYPE_BY_COMPONENT_MATRIX.md,obsidian,3108,5e1514528591ba9e83e271f9b0587867bd0dc862f664b32f238de4200ab1ce95
docs/alpha_lab_master_architecture/context_lifecycle_os/16_GLOSSARY/00_MOC.md,obsidian,250,56366573f8fddb09b054efdec6d35a12fa655c79d669e23bb6aa2ae061c3913d
docs/alpha_lab_master_architecture/context_lifecycle_os/16_GLOSSARY/ACL_OS_CONTROLLED_VOCABULARY.md,obsidian,1573,97763a0824cc4848abee6fea8f577470db914dc887b0d1429bc172133827b1eb
lab/11_strategy_factory/acl_os/AGENTS.md,reference_tests,193,13cca3bbb67ac4e1248d0441e7d5950f44a4672a58041a70497a0cd48b26ecca
lab/11_strategy_factory/acl_os/README.md,reference_tests,181,f3961070755c02c31f8ea4f91ef080b5c6a1c1fcf110f33f33444b863c9a78c1
lab/11_strategy_factory/acl_os/tests/test_architecture_tools.py,reference_tests,2933,b587124705415ef09faaf4795feb1a99178a17b42ef45d993a58bb17882a4b74
lab/11_strategy_factory/contexts/_template/AGENTS.md,context_template,399,49878a553ae09861fee93c7b452bb33f5ace3f059a9f92b21e52e54e00128322
lab/11_strategy_factory/contexts/_template/README.md,context_template,264,3f47cde8a5f9c50528b70c61ae2606d81fdfabdef9158002d59f15dd880cc460
lab/11_strategy_factory/contexts/_template/adapters/README.md,context_template,162,14fc8b19db6fe0bd717fc883ba7d52c8228ae729da563e679e6331d89eb60400
lab/11_strategy_factory/contexts/_template/context_manifest.yaml,context_template,702,761468cf5445e0eca2638dd92dbccd0c91747e22d17f4cf4b7616714a6dbbbf3
lab/11_strategy_factory/contexts/_template/contracts/acceptance_gates.yaml,context_template,311,606981ab56f4a96491a9371d0d58073e0aa4f450dfd9fca03fd91e76cf76eb0b
lab/11_strategy_factory/contexts/_template/contracts/causal_clock.yaml,context_template,193,cb3ac2f8d572c9207610d26b12e91cfbb37b3dd04274f993fa6374a729947676
lab/11_strategy_factory/contexts/_template/contracts/data_contract.yaml,context_template,245,a1cca3044c880d114865981f6b733eb163e6188e70332e4a5dcc0aebf2165d89
lab/11_strategy_factory/contexts/_template/contracts/feature_views.yaml,context_template,164,f16c3db70763dc90b13e68e9de1728c28e2ec7fe62c5c478acb1306d11eff94c
lab/11_strategy_factory/contexts/_template/contracts/occurrence_contract.yaml,context_template,259,54f4ab0a991c363624021e57e177e90a331aec5c11d9ab90f33ea4322519acc1
lab/11_strategy_factory/contexts/_template/contracts/scope.yaml,context_template,142,4f63ff3cf00668a990bd177ce33065a45f9609a7769fd33a60ca5ac20c3594bf
lab/11_strategy_factory/contexts/_template/contracts/state_machine.yaml,context_template,242,4382c7ae2cf833c9386ee2f3fe8a9417b7bbc8d3d5fa5bc56a60eee2dffcc9d9
lab/11_strategy_factory/contexts/_template/contracts/treatment_envelope.yaml,context_template,249,c560f9e267a1f8a3293be866a03f7e7b6d2a093db41a80695d7c6e82f86ef0ba
lab/11_strategy_factory/contexts/_template/doctrine/context_doctrine.md,context_template,385,dc384dade83a3b147b708319776a8e0abab4fc310cecd4923609473e8a26fa47
lab/11_strategy_factory/contexts/_template/doctrine/glossary.yaml,context_template,121,b06a13a4b3a4ed67f17d3f0f61f686d8892531fc47bedf9e8c576f975edcc014
lab/11_strategy_factory/contexts/_template/fixtures/ambiguous/example_001.json,context_template,154,2702a373bc551ec1254dd140472b1000819fb49cfa0d6c6b62d6f3b7ab4beda8
lab/11_strategy_factory/contexts/_template/fixtures/negative/example_001.json,context_template,152,c648c0010e0ed57601e31ca755d1fa9e0482db8c1667552afa9da6348abcfa33
lab/11_strategy_factory/contexts/_template/fixtures/positive/example_001.json,context_template,152,f97d12ac8135546bf193658fa4eb547ab7fb7b8635293fb33d47eb3b44f95991
lab/11_strategy_factory/contexts/_template/generated/.gitkeep,context_template,1,01ba4719c80b6fe911b091a7c05124b64eeece964e09c058ef8f9805daca546b
lab/11_strategy_factory/contexts/_template/owners.yaml,context_template,170,e08b9cf987f3eb1f3e2fe9a4899819c9c161114da8df163967915dcc366fa1b1
lab/11_strategy_factory/contexts/_template/security/security_profile.yaml,context_template,205,a2cdc9bbc4e08f39fa7378aa50d9163c22d15e4ad85e132bdc315b700e54e9ae
lab/11_strategy_factory/contexts/_template/setups/ai/search_authority.yaml,context_template,186,d37605b7bb9f3adfa9005ff79cad252857128fd95214efc48a87a16d5cac5267
lab/11_strategy_factory/contexts/_template/setups/baselines/baselines.yaml,context_template,102,5e16526a7a3e2aec20bc16a5ba229882d0f8cb9a403e0004da9850d0cf9564c1
lab/11_strategy_factory/contexts/_template/setups/manual/README.md,context_template,125,07078853362c0871f3f21a0e90ac60bd36e0f6bce8d34f6b747dc1e22d634d0d
lab/11_strategy_factory/contexts/_template/tests/README.md,context_template,192,720885819d73a8a2463f3df81a4f941c1a9f67ecce81221dca95b829ae99c16c
registry/acl_os/README.md,contract_policy,324,e6219b169666333bf982e9c8a8e7f50572b1c45ed31ccd02569b958d42922509
registry/acl_os/catalogs/claim_ceiling_policy.yaml,contract_policy,460,b385b6313eb05343492033392cce3bbc6bdc9be7a6eb8f0ab0d9d0866cd6f705
registry/acl_os/catalogs/evidence_classes.yaml,contract_policy,394,f046057a1e2b91fd8d3292039862c73804ecda6afa18f2bcfb212078bc6cb8f9
registry/acl_os/catalogs/extension_kinds.yaml,contract_policy,581,a60b92c657f90e81957e052c4b1eb59b56432662af419584f59bf73f0c2bc6c6
registry/acl_os/catalogs/lifecycle_states.yaml,contract_policy,436,6b8d4717930620abdb0cab2236eb46a0b933aee171a91d56e195af3d485874f5
registry/acl_os/catalogs/random_baseline_catalog.yaml,contract_policy,589,b554d66f2257037b6114a71d67d5994378121a144c81c3fe1871aa803e515880
registry/acl_os/catalogs/security_zones.yaml,contract_policy,528,9d5fa0f75e9bd329907e77d76905c68ef1dbc824fbd79e4e56ecefaeaeb21347
registry/acl_os/schemas/v1/artifact_locator.schema.json,contract_policy,2226,f5239a5d211bee3de3b966ada7be844d9a68467399364cc46d1026436855a3af
registry/acl_os/schemas/v1/context_manifest.schema.json,contract_policy,3126,838178e2c71c7a1c51c0c5d1486fc911c285a3f4b597ee6f96644044272806b5
registry/acl_os/schemas/v1/experience_record.schema.json,contract_policy,2042,4c64a330d68de9da9c8742abb14326d3bd0aa58f797e75a6ff3950bc1a88eeb7
registry/acl_os/schemas/v1/extension_manifest.schema.json,contract_policy,2635,a60071b696cb6d0d3189094049178ed3d1df1a4aec63d2c20f23a1758eeae8cb
registry/acl_os/schemas/v1/lifecycle_transition.schema.json,contract_policy,4491,b880b6a0edfa03d24c8587be212ded9ca3d75f8d404a82efee19b6775de97d08
registry/acl_os/schemas/v1/migration_plan.schema.json,contract_policy,2360,58f8f0d978a797fed6fbd87ca98e106b597e4eb1e26f24db8e68c1b7ca5e103b
registry/acl_os/schemas/v1/one_hour_assessment.schema.json,contract_policy,3131,1ae7bfb2a9006d8778b33910c71ffae8c38966a7b60a6381f4ba3d5f2cf9ec71
registry/acl_os/schemas/v1/promotion_decision.schema.json,contract_policy,5536,941cd18ac67bf98462471cafb6a056044a3864ee05fc5dab41de0a6fb8bb170b
registry/acl_os/schemas/v1/research_batch.schema.json,contract_policy,3079,893a23806d9604f0341d1c7230ebf0f539763ae4aeb09ecdfd5e49c699c46681
registry/acl_os/schemas/v1/security_control_result.schema.json,contract_policy,2969,f86ce0ab46e4f7d635c1de056799fde3b56bd66ec6121928527070bce2425b0c
registry/acl_os/schemas/v1/setup_candidate.schema.json,contract_policy,1908,cf9f8c492fd60be2f585d4eec859bea6f22b4ceb69cbe33c13cebf86438fb8cd
tools/strategy_factory/acl_os/__init__.py,tooling,81,f7f9c1b7dc236d031b91e985f4642c138a1ba674913caef3644628e35998f2ed
tools/strategy_factory/acl_os/common.py,tooling,1001,0d693b2964954ad44b595516919ecf8341845b3487cfd7e838dacb2c9576e35a
tools/strategy_factory/acl_os/generate_context_readiness_report.py,tooling,1603,ddf728d6eb6f17d2670d92b9a5056bc4831ee244efafab5cd8a6b72b1d7f43c0
tools/strategy_factory/acl_os/run_acl_os_architecture_qa.py,tooling,1320,8271f94d6486b0d3becbe762ff4d790c9d269241875c6ded168a6ee75ac848ae
tools/strategy_factory/acl_os/scaffold_context.py,tooling,1105,d1901baf37fb27e1e9ab3e6c951b10b1152f317604dfdc15b74f92d593ba3ae6
tools/strategy_factory/acl_os/validate_acl_os_architecture.py,tooling,3512,35b1f545f2a77482dd28e9fbaea535ae05712f04fc915a7ef7550695f154f5ea
tools/strategy_factory/acl_os/validate_acl_os_architecture_delivery.py,tooling,1189,211959a0a63fb98fa6425397ada2391830fbeaacd320381f69b423396e6fe6b6
tools/strategy_factory/acl_os/validate_context_package.py,tooling,3071,d13768c922a18fad5730852d20217a8e5c2dd4c1054a180aa0e4fded550ffa20
