path,role,size_bytes,sha256
COMMIT_MESSAGE_LCM_08A.md,DELIVERY_METADATA,621,sha256:5b202093e188d85b47a604efd5e9de5e50c3a7b8c4bbb96ba97da027574ae435
INSTALL_ALPHA_LAB_LCM_08A.md,DELIVERY_METADATA,469,sha256:679a1090cc738bb4b4fe3c5ae159ca956932a523f6c97906f767b036bb9a2ab8
LCM_08A_ARTIFACT_INVENTORY.csv,DELIVERY_METADATA,39765,SELF_REFERENTIAL_METADATA
LCM_08A_FILE_HASHES.sha256,DELIVERY_METADATA,33359,SELF_REFERENTIAL_METADATA
LCM_08A_FILE_INDEX.txt,DELIVERY_METADATA,21176,sha256:e2abad23ac69c1f9fa9b6779afe824bc9a44238220028438daf70bf1ba6993b2
LCM_08A_PATCH_MANIFEST.json,DELIVERY_METADATA,757,sha256:0f4f1cb66da0cbe7d715916d286759b936041a616d416a19e51e1588311e43a9
LCM_08A_QA_REPORT.json,DELIVERY_METADATA,6056,sha256:f45e5bd747ca6e20354a33730258defbe39b926578f4e551a0702ac47be5b451
README_ALPHA_LAB_LCM_08A.md,DELIVERY_METADATA,703,sha256:e99437aea8e15c6520ad5c27868eb9b5f45ba2719ebfb767178aa64cffcc4142
docs/alpha_lab_master_architecture/context_lifecycle_os/17_LEGACY_MIGRATION_PROGRAM/05_PHASES/LCM_08A_CONTEXT_PORTFOLIO_FREEZE_RISK_CLASSIFICATION_AND_PILOT_SELECTION.md,OBSIDIAN_DOCUMENTATION,9717,sha256:e3d79779e78c6f9b1c69d3d6262550d2a6593497c09f0e68e355d11d1d9e6799
docs/alpha_lab_master_architecture/context_lifecycle_os/17_LEGACY_MIGRATION_PROGRAM/11_PHASE_DELIVERIES/LCM_08A/00_MOC.md,OBSIDIAN_DOCUMENTATION,5315,sha256:62133c982c3fa96074d18c7fdaefdd21908894b70b2136de9a394a5f2df02f44
docs/alpha_lab_master_architecture/context_lifecycle_os/17_LEGACY_MIGRATION_PROGRAM/11_PHASE_DELIVERIES/LCM_08A/01_01_PHASE_CHARTER.md,OBSIDIAN_DOCUMENTATION,1179,sha256:07ea7051d703beef0e0a085e1a97276f3c1182fac97be8f8e4c59afbd228d5b1
docs/alpha_lab_master_architecture/context_lifecycle_os/17_LEGACY_MIGRATION_PROGRAM/11_PHASE_DELIVERIES/LCM_08A/02_02_ARCHITECT_DECISION_BINDING.md,OBSIDIAN_DOCUMENTATION,1230,sha256:79fd3c9a86aff45ea8924600c60fe979e0b37f3845e9efdd9759459b3a45ca1b
docs/alpha_lab_master_architecture/context_lifecycle_os/17_LEGACY_MIGRATION_PROGRAM/11_PHASE_DELIVERIES/LCM_08A/03_03_LCM07_HANDOFF_BINDING.md,OBSIDIAN_DOCUMENTATION,1224,sha256:8246d86604dc2a211d74359dcc0fc501399a0fd1daca2121de3a49320495c4f7
docs/alpha_lab_master_architecture/context_lifecycle_os/17_LEGACY_MIGRATION_PROGRAM/11_PHASE_DELIVERIES/LCM_08A/04_04_INPUT_ARTIFACT_MATRIX.md,OBSIDIAN_DOCUMENTATION,1218,sha256:376aeff8f1973075fb5ca4b9ccd277f7f942deff3b03f5ad8902695dda2626cf
docs/alpha_lab_master_architecture/context_lifecycle_os/17_LEGACY_MIGRATION_PROGRAM/11_PHASE_DELIVERIES/LCM_08A/05_05_CONTEXT_CANDIDATE_DEFINITION.md,OBSIDIAN_DOCUMENTATION,1257,sha256:65b6314801db73b1913938028d14fc118994c99a5b7795635e1b18d673f7c6ba
docs/alpha_lab_master_architecture/context_lifecycle_os/17_LEGACY_MIGRATION_PROGRAM/11_PHASE_DELIVERIES/LCM_08A/06_06_PORTFOLIO_CLOSURE_RULE.md,OBSIDIAN_DOCUMENTATION,1221,sha256:1644fdbc3f11fd96cecbf01777bea682eba92677dde3d5f02057af32566fc0bb
docs/alpha_lab_master_architecture/context_lifecycle_os/17_LEGACY_MIGRATION_PROGRAM/11_PHASE_DELIVERIES/LCM_08A/07_07_CONTEXT_GRANULARITY_MODEL.md,OBSIDIAN_DOCUMENTATION,1276,sha256:b09f35bc67837668236d9ac4eac053bdb26e44d97242d39d88c06e4b85944ef3
docs/alpha_lab_master_architecture/context_lifecycle_os/17_LEGACY_MIGRATION_PROGRAM/11_PHASE_DELIVERIES/LCM_08A/08_08_EMBEDDED_CONTEXT_FRAGMENT_POLICY.md,OBSIDIAN_DOCUMENTATION,1224,sha256:40a24ec29112f8d82dde62d0ba54d6295823dece6c3fd202e9c5a571789ac032
docs/alpha_lab_master_architecture/context_lifecycle_os/17_LEGACY_MIGRATION_PROGRAM/11_PHASE_DELIVERIES/LCM_08A/09_09_DUPLICATE_AND_VARIANT_POLICY.md,OBSIDIAN_DOCUMENTATION,1249,sha256:bd5bfa1c065e72cc0e0f123151eb4b51218a68b800e610991c5b415cefdf2c2b
docs/alpha_lab_master_architecture/context_lifecycle_os/17_LEGACY_MIGRATION_PROGRAM/11_PHASE_DELIVERIES/LCM_08A/10_10_OWNER_STATE_MODEL.md,OBSIDIAN_DOCUMENTATION,1234,sha256:dc44862225e9d0d997738afed5e857fc6f7448906d5548ec82bf469d2b97c1f5
docs/alpha_lab_master_architecture/context_lifecycle_os/17_LEGACY_MIGRATION_PROGRAM/11_PHASE_DELIVERIES/LCM_08A/11_11_IDENTITY_COLLISION_GATE.md,OBSIDIAN_DOCUMENTATION,1220,sha256:ebab6ee5f3b2df00e84494577469f5bb03547a6a90c5342c4f69a4ce1bdc5d30
docs/alpha_lab_master_architecture/context_lifecycle_os/17_LEGACY_MIGRATION_PROGRAM/11_PHASE_DELIVERIES/LCM_08A/12_12_SOURCE_IMMUTABILITY_GATE.md,OBSIDIAN_DOCUMENTATION,1223,sha256:cc3120863c6ea8fb3040abd1a8a6a681dcb788c5b025872664ed79dab8260c2b
docs/alpha_lab_master_architecture/context_lifecycle_os/17_LEGACY_MIGRATION_PROGRAM/11_PHASE_DELIVERIES/LCM_08A/13_13_RISK_MODEL_OVERVIEW.md,OBSIDIAN_DOCUMENTATION,1218,sha256:4a44a5acb4d6d1f3dd0b3952cf6cb9a73c9159193ef9b6594fd90856875a8a8d
docs/alpha_lab_master_architecture/context_lifecycle_os/17_LEGACY_MIGRATION_PROGRAM/11_PHASE_DELIVERIES/LCM_08A/14_14_STATEFULNESS_RISK.md,OBSIDIAN_DOCUMENTATION,1178,sha256:4d18e72f0904b5830165c8ea1f0cce50f06a3a8696f443229d203a9f8d0a43ba
docs/alpha_lab_master_architecture/context_lifecycle_os/17_LEGACY_MIGRATION_PROGRAM/11_PHASE_DELIVERIES/LCM_08A/15_15_MULTI_TIMEFRAME_RISK.md,OBSIDIAN_DOCUMENTATION,1201,sha256:a37d979659ac9ed0e76cab09a295595b99439421e3822d1df1d1f8693a10341b
docs/alpha_lab_master_architecture/context_lifecycle_os/17_LEGACY_MIGRATION_PROGRAM/11_PHASE_DELIVERIES/LCM_08A/16_16_SESSION_DST_RISK.md,OBSIDIAN_DOCUMENTATION,1187,sha256:431268b015182c60c07e4a6a397b0b7a2bdbb07f612a0f2b03927c32124835fe
docs/alpha_lab_master_architecture/context_lifecycle_os/17_LEGACY_MIGRATION_PROGRAM/11_PHASE_DELIVERIES/LCM_08A/17_17_PERSISTENCE_RISK.md,OBSIDIAN_DOCUMENTATION,1181,sha256:33e48ea39bf8a3c0833aabd9ca77a9458d3168d41573d4b51b1ad6749122bbf4
docs/alpha_lab_master_architecture/context_lifecycle_os/17_LEGACY_MIGRATION_PROGRAM/11_PHASE_DELIVERIES/LCM_08A/18_18_DRAWING_AND_MULTI_CHART_RISK.md,OBSIDIAN_DOCUMENTATION,1218,sha256:3b613a3196d15f7add9f36270a40ed1489071f227ed7e31dd0d22f5c257c070f
docs/alpha_lab_master_architecture/context_lifecycle_os/17_LEGACY_MIGRATION_PROGRAM/11_PHASE_DELIVERIES/LCM_08A/19_19_EXECUTION_COUPLING_CRITICAL_GATE.md,OBSIDIAN_DOCUMENTATION,1220,sha256:7a97ad044aec079d05d07ed89866a9f5aac1853c767cd3162027fe258cedc318
docs/alpha_lab_master_architecture/context_lifecycle_os/17_LEGACY_MIGRATION_PROGRAM/11_PHASE_DELIVERIES/LCM_08A/20_20_BROKER_NETWORK_CRITICAL_GATE.md,OBSIDIAN_DOCUMENTATION,1197,sha256:845e5044ec847a8e4e8a93c17acbb3d573c1f31f9ee1726b3149df969df04e2b
docs/alpha_lab_master_architecture/context_lifecycle_os/17_LEGACY_MIGRATION_PROGRAM/11_PHASE_DELIVERIES/LCM_08A/21_21_FUTURE_AWARENESS_CRITICAL_GATE.md,OBSIDIAN_DOCUMENTATION,1208,sha256:6f2ee3cfa6b889ae8f71db1bd3ff47d494ac773890236472de55d872a6c3b65a
docs/alpha_lab_master_architecture/context_lifecycle_os/17_LEGACY_MIGRATION_PROGRAM/11_PHASE_DELIVERIES/LCM_08A/22_22_NONDETERMINISM_CRITICAL_GATE.md,OBSIDIAN_DOCUMENTATION,1186,sha256:4dd40afed10859d146027938373cb2a70ab439e42fbbbb136e11208bab0a9b22
docs/alpha_lab_master_architecture/context_lifecycle_os/17_LEGACY_MIGRATION_PROGRAM/11_PHASE_DELIVERIES/LCM_08A/23_23_SECURITY_SENSITIVITY_CRITICAL_GATE.md,OBSIDIAN_DOCUMENTATION,1206,sha256:014b24dbac6b1fda02332f2508c9d61f894ea440ce74c0e0cf03f86787f1209d
docs/alpha_lab_master_architecture/context_lifecycle_os/17_LEGACY_MIGRATION_PROGRAM/11_PHASE_DELIVERIES/LCM_08A/24_24_CHARACTERIZATION_GAP.md,OBSIDIAN_DOCUMENTATION,1195,sha256:6d993e15a8fa4a7d2ed6eb3fddd4ffe4a52b362c3d76edbda931d81b554ed267
docs/alpha_lab_master_architecture/context_lifecycle_os/17_LEGACY_MIGRATION_PROGRAM/11_PHASE_DELIVERIES/LCM_08A/25_25_PACKAGE_SURFACE_COMPLEXITY.md,OBSIDIAN_DOCUMENTATION,1227,sha256:bf042c796ab8ba711c65e02a69df4abfadb31a34d493afcdf88bfb73cf410b7f
docs/alpha_lab_master_architecture/context_lifecycle_os/17_LEGACY_MIGRATION_PROGRAM/11_PHASE_DELIVERIES/LCM_08A/26_26_RISK_CLASS_ASSIGNMENT.md,OBSIDIAN_DOCUMENTATION,1184,sha256:85f0045f0204eba978b4f9c8cd40e6462f86a3a1a456088e14518029781b8b0c
docs/alpha_lab_master_architecture/context_lifecycle_os/17_LEGACY_MIGRATION_PROGRAM/11_PHASE_DELIVERIES/LCM_08A/27_27_STATIC_EVIDENCE_LIMIT.md,OBSIDIAN_DOCUMENTATION,1202,sha256:36b10d83569f8a8fdb4c8bbfa0b034ff0503e53df5b119d67b4074247278b555
docs/alpha_lab_master_architecture/context_lifecycle_os/17_LEGACY_MIGRATION_PROGRAM/11_PHASE_DELIVERIES/LCM_08A/28_28_DEPENDENCY_GRAPH_CONTRACT.md,OBSIDIAN_DOCUMENTATION,1216,sha256:96d990690e120d1b8f7037fa2003cb1544b3a1886bbde185fbf71f3499ca3538
docs/alpha_lab_master_architecture/context_lifecycle_os/17_LEGACY_MIGRATION_PROGRAM/11_PHASE_DELIVERIES/LCM_08A/29_29_SHARED_ENGINE_BINDING.md,OBSIDIAN_DOCUMENTATION,1218,sha256:711e6763554fe083711c486a109301989bf209f48356dfa63fc1bfbe50045689
docs/alpha_lab_master_architecture/context_lifecycle_os/17_LEGACY_MIGRATION_PROGRAM/11_PHASE_DELIVERIES/LCM_08A/30_30_DOWNSTREAM_SETUP_BINDING_LIMIT.md,OBSIDIAN_DOCUMENTATION,1213,sha256:c4ed56241f1d3d1dd1039294556ef7798c546155f349e1331d571690564f8948
docs/alpha_lab_master_architecture/context_lifecycle_os/17_LEGACY_MIGRATION_PROGRAM/11_PHASE_DELIVERIES/LCM_08A/31_31_WAVE_ASSIGNMENT_PRINCIPLES.md,OBSIDIAN_DOCUMENTATION,1220,sha256:b41728438fc1b08f83b7cfa6a6e8e267b64e5f10e17ced36b03da75441ee29a6
docs/alpha_lab_master_architecture/context_lifecycle_os/17_LEGACY_MIGRATION_PROGRAM/11_PHASE_DELIVERIES/LCM_08A/32_32_WAVE_01_LOW_RISK_PILOT.md,OBSIDIAN_DOCUMENTATION,1162,sha256:aad4f0547691b3a9493abc8039c644c7b855ac9d2bc1e49b83612bf08d47a9cf
docs/alpha_lab_master_architecture/context_lifecycle_os/17_LEGACY_MIGRATION_PROGRAM/11_PHASE_DELIVERIES/LCM_08A/33_33_WAVE_02_M_SERIES.md,OBSIDIAN_DOCUMENTATION,1175,sha256:8547a6e854d356a94ced6dea4fc006f43b6a3f9aa8f865a8f13d16f346894fd5
docs/alpha_lab_master_architecture/context_lifecycle_os/17_LEGACY_MIGRATION_PROGRAM/11_PHASE_DELIVERIES/LCM_08A/34_34_WAVE_03_INTERMARKET_FAMILIES.md,OBSIDIAN_DOCUMENTATION,1195,sha256:775ef7a443c142e9fc19d61f75cece14a34ab18bbcc9ce808f14c829fa22bb38
docs/alpha_lab_master_architecture/context_lifecycle_os/17_LEGACY_MIGRATION_PROGRAM/11_PHASE_DELIVERIES/LCM_08A/35_35_WAVE_04_DAYE_TRADER.md,OBSIDIAN_DOCUMENTATION,1184,sha256:c049fcd85ddbba4ce27000d808468c2583437cc38ad7e0ef6d80ded32ef96546
docs/alpha_lab_master_architecture/context_lifecycle_os/17_LEGACY_MIGRATION_PROGRAM/11_PHASE_DELIVERIES/LCM_08A/36_36_WAVE_05_FAERIE_PROTOCOL.md,OBSIDIAN_DOCUMENTATION,1190,sha256:42109438b720ba617304144c1c8da7adc9f307e264dd80e1e902e7adb1fa213a
docs/alpha_lab_master_architecture/context_lifecycle_os/17_LEGACY_MIGRATION_PROGRAM/11_PHASE_DELIVERIES/LCM_08A/37_37_WAVE_06_FLAG_F2_ZONE.md,OBSIDIAN_DOCUMENTATION,1170,sha256:e9b2fbb2d0f61c952abfd3779f38b51e8259b85e85d5e41694c2f5aea85a9968
docs/alpha_lab_master_architecture/context_lifecycle_os/17_LEGACY_MIGRATION_PROGRAM/11_PHASE_DELIVERIES/LCM_08A/38_38_WAVE_07_HOOK.md,OBSIDIAN_DOCUMENTATION,1155,sha256:63d8139909f4ef01d8b99948180a606682130dde88e15212b0f4a17822d54da1
docs/alpha_lab_master_architecture/context_lifecycle_os/17_LEGACY_MIGRATION_PROGRAM/11_PHASE_DELIVERIES/LCM_08A/39_39_WAVE_08_NDS.md,OBSIDIAN_DOCUMENTATION,1175,sha256:0b25bb4c79983046d5e1a2f7a9e70537d3bf3021f128ac3c6bc30f8c98ba793d
docs/alpha_lab_master_architecture/context_lifecycle_os/17_LEGACY_MIGRATION_PROGRAM/11_PHASE_DELIVERIES/LCM_08A/40_40_WAVE_09_HIGH_RISK.md,OBSIDIAN_DOCUMENTATION,1183,sha256:28f76bdfc4c4c6d30bbc214fe10a70b736fdd8a9e5e03196f76fe8e9775f5ffa
docs/alpha_lab_master_architecture/context_lifecycle_os/17_LEGACY_MIGRATION_PROGRAM/11_PHASE_DELIVERIES/LCM_08A/41_41_PILOT_ELIGIBILITY_GATES.md,OBSIDIAN_DOCUMENTATION,1186,sha256:5057cb261cf30a6c3df90e81435696c57c9ba3f9cd7f10e0915efad6e2e96dc9
docs/alpha_lab_master_architecture/context_lifecycle_os/17_LEGACY_MIGRATION_PROGRAM/11_PHASE_DELIVERIES/LCM_08A/42_42_PILOT_SELECTION_ORDER.md,OBSIDIAN_DOCUMENTATION,1193,sha256:26866e7ed724133563c97b371c262fa893e5118b62222b9a5443860e4c888dc0
docs/alpha_lab_master_architecture/context_lifecycle_os/17_LEGACY_MIGRATION_PROGRAM/11_PHASE_DELIVERIES/LCM_08A/43_43_EXP0015_PILOT_RATIONALE.md,OBSIDIAN_DOCUMENTATION,1219,sha256:e83a642636fb83e1e5be32bf3985e53c5ea3d55f5a1c9e2956a7b8705e815a4a
docs/alpha_lab_master_architecture/context_lifecycle_os/17_LEGACY_MIGRATION_PROGRAM/11_PHASE_DELIVERIES/LCM_08A/44_44_EXP0015_PILOT_NON_GOALS.md,OBSIDIAN_DOCUMENTATION,1224,sha256:be7b917654ba8bf16a5b2e9f1a25c6a14acb58261b2123f7cb7713a89176faf9
docs/alpha_lab_master_architecture/context_lifecycle_os/17_LEGACY_MIGRATION_PROGRAM/11_PHASE_DELIVERIES/LCM_08A/45_45_REJECTED_CANDIDATE_REASONING.md,OBSIDIAN_DOCUMENTATION,1217,sha256:1e7e9b1d39d29a8b37180ca9f4b2bd9ba296a052a92fea53e286602b4f8ed6df
docs/alpha_lab_master_architecture/context_lifecycle_os/17_LEGACY_MIGRATION_PROGRAM/11_PHASE_DELIVERIES/LCM_08A/46_46_REFERENCE_RUNTIME_POLICY.md,OBSIDIAN_DOCUMENTATION,1207,sha256:079480008693d91abd8c953d71ae8bd5c53d0a331794911a214b99e94c57a042
docs/alpha_lab_master_architecture/context_lifecycle_os/17_LEGACY_MIGRATION_PROGRAM/11_PHASE_DELIVERIES/LCM_08A/47_47_MQL5_ENVIRONMENT_LIMIT.md,OBSIDIAN_DOCUMENTATION,1213,sha256:89145761cf0d3fc0191f4b1746912610c1914f728dcdd1710c2d6f8557712f21
docs/alpha_lab_master_architecture/context_lifecycle_os/17_LEGACY_MIGRATION_PROGRAM/11_PHASE_DELIVERIES/LCM_08A/48_48_ARCHITECT_APPROVAL_SCOPE.md,OBSIDIAN_DOCUMENTATION,1221,sha256:af1033836c079ceb114473d8bb819e252ce8df18f2e795a96920e33e61a782a9
docs/alpha_lab_master_architecture/context_lifecycle_os/17_LEGACY_MIGRATION_PROGRAM/11_PHASE_DELIVERIES/LCM_08A/49_49_INDEPENDENT_REVIEW_BOUNDARY.md,OBSIDIAN_DOCUMENTATION,1215,sha256:fd2079f3f5ea6a27f7af9b175e7b3b8435ed55d6f85babaaa689212f4424e826
docs/alpha_lab_master_architecture/context_lifecycle_os/17_LEGACY_MIGRATION_PROGRAM/11_PHASE_DELIVERIES/LCM_08A/50_50_SECURITY_REVIEW_BOUNDARY.md,OBSIDIAN_DOCUMENTATION,1207,sha256:56020af50e4d48c0d8080d95cc0277ec5a0204a316f91103521e2345ed425a8e
docs/alpha_lab_master_architecture/context_lifecycle_os/17_LEGACY_MIGRATION_PROGRAM/11_PHASE_DELIVERIES/LCM_08A/51_51_UNRESOLVED_CONTEXT_QUEUE.md,OBSIDIAN_DOCUMENTATION,1212,sha256:b41b674388f276da53c29bf1a3103ef5098afe6147fdfe2fdadd1c0686535fad
docs/alpha_lab_master_architecture/context_lifecycle_os/17_LEGACY_MIGRATION_PROGRAM/11_PHASE_DELIVERIES/LCM_08A/52_52_FAILURE_SEMANTICS.md,OBSIDIAN_DOCUMENTATION,1175,sha256:aa86c2f2fa946b2ddadef7af5a8ca7aa0084eaa6cc241d7c1e24f72952a59c2c
docs/alpha_lab_master_architecture/context_lifecycle_os/17_LEGACY_MIGRATION_PROGRAM/11_PHASE_DELIVERIES/LCM_08A/53_53_HOSTILE_REVIEW_METHOD.md,OBSIDIAN_DOCUMENTATION,1201,sha256:96d7ccbed636e40603e35d9ef5570a0e17fb6722c69cfddf17bc0b23c4857852
docs/alpha_lab_master_architecture/context_lifecycle_os/17_LEGACY_MIGRATION_PROGRAM/11_PHASE_DELIVERIES/LCM_08A/54_54_MISLABELLED_SETUP_ATTACK.md,OBSIDIAN_DOCUMENTATION,1200,sha256:0f9599ed3359fbfc088022821582e36c32d8685959882e0a685251ef5571af19
docs/alpha_lab_master_architecture/context_lifecycle_os/17_LEGACY_MIGRATION_PROGRAM/11_PHASE_DELIVERIES/LCM_08A/55_55_DUPLICATE_SPLIT_ATTACK.md,OBSIDIAN_DOCUMENTATION,1193,sha256:d292063ec35e4ca94f24b83aef75871848baaab0feb14b46632268b4e4ad430d
docs/alpha_lab_master_architecture/context_lifecycle_os/17_LEGACY_MIGRATION_PROGRAM/11_PHASE_DELIVERIES/LCM_08A/56_56_VARIANT_COLLAPSE_ATTACK.md,OBSIDIAN_DOCUMENTATION,1211,sha256:0ef3115e10a17473d08b3531bff5857246c71d4d0dc3cfd70f7ea219e1f9609f
docs/alpha_lab_master_architecture/context_lifecycle_os/17_LEGACY_MIGRATION_PROGRAM/11_PHASE_DELIVERIES/LCM_08A/57_57_HIDDEN_ORDER_API_ATTACK.md,OBSIDIAN_DOCUMENTATION,1196,sha256:c46aecacd324617ff3c9c21e5a576a0507d4738d5a96e99877a27326790b19f8
docs/alpha_lab_master_architecture/context_lifecycle_os/17_LEGACY_MIGRATION_PROGRAM/11_PHASE_DELIVERIES/LCM_08A/58_58_FUTURE_DIAGNOSTIC_ATTACK.md,OBSIDIAN_DOCUMENTATION,1216,sha256:0f40329dcb1d6738615dd271dffd6ff1f6f06ed0d617d86c8063135645af2da8
docs/alpha_lab_master_architecture/context_lifecycle_os/17_LEGACY_MIGRATION_PROGRAM/11_PHASE_DELIVERIES/LCM_08A/59_59_DEFAULT_OWNER_ATTACK.md,OBSIDIAN_DOCUMENTATION,1203,sha256:56a2f0d57b74676761208cf54a7d1776da68b6aee1acaa7fa03692148698e9a4
docs/alpha_lab_master_architecture/context_lifecycle_os/17_LEGACY_MIGRATION_PROGRAM/11_PHASE_DELIVERIES/LCM_08A/60_60_OUTPUT_ARTIFACT_CONTRACT.md,OBSIDIAN_DOCUMENTATION,1187,sha256:e3b33a9d065c0ef4c07971ea55127aa038f2fb1a957e4a2cbe592c40717ca0d1
docs/alpha_lab_master_architecture/context_lifecycle_os/17_LEGACY_MIGRATION_PROGRAM/11_PHASE_DELIVERIES/LCM_08A/61_61_CONTEXT_PORTFOLIO_REGISTRY.md,OBSIDIAN_DOCUMENTATION,1187,sha256:3ac643f63a5b3c21fcee38a848694549329eacbf64e200a5523750360d5ae65f
docs/alpha_lab_master_architecture/context_lifecycle_os/17_LEGACY_MIGRATION_PROGRAM/11_PHASE_DELIVERIES/LCM_08A/62_62_CONTEXT_RISK_ASSESSMENT.md,OBSIDIAN_DOCUMENTATION,1183,sha256:7dd3560b32a5e8b982bdf61828a6ba431c7ba0700ea08e815592384694ac521d
docs/alpha_lab_master_architecture/context_lifecycle_os/17_LEGACY_MIGRATION_PROGRAM/11_PHASE_DELIVERIES/LCM_08A/63_63_CONTEXT_DEPENDENCY_GRAPH.md,OBSIDIAN_DOCUMENTATION,1183,sha256:bd9d08c880cc8e5584bdebcc11fe2380d1c63e72677ec6bc9683d1b440fe8006
docs/alpha_lab_master_architecture/context_lifecycle_os/17_LEGACY_MIGRATION_PROGRAM/11_PHASE_DELIVERIES/LCM_08A/64_64_CONTEXT_WAVE_ASSIGNMENT.md,OBSIDIAN_DOCUMENTATION,1184,sha256:dff7c595d58837d6d25a2a986a368382753c23cca1701314033d3c4727eff1ac
docs/alpha_lab_master_architecture/context_lifecycle_os/17_LEGACY_MIGRATION_PROGRAM/11_PHASE_DELIVERIES/LCM_08A/65_65_PILOT_EVALUATION_REGISTRY.md,OBSIDIAN_DOCUMENTATION,1178,sha256:205bd80e368cd1fa5cdae4e5a7fdd9d778b50b444999b23baed92f6a81e3400a
docs/alpha_lab_master_architecture/context_lifecycle_os/17_LEGACY_MIGRATION_PROGRAM/11_PHASE_DELIVERIES/LCM_08A/66_66_PILOT_SELECTION_DECISION.md,OBSIDIAN_DOCUMENTATION,1198,sha256:1c3cf96579b0ac6a96d40b4667ce6925022f32af85852fdb1d5bd565ac6ae932
docs/alpha_lab_master_architecture/context_lifecycle_os/17_LEGACY_MIGRATION_PROGRAM/11_PHASE_DELIVERIES/LCM_08A/67_67_AUTHORITY_PERMIT.md,OBSIDIAN_DOCUMENTATION,1156,sha256:d1f1010f1f870c2ab4b5195668af9d73ec93b4d6118b97739df3ff23fd3cf170
docs/alpha_lab_master_architecture/context_lifecycle_os/17_LEGACY_MIGRATION_PROGRAM/11_PHASE_DELIVERIES/LCM_08A/68_68_EVENT_LEDGER.md,OBSIDIAN_DOCUMENTATION,1151,sha256:05b4caeed117dbae59973ac136eea5dca041e0c8c58be12a15fc4754eeafdd3f
docs/alpha_lab_master_architecture/context_lifecycle_os/17_LEGACY_MIGRATION_PROGRAM/11_PHASE_DELIVERIES/LCM_08A/69_69_PROVENANCE_GRAPH.md,OBSIDIAN_DOCUMENTATION,1158,sha256:7001573941b894937c57b8eb98cae45f492ceab56dcff282f97e060e7dcb6a1a
docs/alpha_lab_master_architecture/context_lifecycle_os/17_LEGACY_MIGRATION_PROGRAM/11_PHASE_DELIVERIES/LCM_08A/70_70_OUTPUT_MANIFEST.md,OBSIDIAN_DOCUMENTATION,1174,sha256:8a0d018e7c5d766ac3fc73e7fb551f5181ecd11f3c56ba196af0c13a0a939297
docs/alpha_lab_master_architecture/context_lifecycle_os/17_LEGACY_MIGRATION_PROGRAM/11_PHASE_DELIVERIES/LCM_08A/71_71_ATOMIC_PUBLICATION.md,OBSIDIAN_DOCUMENTATION,1193,sha256:6cb45239629a140bf8e2ad5c07fb5e68b719fe28e9f888e3463e4f17fb3da415
docs/alpha_lab_master_architecture/context_lifecycle_os/17_LEGACY_MIGRATION_PROGRAM/11_PHASE_DELIVERIES/LCM_08A/72_72_CLEAN_OVERLAY_VERIFICATION.md,OBSIDIAN_DOCUMENTATION,1201,sha256:5663430d9ec84c4172838a1d71eeafeadd11f4447c06bbe528b6f7396396a951
docs/alpha_lab_master_architecture/context_lifecycle_os/17_LEGACY_MIGRATION_PROGRAM/11_PHASE_DELIVERIES/LCM_08A/73_73_REGRESSION_TEST_MATRIX.md,OBSIDIAN_DOCUMENTATION,1204,sha256:2df1be7387b7f06769768c0b877536e2b5ad776fdd58919c467939bb59ecfcb3
docs/alpha_lab_master_architecture/context_lifecycle_os/17_LEGACY_MIGRATION_PROGRAM/11_PHASE_DELIVERIES/LCM_08A/74_74_SCHEMA_VALIDATION.md,OBSIDIAN_DOCUMENTATION,1160,sha256:19d53989d8a085b8d84636bb37e574adcc0db3798cb89b026eb60663d3e70a36
docs/alpha_lab_master_architecture/context_lifecycle_os/17_LEGACY_MIGRATION_PROGRAM/11_PHASE_DELIVERIES/LCM_08A/75_75_STATIC_MQL5_MIRROR.md,OBSIDIAN_DOCUMENTATION,1195,sha256:bfe2b4045c5fde97dc2bdb36d8f44fa1117d95a0ef3294d9e38b316b18f919fc
docs/alpha_lab_master_architecture/context_lifecycle_os/17_LEGACY_MIGRATION_PROGRAM/11_PHASE_DELIVERIES/LCM_08A/76_76_FILES_DELIBERATELY_UNTOUCHED.md,OBSIDIAN_DOCUMENTATION,1229,sha256:2d958e2314e8409048dae38dbed30555babf1d84c8334115b2a49d2c60cfcee3
docs/alpha_lab_master_architecture/context_lifecycle_os/17_LEGACY_MIGRATION_PROGRAM/11_PHASE_DELIVERIES/LCM_08A/77_77_ROLLBACK_PLAN.md,OBSIDIAN_DOCUMENTATION,1193,sha256:075407458027aaa3e444e89a1a50add32e87e471dc6b9309a66e8d7f0e34cb5c
docs/alpha_lab_master_architecture/context_lifecycle_os/17_LEGACY_MIGRATION_PROGRAM/11_PHASE_DELIVERIES/LCM_08A/78_78_RESIDUAL_RISK.md,OBSIDIAN_DOCUMENTATION,1199,sha256:f51a54ad48a743a267a2ab71a2ced000f4da5d87444f704a32dcd2b8a1ccb481
docs/alpha_lab_master_architecture/context_lifecycle_os/17_LEGACY_MIGRATION_PROGRAM/11_PHASE_DELIVERIES/LCM_08A/79_79_ACCEPTANCE_DECISION.md,OBSIDIAN_DOCUMENTATION,1211,sha256:970fcc3733f13d14c38a3a2d8365290a131d029bef37cd2547faa2b7e40ab4c4
docs/alpha_lab_master_architecture/context_lifecycle_os/17_LEGACY_MIGRATION_PROGRAM/11_PHASE_DELIVERIES/LCM_08A/80_80_LCM08A_TO_LCM08B_HANDOFF.md,OBSIDIAN_DOCUMENTATION,1191,sha256:3fa9a9681a90b84508dce1d9235f8df70a1fb0a1cb796861dcbbe440e3c30ea3
docs/alpha_lab_master_architecture/context_lifecycle_os/17_LEGACY_MIGRATION_PROGRAM/11_PHASE_DELIVERIES/LCM_08A/81_81_LCM08B_ENTRY_CHECKLIST.md,OBSIDIAN_DOCUMENTATION,1221,sha256:831d40b62353ce1ef91bc94822ad395992207ff5a7a2f4f69bc20e20ee3547b0
docs/alpha_lab_master_architecture/context_lifecycle_os/17_LEGACY_MIGRATION_PROGRAM/11_PHASE_DELIVERIES/LCM_08A/82_82_OPERATIONS_RUNBOOK.md,OBSIDIAN_DOCUMENTATION,1187,sha256:c07922da7245c5f6a0531f65ea56e1d9db706259b6d02b4c3d2b19d9e48814f1
docs/alpha_lab_master_architecture/context_lifecycle_os/17_LEGACY_MIGRATION_PROGRAM/11_PHASE_DELIVERIES/LCM_08A/83_83_DEFINITION_OF_DONE.md,OBSIDIAN_DOCUMENTATION,1158,sha256:e8bfc8a1425edfb4f45fe0305b13647a120745e2c14c94ffc503eb8bbf1ae4a9
docs/alpha_lab_master_architecture/context_lifecycle_os/17_LEGACY_MIGRATION_PROGRAM/11_PHASE_DELIVERIES/LCM_08A/84_84_IMPLEMENTATION_STATUS.md,OBSIDIAN_DOCUMENTATION,1183,sha256:af9b7956e409863ffd54eeb6e903c32edacfc1748bb99221a3eb247c53e8dbcd
lab/11_strategy_factory/migration/fixtures/lcm_08a/reference_pilot_fixture.json,FIXTURE,449,sha256:f89069a7730c55048918bf1067ed3c258e5a85935286969a37b6e197b9f30ad0
lab/11_strategy_factory/migration/tests_lcm_08a/__init__.py,TEST,0,sha256:e3b0c44298fc1c149afbf4c8996fb92427ae41e4649b934ca495991b7852b855
lab/11_strategy_factory/migration/tests_lcm_08a/test_delivery_contracts.py,TEST,945,sha256:c8a8d3b63fbac43e918b9626e78c0fcd9bd250178686bf8abd066f9e483bbb85
lab/11_strategy_factory/migration/tests_lcm_08a/test_determinism.py,TEST,526,sha256:3b6f26e39ac801d447aeb4a51d3f9c0ae5dfd8ac9e6b5b624811aadb86437751
lab/11_strategy_factory/migration/tests_lcm_08a/test_portfolio_model.py,TEST,1211,sha256:abad19b8e2f483c7ffdbb45acd4739c2b925de9368e5436053b235702a31bea3
lab/11_strategy_factory/mql5/Include/AlphaLab/ACL_OS/LCM08A/LCM08A_All.mqh,MQL5_STATIC_CONTRACT,265,sha256:7ec29e86d0819b6168fbd83aeab7213d0114b55ebd0fe3fa3657ffd93eecd507
lab/11_strategy_factory/mql5/Include/AlphaLab/ACL_OS/LCM08A/LCM08A_Authority.mqh,MQL5_STATIC_CONTRACT,406,sha256:cbecdea9145fad11f20285f5f6ab3ac17d8d42d297ad533e4918ee19ff28bb32
lab/11_strategy_factory/mql5/Include/AlphaLab/ACL_OS/LCM08A/LCM08A_Handoff.mqh,MQL5_STATIC_CONTRACT,203,sha256:e64f61a9158c57936c9fb6c8d0d054fd47e7c50e31f70ad98d767cc936ddd0b6
lab/11_strategy_factory/mql5/Include/AlphaLab/ACL_OS/LCM08A/LCM08A_Pilot.mqh,MQL5_STATIC_CONTRACT,244,sha256:b4e84ca45668f6325230c597cf7de282146c0aaab5a993cc7e4280cad7ebb554
lab/11_strategy_factory/mql5/Include/AlphaLab/ACL_OS/LCM08A/LCM08A_Risk.mqh,MQL5_STATIC_CONTRACT,368,sha256:c48435dfd00b8bb2a1d0ea0be2b7e38ac68dbfff0169b82928e3bb829891608e
lab/11_strategy_factory/mql5/Include/AlphaLab/ACL_OS/LCM08A/LCM08A_StaticGuards.mqh,MQL5_STATIC_CONTRACT,207,sha256:6fba5453cc31ce60dc0fc4284d7365cc864b97e3ab92eee87bb2a178c23d7c25
lab/11_strategy_factory/mql5/Include/AlphaLab/ACL_OS/LCM08A/LCM08A_Types.mqh,MQL5_STATIC_CONTRACT,277,sha256:afc85862ab16b08c7d292c3a1872739c473980eb79fe80a43234a086958c9cd8
lab/11_strategy_factory/mql5/Include/AlphaLab/ACL_OS/LCM08A/README.md,MQL5_STATIC_CONTRACT,270,sha256:b2b373c6f4f8439be33b628b9ff3de127e0f8fec2f031d4aadebc85a3117a4bf
registry/legacy_context_migration/context_portfolios/CTXPORT_B9FA4843859B2E2A1EBD37E4167705E1/authority/authority_permit.json,GENERATED_PORTFOLIO_EVIDENCE,1074,sha256:5d99a00f83cff48fa8dc6d363496bbd15ba749a5b60e6299f11284148118209e
registry/legacy_context_migration/context_portfolios/CTXPORT_B9FA4843859B2E2A1EBD37E4167705E1/context_portfolio_marker.json,GENERATED_PORTFOLIO_EVIDENCE,858,sha256:9f5a81fd6fc624e611698053f414145e896769b299d942c898978fd708d580f1
registry/legacy_context_migration/context_portfolios/CTXPORT_B9FA4843859B2E2A1EBD37E4167705E1/context_portfolio_receipt.json,GENERATED_PORTFOLIO_EVIDENCE,462,sha256:30f89606545eb2315af00a4161ac564af5be306b318bd829aef067526d587869
registry/legacy_context_migration/context_portfolios/CTXPORT_B9FA4843859B2E2A1EBD37E4167705E1/contracts/context_portfolio_contract.json,GENERATED_PORTFOLIO_EVIDENCE,530,sha256:99314f0374a8cb8db86520a4b8ff93ae286476b894b3d2414e10cb01f89c171a
registry/legacy_context_migration/context_portfolios/CTXPORT_B9FA4843859B2E2A1EBD37E4167705E1/contracts/dependency_graph_contract.json,GENERATED_PORTFOLIO_EVIDENCE,496,sha256:4ea7f72ac943b318207b769e0f84be1a4e71ad95ea8f70693df1a1b61551aa8f
registry/legacy_context_migration/context_portfolios/CTXPORT_B9FA4843859B2E2A1EBD37E4167705E1/contracts/handoff_contract.json,GENERATED_PORTFOLIO_EVIDENCE,521,sha256:670e3dd91f9e9acb7d05bb8a57812449e7893204e022f8d51218a863804549e5
registry/legacy_context_migration/context_portfolios/CTXPORT_B9FA4843859B2E2A1EBD37E4167705E1/contracts/pilot_selection_contract.json,GENERATED_PORTFOLIO_EVIDENCE,491,sha256:6c9c0ebdbbb3d445ef18de5040264b20bfd6b9b3dffb13dde55d39a6b09ea80d
registry/legacy_context_migration/context_portfolios/CTXPORT_B9FA4843859B2E2A1EBD37E4167705E1/contracts/risk_assessment_contract.json,GENERATED_PORTFOLIO_EVIDENCE,524,sha256:7997a33073fcf89ce5f64047753ea7f52bce899b8a127c80b30747fedcf354c5
registry/legacy_context_migration/context_portfolios/CTXPORT_B9FA4843859B2E2A1EBD37E4167705E1/contracts/wave_assignment_contract.json,GENERATED_PORTFOLIO_EVIDENCE,494,sha256:d76e710a378fc22b0c39e56e8edfb82bc1a545e809e93ab577c3dd652a7e746c
registry/legacy_context_migration/context_portfolios/CTXPORT_B9FA4843859B2E2A1EBD37E4167705E1/dependencies/context_dependency_graph.json,GENERATED_PORTFOLIO_EVIDENCE,576508,sha256:4450d899f83f3f1332096d70a321ed046f2df69821901a5a14c7f87c6ea88565
registry/legacy_context_migration/context_portfolios/CTXPORT_B9FA4843859B2E2A1EBD37E4167705E1/docs/LCM08A_EXECUTIVE_BRIEF.md,GENERATED_PORTFOLIO_EVIDENCE,426,sha256:3c8fd9cc31a115d38371e1528cf8082e357eaf4fef471c907321c3f36fed8ea3
registry/legacy_context_migration/context_portfolios/CTXPORT_B9FA4843859B2E2A1EBD37E4167705E1/docs/LCM08A_PILOT_DECISION.md,GENERATED_PORTFOLIO_EVIDENCE,312,sha256:583cec4d75e3f39f08d4a49b2faab10548c5c490663250c603f358a72ae03876
registry/legacy_context_migration/context_portfolios/CTXPORT_B9FA4843859B2E2A1EBD37E4167705E1/docs/LCM08A_RISK_MODEL.md,GENERATED_PORTFOLIO_EVIDENCE,333,sha256:f1cd870883e528b7c5f518997209aeca9f62fb295b5e1f1725465148158014d5
registry/legacy_context_migration/context_portfolios/CTXPORT_B9FA4843859B2E2A1EBD37E4167705E1/docs/LCM08A_TO_LCM08B_HANDOFF.md,GENERATED_PORTFOLIO_EVIDENCE,418,sha256:1c67e4c1b3607ad8cece54b35aac846d775b4bd8e8ea7d12caf0975716b156eb
registry/legacy_context_migration/context_portfolios/CTXPORT_B9FA4843859B2E2A1EBD37E4167705E1/events/context_portfolio_event_ledger.json,GENERATED_PORTFOLIO_EVIDENCE,5231,sha256:1aa4d45765bbea35d2bd2d1112cce76c3684edec3f04660d786d9da9538da65e
registry/legacy_context_migration/context_portfolios/CTXPORT_B9FA4843859B2E2A1EBD37E4167705E1/handoff/lcm08a_to_lcm08b_handoff.json,GENERATED_PORTFOLIO_EVIDENCE,1849,sha256:131309ff16498b61d9e5a653ee35ca99e4305be1b4b58773db87bca109a96419
registry/legacy_context_migration/context_portfolios/CTXPORT_B9FA4843859B2E2A1EBD37E4167705E1/input/lcm07_binding.json,GENERATED_PORTFOLIO_EVIDENCE,2633,sha256:afdb6c17cfdd721b6d37ff753d20aec55035ad392b3ff64ff272e78579fab5d1
registry/legacy_context_migration/context_portfolios/CTXPORT_B9FA4843859B2E2A1EBD37E4167705E1/output_manifest.json,GENERATED_PORTFOLIO_EVIDENCE,6606,sha256:44c6475bc1d4b3e7cc7dcd5457b88fa1471a5f09037303ca12ecf6739e275a21
registry/legacy_context_migration/context_portfolios/CTXPORT_B9FA4843859B2E2A1EBD37E4167705E1/pilot/pilot_candidate_evaluations.jsonl,GENERATED_PORTFOLIO_EVIDENCE,818208,sha256:4ba90e230505beef74d2d63eb494690ed7a40929b3d05b9754b533546c27af93
registry/legacy_context_migration/context_portfolios/CTXPORT_B9FA4843859B2E2A1EBD37E4167705E1/pilot/pilot_selection_decision.json,GENERATED_PORTFOLIO_EVIDENCE,897,sha256:b08f1d85d7111d42f726d36abc925c3d46680e94c3bdf944ceb2f36b87af7bd0
registry/legacy_context_migration/context_portfolios/CTXPORT_B9FA4843859B2E2A1EBD37E4167705E1/portfolio/context_portfolio_registry.csv,GENERATED_PORTFOLIO_EVIDENCE,119683,sha256:823d9aecf2723b290af04990e26fff27a0c53462d3c23e0f31b10a1971e0ca3a
registry/legacy_context_migration/context_portfolios/CTXPORT_B9FA4843859B2E2A1EBD37E4167705E1/portfolio/context_portfolio_registry.jsonl,GENERATED_PORTFOLIO_EVIDENCE,1165589,sha256:0a36861bd1609d5d5d505d8b7ccd4ea458d2205eba61a01172c94471130e00f7
registry/legacy_context_migration/context_portfolios/CTXPORT_B9FA4843859B2E2A1EBD37E4167705E1/provenance/context_portfolio_provenance_graph.json,GENERATED_PORTFOLIO_EVIDENCE,10098,sha256:0523d73e87bc8b1d28e7c5a112e213ca2d7267e5481b7c96e80d6134dcaeb4e7
registry/legacy_context_migration/context_portfolios/CTXPORT_B9FA4843859B2E2A1EBD37E4167705E1/registries/context_risk_dimension_registry.json,GENERATED_PORTFOLIO_EVIDENCE,2800,sha256:618a532deab4e86443c5a60e635a4451da1105dd68dd1dfe7953ff3b77cb1527
registry/legacy_context_migration/context_portfolios/CTXPORT_B9FA4843859B2E2A1EBD37E4167705E1/registries/granularity_class_registry.json,GENERATED_PORTFOLIO_EVIDENCE,497,sha256:f8e13a0c991dfc5b2eb0aa9eb05c3581148d783aecd5a9f3b84e470d613a703e
registry/legacy_context_migration/context_portfolios/CTXPORT_B9FA4843859B2E2A1EBD37E4167705E1/registries/pilot_gate_registry.json,GENERATED_PORTFOLIO_EVIDENCE,758,sha256:6f3a37d92835c30eb76825ec1677f9071f7a0dd6eaafa72ff6392b8f43f1c9c2
registry/legacy_context_migration/context_portfolios/CTXPORT_B9FA4843859B2E2A1EBD37E4167705E1/registries/reason_code_registry.json,GENERATED_PORTFOLIO_EVIDENCE,844,sha256:1ed1c4c2b7a139d8e4b012d6ff53a8d675e690e4e573e5284c2e33f035f1c020
registry/legacy_context_migration/context_portfolios/CTXPORT_B9FA4843859B2E2A1EBD37E4167705E1/registries/risk_class_registry.json,GENERATED_PORTFOLIO_EVIDENCE,328,sha256:1b5f38bb0327b09fba1447ecee1441f551797989b7ec91f527e913c378dfb3c0
registry/legacy_context_migration/context_portfolios/CTXPORT_B9FA4843859B2E2A1EBD37E4167705E1/registries/wave_registry.json,GENERATED_PORTFOLIO_EVIDENCE,562,sha256:4d6a87d01faf93be54ed1414f42a046f549bac9df9bf0bf413889a2109255a3a
registry/legacy_context_migration/context_portfolios/CTXPORT_B9FA4843859B2E2A1EBD37E4167705E1/reports/acceptance_report.json,GENERATED_PORTFOLIO_EVIDENCE,812,sha256:2190f68e5be6d6f013085e138633e315d729e8cf0bf13c4ab3c375abf2a6f14d
registry/legacy_context_migration/context_portfolios/CTXPORT_B9FA4843859B2E2A1EBD37E4167705E1/reports/context_portfolio_summary.json,GENERATED_PORTFOLIO_EVIDENCE,1516,sha256:c08d8ad8da147f464e214c5871711133f38a04a21bd7308b55dbe06a4f446f56
registry/legacy_context_migration/context_portfolios/CTXPORT_B9FA4843859B2E2A1EBD37E4167705E1/reports/hostile_review.json,GENERATED_PORTFOLIO_EVIDENCE,1285,sha256:7207396f88c99862708d752aee75af56f3d0fc1584e2718676b58eefe00a9178
registry/legacy_context_migration/context_portfolios/CTXPORT_B9FA4843859B2E2A1EBD37E4167705E1/risk/context_risk_assessment.csv,GENERATED_PORTFOLIO_EVIDENCE,61810,sha256:e02ad137c240d4074c5361e5fae3b00bbf3df4d29c61e3ed5dd76ce48e495f68
registry/legacy_context_migration/context_portfolios/CTXPORT_B9FA4843859B2E2A1EBD37E4167705E1/risk/context_risk_assessment.jsonl,GENERATED_PORTFOLIO_EVIDENCE,538764,sha256:8b472277cf5508d12cd45006dad689996749c1e656fb2b1232c723b059d3e8fd
registry/legacy_context_migration/context_portfolios/CTXPORT_B9FA4843859B2E2A1EBD37E4167705E1/unresolved/unresolved_context_queue.jsonl,GENERATED_PORTFOLIO_EVIDENCE,5077,sha256:0b846ebd83cfdc287b0af5b28d4613aaac7db4fb68cb17b689eacd62b481afc4
registry/legacy_context_migration/context_portfolios/CTXPORT_B9FA4843859B2E2A1EBD37E4167705E1/waves/context_wave_assignment.json,GENERATED_PORTFOLIO_EVIDENCE,84726,sha256:b915447af0ac704da135a4635217bd483dd6537610f6e8901fcec58d713195eb
registry/legacy_context_migration/lcm_08a/policies/v1/architect_approval_record.json,SCHEMA_POLICY_REGISTRY,567,sha256:d19a58b269019ea268442d7f5082be1afc766883913f53144a65002aef119445
registry/legacy_context_migration/lcm_08a/policies/v1/context_portfolio_freeze_policy.json,SCHEMA_POLICY_REGISTRY,398,sha256:3e48c7f1705379e1cf5f6ecf5e0c747416f237082f5a92549cec372be3597e6a
registry/legacy_context_migration/lcm_08a/policies/v1/critical_dimension_policy.json,SCHEMA_POLICY_REGISTRY,429,sha256:377673e4bd243f2125dd09f7487697c75ebcfff17b332119b9ecbb75511c3692
registry/legacy_context_migration/lcm_08a/policies/v1/pilot_selection_policy.json,SCHEMA_POLICY_REGISTRY,406,sha256:ac26860e3ec88ffb7a7feeb6b5a2ee23168d458042cab5e506fadfaf36362d13
registry/legacy_context_migration/lcm_08a/policies/v1/unknown_policy.json,SCHEMA_POLICY_REGISTRY,264,sha256:2edd4f5e5ebabfbe62588a1f4d6f20624764ad88ee4a09226b185a565031cda5
registry/legacy_context_migration/lcm_08a/policies/v1/wave_assignment_policy.json,SCHEMA_POLICY_REGISTRY,322,sha256:b338837cfe2b68c5bfe900e67ecd145dae60a27b4438c78c89fc2fe9fca19106
registry/legacy_context_migration/lcm_08a/registries/v1/authority_state_registry.json,SCHEMA_POLICY_REGISTRY,368,sha256:da9d8f642e0dd04a4948d94d407544449a030418887697faf9016e35fa0f30e5
registry/legacy_context_migration/lcm_08a/registries/v1/candidate_status_registry.json,SCHEMA_POLICY_REGISTRY,324,sha256:fe9d1a71ba834c65be18a7ff3c934c7f057f3222c5a3e5c9f6b797989f859d48
registry/legacy_context_migration/lcm_08a/registries/v1/failure_state_registry.json,SCHEMA_POLICY_REGISTRY,258,sha256:b02b5a84d00d674f62d981b637e928407bd1418df6d0ef30ed431f4b33193c62
registry/legacy_context_migration/lcm_08a/registries/v1/phase_state_registry.json,SCHEMA_POLICY_REGISTRY,294,sha256:5e045e896dfdedfbfaf5f357c9a19ddaa2b2292bb1fb866d65d68aa3fb3ceb85
registry/legacy_context_migration/lcm_08a/schemas/v1/authority_permit.schema.json,SCHEMA_POLICY_REGISTRY,287,sha256:f0dcdf779054d8dfe4186c13c9f4be0c068cb24f6858ad6f55c955083a4cb2d6
registry/legacy_context_migration/lcm_08a/schemas/v1/context_dependency_graph.schema.json,SCHEMA_POLICY_REGISTRY,271,sha256:56c3d6eec2cbc718dfc0f4c6dd6cf9caf615151832967066f53d21eb1eb138ee
registry/legacy_context_migration/lcm_08a/schemas/v1/context_portfolio_record.schema.json,SCHEMA_POLICY_REGISTRY,666,sha256:4a48dcfdd177a83b6a49ca935ecc96a5a91ba8a05fbe2349abc069df3de64d91
registry/legacy_context_migration/lcm_08a/schemas/v1/context_portfolio_summary.schema.json,SCHEMA_POLICY_REGISTRY,286,sha256:47d114cacd04aa42ef5123932e27f2d13b903429cbee60e6d5eabb36ca589046
registry/legacy_context_migration/lcm_08a/schemas/v1/context_risk_assessment.schema.json,SCHEMA_POLICY_REGISTRY,302,sha256:cfe10572eb686bb0eb920a4695c12cf65fcc034bde8c64444fad19d668de7884
registry/legacy_context_migration/lcm_08a/schemas/v1/context_wave_assignment.schema.json,SCHEMA_POLICY_REGISTRY,270,sha256:ab2edc74d11251e0c3cb06f99d1601c8c9c6f0f9944aa418bacda797ddd7f6c7
registry/legacy_context_migration/lcm_08a/schemas/v1/event_ledger.schema.json,SCHEMA_POLICY_REGISTRY,255,sha256:07694a2d811f3ee6823de53d9574fa65b8f62e21dcdd91d1ef098d75de1cbd49
registry/legacy_context_migration/lcm_08a/schemas/v1/lcm08a_handoff.schema.json,SCHEMA_POLICY_REGISTRY,323,sha256:5b916aeffb6a9ed45c213271678f8ba8512abb76f3b64692a2c4db75c739a847
registry/legacy_context_migration/lcm_08a/schemas/v1/package_manifest.schema.json,SCHEMA_POLICY_REGISTRY,255,sha256:0d7e2489463df86a1baa04dad44767b385a5a1e6ae12a5458f67db9cc7c8e574
registry/legacy_context_migration/lcm_08a/schemas/v1/pilot_candidate_evaluation.schema.json,SCHEMA_POLICY_REGISTRY,298,sha256:8759afae65f4d5bd688436c007c963d2d00fd54df3c578330ecf30d6dd3d1ff9
registry/legacy_context_migration/lcm_08a/schemas/v1/pilot_selection_decision.schema.json,SCHEMA_POLICY_REGISTRY,295,sha256:410cefa55693049175e6cf6fc7cccddd2bb87cbf2ccf2551a4264e2ea2543e62
registry/legacy_context_migration/lcm_08a/schemas/v1/provenance_graph.schema.json,SCHEMA_POLICY_REGISTRY,244,sha256:6c6c0715528f1d915d934d5ffb87993edd2665a6e3b9a11e6cbe701f4e14bab0
registry/legacy_context_migration/lcm_08a/schemas/v1/unresolved_context_record.schema.json,SCHEMA_POLICY_REGISTRY,283,sha256:f06bd642406d2ba3f1828b4a4187f383c4dddeb981b3604955df6c227a6b6df6
tools/strategy_factory/lcm/lcm_08a/__init__.py,IMPLEMENTATION,150,sha256:8427162c0274b1488f6abb32b5ddd46458451d4626452e1b1911fe1e2257e8a9
tools/strategy_factory/lcm/lcm_08a/authority.py,IMPLEMENTATION,1038,sha256:f782c34aacca4505558f40a105b5314275552fc27ff9283226d1255f18d1087f
tools/strategy_factory/lcm/lcm_08a/canonical.py,IMPLEMENTATION,884,sha256:e1b9ad0ae8192d1471fd1e974a574a1cebdd647d23a56aea89bb47a189f90fea
tools/strategy_factory/lcm/lcm_08a/cli.py,IMPLEMENTATION,1920,sha256:8a1265c706f161f10651febf475a09487e681376e41d02106d9fb61aa9494ce2
tools/strategy_factory/lcm/lcm_08a/constants.py,IMPLEMENTATION,1353,sha256:7fcd8e3da058748f1884c0e787a62e06ff2ab262c378f6aaeaff50b908fc4f1d
tools/strategy_factory/lcm/lcm_08a/dependencies.py,IMPLEMENTATION,1475,sha256:8badac0b4234c504e5456e345f2ebd200fd83ef2be9af7aa57352ecb07a5f581
tools/strategy_factory/lcm/lcm_08a/errors.py,IMPLEMENTATION,347,sha256:1f8b013eaa70197417efe2d429f53685790bec502a984fd62303135c760252eb
tools/strategy_factory/lcm/lcm_08a/event_ledger.py,IMPLEMENTATION,1062,sha256:9cfec3dae82eae780c94eb628d3f1ff7ee2a8c75250ed688467ff3518d50c3b5
tools/strategy_factory/lcm/lcm_08a/io.py,IMPLEMENTATION,2127,sha256:7ed9f7db905730834d062a6d3489caa6341f9a03030a78e11f7bcf7e1f850262
tools/strategy_factory/lcm/lcm_08a/manifest.py,IMPLEMENTATION,718,sha256:e566316f30420618a06fe5d6de83c860b0d2f8c981d109ba0c0caa8f3358f328
tools/strategy_factory/lcm/lcm_08a/pilot.py,IMPLEMENTATION,4484,sha256:2d103f82d25a882ff115ed600eef2777a98db6ac997ef213e61181f1c05b8869
tools/strategy_factory/lcm/lcm_08a/portfolio.py,IMPLEMENTATION,12892,sha256:8711ee1a87313eff639c13106a0afed747d386ab89384737befc47e8119f84a7
tools/strategy_factory/lcm/lcm_08a/provenance.py,IMPLEMENTATION,1006,sha256:ea6eeb59f75d55e624ecb84d70547b47ca8f4651e6fad1e39c4e237327e58cdb
tools/strategy_factory/lcm/lcm_08a/qa.py,IMPLEMENTATION,1288,sha256:ea8ddf2314f7c1ffbe9cdf46ff8eb91a9a7c9a06538db79ecf33b996d8cd2463
tools/strategy_factory/lcm/lcm_08a/registries.py,IMPLEMENTATION,3455,sha256:b6c1580aa27b32debea883a686bec6bf2cf50a87315af082c1d8b1a55300bb1c
tools/strategy_factory/lcm/lcm_08a/schema_validation.py,IMPLEMENTATION,546,sha256:38eb14cb4bbc8c1ab16784a89b48664f07ebec40a33e7b4677e4d312b6f8541d
tools/strategy_factory/lcm/lcm_08a/service.py,IMPLEMENTATION,17817,sha256:350a44dc29e5d12ce932a04c6c7b587235dcf1fce991b83838495f729039273c
tools/strategy_factory/lcm/lcm_08a/static_validation.py,IMPLEMENTATION,540,sha256:6dca9bd5e9d082d649ad05be393f923ebadda60913e18f65b759e6656978262a
tools/strategy_factory/lcm/lcm_08a/upstream.py,IMPLEMENTATION,3696,sha256:866f8e88d719914b63ff298d42bd6655d1048967cdf7cb8cc52587b34ccd9123
tools/strategy_factory/lcm/lcm_08a/verify.py,IMPLEMENTATION,3675,sha256:8db4d97d6b8b3acfb8451b3ea24c39da909600b8a41164bf1dc2e33b0aa12df5
