path,category,size_bytes,sha256
COMMIT_MESSAGE.md,root_governance,81,78a8c148b570a28e7495304cd5e7ad5b39b150f4941fd1f751afd77152a52ca2
EXPAND_REMOVE_SAED_V2_PATCH.ps1,root_governance,702,3b2f53c9deed8205cd92eab70d2ec9c5d4b379d608540c52ce257996daf006e4
INSTALL_SETUP_AI_EDGE_DISCOVERY_INSTITUTIONAL_V2.md,root_governance,1708,69bf8ee0437dcd64780278f1bfcd93bc70996c8190b34c8389180e7336e1695d
README_SETUP_AI_EDGE_DISCOVERY_INSTITUTIONAL_V2.md,root_governance,3407,f03376d0fccde617ac08011675b787ec0643ecc6e1edcc0f4114a678e4d4d49d
SAED_V2_ARTIFACT_INVENTORY.csv,root_governance,0,
SAED_V2_FILE_HASHES.sha256,root_governance,56220,
SAED_V2_FILE_INDEX.txt,root_governance,36117,3b2fa8cff91593b00d4b4ea32fcf73cfcd2da505413c28c0e7f12af4b346cfb9
SAED_V2_PATCH_MANIFEST.json,root_governance,1299,17b94877c0060431bf9f61a2b890b77106facf67abf4e582749bc354384a15cf
SAED_V2_QA_REPORT.json,root_governance,1325,cadcc372c626905095918d461788827106815b493ab48c93a05c3503f8329567
docs/strategy_factory_setup_ai_edge_discovery_institutional_v2/00_START_HERE/00_Home.md,documentation,2729,5032f7172a634d1f87852beaed8ee9286698e49cec0f4d8a1642783a8cfb3b5f
docs/strategy_factory_setup_ai_edge_discovery_institutional_v2/00_START_HERE/01_Executive_Charter.md,documentation,2492,c5cd4be46cb6e3644af81e920107d4d055597709007c6eb8fa19b756afc7fd8e
docs/strategy_factory_setup_ai_edge_discovery_institutional_v2/00_START_HERE/02_Master_System_Map.md,documentation,2178,d4307262d704e9231e9753f40da02502b2737f0d8e558dd31ea3af68e4eaa3b1
docs/strategy_factory_setup_ai_edge_discovery_institutional_v2/00_START_HERE/03_UCEE_I01_I18_Compatibility.md,documentation,2118,ae276b7216cbe771819656b5100246cf7c983c5e0028f3d296988e52875bf760
docs/strategy_factory_setup_ai_edge_discovery_institutional_v2/00_START_HERE/04_Capability_Tier_Policy.md,documentation,2111,324aefc152ad5885976067f7b42170be003876906576d388ba4e77b3c002cfd8
docs/strategy_factory_setup_ai_edge_discovery_institutional_v2/00_START_HERE/05_Persian_Executive_Overview.md,documentation,2369,efadc36f2e3a617cf35a3bdc5f84dc02c34d3da8ecc23a8dd3609d446be7f5a1
docs/strategy_factory_setup_ai_edge_discovery_institutional_v2/00_START_HERE/06_Persian_Billion_Dollar_Architecture.md,documentation,7231,84c66ed35482892b5bf720b7ad49def1a1768f6aac0f2d3c749c1f8ad1088bfe
docs/strategy_factory_setup_ai_edge_discovery_institutional_v2/00_START_HERE/MOC_AI_Learning_Stack.md,documentation,3310,1793b41a29e2deb96a581684a377f0c4d407c318bc7638c571cc155835b122b4
docs/strategy_factory_setup_ai_edge_discovery_institutional_v2/00_START_HERE/MOC_Agents_And_MLOps.md,documentation,1031,862b5925e29c62d62bced6d254a98dc804490931db58afcf021e85b6afadfe76
docs/strategy_factory_setup_ai_edge_discovery_institutional_v2/00_START_HERE/MOC_Anti_Overfit_And_Promotion.md,documentation,1943,157b631dc2846954d2abb6dedc58f1d4043c4f249b42dae6308534ad851e3581
docs/strategy_factory_setup_ai_edge_discovery_institutional_v2/00_START_HERE/MOC_Data_And_Treatment.md,documentation,1416,c95b3b1b0b7b96a7739ca6462c5a941f8bcc3b3cf081f3d7b6b634e5c23c90d6
docs/strategy_factory_setup_ai_edge_discovery_institutional_v2/00_START_HERE/MOC_Deep_Design_Blueprints.md,documentation,1873,b52aef9fe7ab18168fe40c6ad6805b5781072b86285ec94e67cd9e27b05a1f26
docs/strategy_factory_setup_ai_edge_discovery_institutional_v2/00_START_HERE/MOC_Enterprise_Architecture.md,documentation,497,2e8ae4f024500ffd1bc82186cc6e892b754790fbbf9c24d0fcdca8904921eba9
docs/strategy_factory_setup_ai_edge_discovery_institutional_v2/00_START_HERE/MOC_Implementation_Program.md,documentation,2981,96e2e07bd74cab3cbe4fbe97ecf1f98a595fc772a1655d8595fd930ce6953d00
docs/strategy_factory_setup_ai_edge_discovery_institutional_v2/00_START_HERE/MOC_Operational_Runbooks.md,documentation,700,6c33cdd57f0f90c91a0656f5976ea025f4455f511505e4e158a110a06ddf8295
docs/strategy_factory_setup_ai_edge_discovery_institutional_v2/00_START_HERE/MOC_Research_Memory.md,documentation,590,8a7a236fe80300e75de35b780034535535b049e23468b13f24812c5cc1222b65
docs/strategy_factory_setup_ai_edge_discovery_institutional_v2/00_START_HERE/MOC_Runtime_Portfolio_Operations.md,documentation,658,3c8588bf3dd00f1bb1893f47205acda7786761039293ec2c9abced4e6483ecd6
docs/strategy_factory_setup_ai_edge_discovery_institutional_v2/01_DOCTRINE/01_Context_Semantics_Are_Upstream.md,documentation,1830,4bc228bdab5bdf2e75b316cc30aa12297396ffc3c1b4820bbb2941aef00853f5
docs/strategy_factory_setup_ai_edge_discovery_institutional_v2/01_DOCTRINE/02_Finite_Action_Lattice.md,documentation,1673,2f77e43060a6f39199d7506491680552ee833251363104c3d111402b4d738f5e
docs/strategy_factory_setup_ai_edge_discovery_institutional_v2/01_DOCTRINE/03_Complexity_Must_Earn_Its_Right.md,documentation,1683,ffdd4442c14dbc128137f41f593afefede28e8c4ac66256698461c8f4665c85e
docs/strategy_factory_setup_ai_edge_discovery_institutional_v2/01_DOCTRINE/04_Abstention_Is_Alpha_Protection.md,documentation,1539,3ac74e8a9cf19055686221a7e554ef443a14648b13a351feaf576cbb4bee69ba
docs/strategy_factory_setup_ai_edge_discovery_institutional_v2/01_DOCTRINE/05_No_Autonomous_Promotion.md,documentation,1532,e0d91f7afdeeaf07787793d022c1f1bbc7291caef72a14a41517f21bc5c4f844
docs/strategy_factory_setup_ai_edge_discovery_institutional_v2/02_ENTERPRISE_ARCHITECTURE/01_Three_Plane_Architecture.md,documentation,1572,b35af921d92d08657257ac76d2a9be89f8937697c2767b02c98a8c03962cb1a0
docs/strategy_factory_setup_ai_edge_discovery_institutional_v2/02_ENTERPRISE_ARCHITECTURE/02_Control_Plane_And_Data_Plane.md,documentation,1398,6ea72e98148c8d7a34cd97c0f843d6ea9fb44b3c37bccb8f1ab903d653ce2202
docs/strategy_factory_setup_ai_edge_discovery_institutional_v2/02_ENTERPRISE_ARCHITECTURE/03_Artifact_Graph_And_Content_Addressing.md,documentation,1469,406f43447736e28f1acf4345f26ec70020167a48a3b453a6e5bb4ff1659c0f57
docs/strategy_factory_setup_ai_edge_discovery_institutional_v2/02_ENTERPRISE_ARCHITECTURE/04_Environment_Reproducibility.md,documentation,1462,327dbf4550918ecb209d06ad4cf61d2fdf52d71217c8989833ca08a73e46d1a3
docs/strategy_factory_setup_ai_edge_discovery_institutional_v2/02_ENTERPRISE_ARCHITECTURE/05_Service_Boundaries_And_APIs.md,documentation,1482,90cd8e7df060f18d3066a917c0fd0cd2f08e06d9d74a57ae136592c5630535b3
docs/strategy_factory_setup_ai_edge_discovery_institutional_v2/03_CONTEXT_SETUP_ONTOLOGY/01_Context_Setup_Treatment_Ontology.md,documentation,2193,e89100169b5c2364686006940151cc00902f573f1056971f279dc2a63b32c995
docs/strategy_factory_setup_ai_edge_discovery_institutional_v2/03_CONTEXT_SETUP_ONTOLOGY/02_Setup_Archetype_Registry.md,documentation,2067,d0d3b6acfd199f27c63f253721a7e7784ddc8fb0ef677c86638a3f2c3d0e005b
docs/strategy_factory_setup_ai_edge_discovery_institutional_v2/03_CONTEXT_SETUP_ONTOLOGY/03_Opportunity_Cluster_Identity.md,documentation,2017,e942de3ef5ad1414a15de25b313c16e845f5789506c23ec6b8c8fe9b77e585b4
docs/strategy_factory_setup_ai_edge_discovery_institutional_v2/03_CONTEXT_SETUP_ONTOLOGY/04_Edge_Hypothesis_Contract.md,documentation,2045,218036605eb93ad4e7b40172793accaa2c89c45bb387e74d795eb7a165b4c7fb
docs/strategy_factory_setup_ai_edge_discovery_institutional_v2/03_CONTEXT_SETUP_ONTOLOGY/05_Edge_Genome.md,documentation,1997,3bcc114c9e57c0efdc82ff13c8174247f16b6bcae9886c245f5509ad4581623d
docs/strategy_factory_setup_ai_edge_discovery_institutional_v2/04_PAYOFF_ENTRY_TREATMENT/01_Payoff_Profile_Registry.md,documentation,2488,697c25a85cda16bd12d7de6c8ba3b517b8f0f8c5a7c6f76c4c4b2915fdd37595
docs/strategy_factory_setup_ai_edge_discovery_institutional_v2/04_PAYOFF_ENTRY_TREATMENT/02_Entry_Mechanism_Registry.md,documentation,2148,a194341d3e6ad444f646a462c4aa93fedeb09033f51da07c95d50acfd2e2afc2
docs/strategy_factory_setup_ai_edge_discovery_institutional_v2/04_PAYOFF_ENTRY_TREATMENT/03_Trigger_Philosophy.md,documentation,2161,bdf402ec5f9c0c9b0ebd763de3fc7fa516020542d538bb4fd2a13c39c94ea748
docs/strategy_factory_setup_ai_edge_discovery_institutional_v2/04_PAYOFF_ENTRY_TREATMENT/04_Treatment_Lattice_Compiler.md,documentation,2188,e2e1c51413c8d622b485937739b72fac459bd2007c54a3c1ac1abc24e4c55963
docs/strategy_factory_setup_ai_edge_discovery_institutional_v2/04_PAYOFF_ENTRY_TREATMENT/05_Stop_Geometry_Library.md,documentation,2103,6e3eb26764446bc92ac24f3fb3b1b5a0345ec9f863fb288635aaf22f583e9653
docs/strategy_factory_setup_ai_edge_discovery_institutional_v2/04_PAYOFF_ENTRY_TREATMENT/06_Exit_Trail_Management_Library.md,documentation,2095,52c0e96900e097d661753a2b4ab631b83ab77cda109c3f83aae43d697641b74e
docs/strategy_factory_setup_ai_edge_discovery_institutional_v2/04_PAYOFF_ENTRY_TREATMENT/07_Objective_Functions_And_Constraint_System.md,documentation,2291,305dc34de2b07db7f1299b2256786dfad1f7350fb2c511c6fe600d623b22300c
docs/strategy_factory_setup_ai_edge_discovery_institutional_v2/04_PAYOFF_ENTRY_TREATMENT/08_Path_Dependent_Treatment_State_Machines.md,documentation,1150,54a4a10bbd3887f8300f3ee69a04d01d2c1cdcc822a149272695c31d7e1bcf39
docs/strategy_factory_setup_ai_edge_discovery_institutional_v2/05_DATA_REPLAY_FABRIC/01_Event_Sourced_Market_Truth.md,documentation,2200,faa6cafbbe333ba060cf28901b686511ff4f1d9d512d01ce0f4027e34eebe065
docs/strategy_factory_setup_ai_edge_discovery_institutional_v2/05_DATA_REPLAY_FABRIC/02_Known_Time_And_Bitemporal_Lineage.md,documentation,2040,98b72112d1a39a0e4230291f2a7da03acf62b41a293fccca013173536bc9d60b
docs/strategy_factory_setup_ai_edge_discovery_institutional_v2/05_DATA_REPLAY_FABRIC/03_Path_Replay_And_Intrabar_Truth.md,documentation,2100,138aeeab006717fd804d09ecf87581f2f4085d03b165ee817ae8f29a1a687e96
docs/strategy_factory_setup_ai_edge_discovery_institutional_v2/05_DATA_REPLAY_FABRIC/04_Fill_Hazard_And_Adverse_Selection.md,documentation,2134,43fbac7b7a03d10e25f761250cba309d539351ef72019885f17dc084ed136930
docs/strategy_factory_setup_ai_edge_discovery_institutional_v2/05_DATA_REPLAY_FABRIC/05_Counterfactual_Outcome_Cube.md,documentation,2160,8555c42a0713541250f591086444f75975830b6d4bc105d734792c4907331a08
docs/strategy_factory_setup_ai_edge_discovery_institutional_v2/05_DATA_REPLAY_FABRIC/06_Clustered_Dataset_And_Dependency_Graph.md,documentation,2071,bd7f1a102e492f17e2581c5a3fe237afcecabb0a0852e50a7bec6cd7ce9accad
docs/strategy_factory_setup_ai_edge_discovery_institutional_v2/05_DATA_REPLAY_FABRIC/07_Economics_Capacity_And_Impact_Truth.md,documentation,2088,1bd2caae9c0edaf681a2de9fca068651485b3f0ee4d8de9e3c0362fc60d98980
docs/strategy_factory_setup_ai_edge_discovery_institutional_v2/05_DATA_REPLAY_FABRIC/08_Execution_Realism_And_Broker_Constraints.md,documentation,1004,9e686cf5495919955a37a4e440f52c776931916d316fffb5f430ffbfce442556
docs/strategy_factory_setup_ai_edge_discovery_institutional_v2/06_REPRESENTATION_LEARNING/01_Self_Supervised_Market_Pretraining.md,documentation,2401,163ec185828bcf499d7bc5e83b1ce679e5750e85fa81f90093dd8b338b977e46
docs/strategy_factory_setup_ai_edge_discovery_institutional_v2/06_REPRESENTATION_LEARNING/02_Multi_View_Encoder_Architecture.md,documentation,2110,ee1b832203263ae5c769f05cc83943eb082a3b4aa1efeae54d8effb1dd3b34dd
docs/strategy_factory_setup_ai_edge_discovery_institutional_v2/06_REPRESENTATION_LEARNING/03_Patch_And_Multi_Resolution_Sequence_Encoders.md,documentation,2214,2cd2dc78245a5442aaef029623b14a70c759e9980da3fd6b72b6bc540f1f87f0
docs/strategy_factory_setup_ai_edge_discovery_institutional_v2/06_REPRESENTATION_LEARNING/04_State_Space_And_Mamba_Encoders.md,documentation,2117,8653524b8cc9fa802b02852f7213f5f037d57d7bf0b947233f042316a7098070
docs/strategy_factory_setup_ai_edge_discovery_institutional_v2/06_REPRESENTATION_LEARNING/05_Graph_Representation_Learning.md,documentation,2174,8a41b611db44257ef715b3f302fb2437a5078f8c155cd948e9eedb4eae4d73e6
docs/strategy_factory_setup_ai_edge_discovery_institutional_v2/06_REPRESENTATION_LEARNING/06_Time_Series_Foundation_Model_Adapters.md,documentation,2286,2abae48287b637a848207d2117f96564259b993ac6635e7d5dfc94b77f8502dd
docs/strategy_factory_setup_ai_edge_discovery_institutional_v2/06_REPRESENTATION_LEARNING/07_Sparse_Mixture_Of_Experts.md,documentation,2151,af517daf46fa91e9e5bf2163e3c183eeb341c56ecb81080aa8c4f97a97f3ac3f
docs/strategy_factory_setup_ai_edge_discovery_institutional_v2/07_SUPERVISED_MULTITASK/01_Trainer_Task_Graph.md,documentation,2119,04fec4dc006378283f1928f1bd8c687a773ef9588bbb5d411e6684ce3a090330
docs/strategy_factory_setup_ai_edge_discovery_institutional_v2/07_SUPERVISED_MULTITASK/02_Eligibility_Trade_Skip_Abstain.md,documentation,2104,6e260f92c4d853361656812a48d01ee636a37e46be1a59f134b8d18f3b042964
docs/strategy_factory_setup_ai_edge_discovery_institutional_v2/07_SUPERVISED_MULTITASK/03_Survival_And_Competing_Risks.md,documentation,2075,96dbee3204acae17ab62e58a09f3f596a4cc12cc707a04ebde385b870d6e1839
docs/strategy_factory_setup_ai_edge_discovery_institutional_v2/07_SUPERVISED_MULTITASK/04_Distributional_Outcome_Learning.md,documentation,2177,629bbec1c3964048bfde6415b2727f6c312d7737c07c1862aac0e06c5dd888ab
docs/strategy_factory_setup_ai_edge_discovery_institutional_v2/07_SUPERVISED_MULTITASK/05_Learning_To_Rank_Treatments.md,documentation,2109,db51623d7a8e9d137e3c8d6446a9a3ee78433cc06e8a661eca41fb7468301d5f
docs/strategy_factory_setup_ai_edge_discovery_institutional_v2/07_SUPERVISED_MULTITASK/06_Multi_Task_Loss_And_Gradient_Governance.md,documentation,2054,6ce553b4f711fb3aad4b20691e6de45db24c06bed4a518d1f6fb54283494df21
docs/strategy_factory_setup_ai_edge_discovery_institutional_v2/07_SUPERVISED_MULTITASK/07_Regime_Specialists_And_Mixture_Of_Experts.md,documentation,2031,917456f4770717aaed6fb0ab471c65cc5a9a8705fc7bf6ec9b15cf1a67bbd016
docs/strategy_factory_setup_ai_edge_discovery_institutional_v2/07_SUPERVISED_MULTITASK/08_Calibration_And_Decision_Thresholds.md,documentation,2032,f458f9c49edcd6dc94b92c169c072806d78d71bb89974b436df9489101b10bc5
docs/strategy_factory_setup_ai_edge_discovery_institutional_v2/07_SUPERVISED_MULTITASK/09_Model_Ladder_And_Champion_Challenger.md,documentation,1612,a04d4792c477b2f84545b7c1110654d0dca5de565ebfa0f7f800dae087edcdce
docs/strategy_factory_setup_ai_edge_discovery_institutional_v2/08_CAUSAL_TREATMENT_LEARNING/01_Causal_Identification_And_Assumptions.md,documentation,2304,231655ce394e2f35aa816124ed4654ecd4ab06abc41754c1a689772e3658deab
docs/strategy_factory_setup_ai_edge_discovery_institutional_v2/08_CAUSAL_TREATMENT_LEARNING/02_Doubly_Robust_And_Orthogonal_Learners.md,documentation,2068,0274faade7d174efa33fd79442faa0d70830fc333471703f0b0f193b64ca4aea
docs/strategy_factory_setup_ai_edge_discovery_institutional_v2/08_CAUSAL_TREATMENT_LEARNING/03_Causal_Forests_And_Heterogeneity.md,documentation,2097,1d1a79e7b631aa709e80a78111c4312a5020f44d482a0550d27d41a3a7a1ddb6
docs/strategy_factory_setup_ai_edge_discovery_institutional_v2/08_CAUSAL_TREATMENT_LEARNING/04_Neural_Causal_And_DragonNet_Challengers.md,documentation,2113,94ed1a8e33e19715f6639b332e5e6ee0be7e37c27e92c1b1a5367ed8dc04c5cd
docs/strategy_factory_setup_ai_edge_discovery_institutional_v2/08_CAUSAL_TREATMENT_LEARNING/05_Conformal_Treatment_Effect_Intervals.md,documentation,2130,8d2bb3e67ef339659378afe4b3d27191c4fb8a44a0d5afeb04af1e69c0f04160
docs/strategy_factory_setup_ai_edge_discovery_institutional_v2/08_CAUSAL_TREATMENT_LEARNING/06_Treatment_Effect_Ranking_And_Policy_Value.md,documentation,2114,248393ecd08c6dbc6453855fae6eef8ffc21d4bfa9856fcef56e781dab99939b
docs/strategy_factory_setup_ai_edge_discovery_institutional_v2/08_CAUSAL_TREATMENT_LEARNING/07_Causal_Transport_And_Domain_Shift.md,documentation,2090,06409a3a714c0812cac96d46da73b590ad18e3717df04a94f110f4bb083b0c47
docs/strategy_factory_setup_ai_edge_discovery_institutional_v2/09_SEQUENCE_GRAPH_WORLD_MODELS/01_Sequence_State_Models.md,documentation,2091,b4d9eed6837f2946c54d17ab1af8924db05cf8d63fff0dde8445bf1eb98a0a4a
docs/strategy_factory_setup_ai_edge_discovery_institutional_v2/09_SEQUENCE_GRAPH_WORLD_MODELS/02_Temporal_Graph_Models.md,documentation,1952,7ea137345c4b3091a1cd49deeb6b0709bae6ac52caa0a15ab150d20b1feb4c0a
docs/strategy_factory_setup_ai_edge_discovery_institutional_v2/09_SEQUENCE_GRAPH_WORLD_MODELS/03_World_Model_Research_Architecture.md,documentation,2099,0fd8d7b7293de59a69e779d05e748d6d6543a96d31f35fdebf4dc1979fe5b61a
docs/strategy_factory_setup_ai_edge_discovery_institutional_v2/09_SEQUENCE_GRAPH_WORLD_MODELS/04_Dreamer_And_TD_MPC_Style_Challengers.md,documentation,2056,8d204e04e3bb91e0c709db134abf617233d70002f6a160c65abbd345fb06f357
docs/strategy_factory_setup_ai_edge_discovery_institutional_v2/09_SEQUENCE_GRAPH_WORLD_MODELS/05_Synthetic_Path_Generation_And_Stress.md,documentation,2106,e169efa74287a378e3271081ff0e40eca46bc6fd79a67bc8e58e6a0e96ee0837
docs/strategy_factory_setup_ai_edge_discovery_institutional_v2/09_SEQUENCE_GRAPH_WORLD_MODELS/06_Path_Representation_For_Trailing.md,documentation,2011,4b56d3abad93ae8c1c1e505884599ae0b9b092747541a42ee1659197157dcde5
docs/strategy_factory_setup_ai_edge_discovery_institutional_v2/10_OFFLINE_POLICY_LEARNING/01_Offline_Policy_Learning_Boundary.md,documentation,2130,e1f047eed16a7d49d21ac09c57f5280608a692886ef80d976cee39681d9cf8bd
docs/strategy_factory_setup_ai_edge_discovery_institutional_v2/10_OFFLINE_POLICY_LEARNING/02_Conservative_Offline_RL.md,documentation,2065,9af3ff5e8c1136789ce1eabd3843655f30ecd5a42d24b8f57787c88910fe5c5a
docs/strategy_factory_setup_ai_edge_discovery_institutional_v2/10_OFFLINE_POLICY_LEARNING/03_Decision_Transformer_And_Sequence_Policies.md,documentation,2046,cfc6c148d92ffeb6e794bcf1bd44422e4ae4b1ade0c8b9ad8d04aee48dc56f43
docs/strategy_factory_setup_ai_edge_discovery_institutional_v2/10_OFFLINE_POLICY_LEARNING/04_Off_Policy_Evaluation.md,documentation,2060,81bdd9fa5f0a80b939ff701a531eab7f2b8ab8b6f961fd31f91d36891bc8c680
docs/strategy_factory_setup_ai_edge_discovery_institutional_v2/10_OFFLINE_POLICY_LEARNING/05_Reward_And_Utility_Design.md,documentation,2069,0ff00a46b699065e580535e8b53726ce3a687e67bf0bef7303287c37cd994ee2
docs/strategy_factory_setup_ai_edge_discovery_institutional_v2/10_OFFLINE_POLICY_LEARNING/06_Safe_Action_Projection.md,documentation,1980,6fc7ed4a182956242c9bd8c46b2b61a6588498a5f2a2c7d800c8588a5c9fd00a
docs/strategy_factory_setup_ai_edge_discovery_institutional_v2/11_UNCERTAINTY_CONFORMAL_OOD/01_Uncertainty_Decomposition.md,documentation,2066,f0a6dc5e6e9d7ce689092d03d32d8008b7a939efac624b8f7295a6c49789f7d1
docs/strategy_factory_setup_ai_edge_discovery_institutional_v2/11_UNCERTAINTY_CONFORMAL_OOD/02_Deep_Ensembles_And_Bayesian_Challengers.md,documentation,2007,d593437b56e77dc83a877ed7c468e844a2be09f58d6cbc80466339ba354e8f41
docs/strategy_factory_setup_ai_edge_discovery_institutional_v2/11_UNCERTAINTY_CONFORMAL_OOD/03_Conformal_Prediction_For_Time_Series.md,documentation,2025,4b7dab59a277122c678484a6eedb1bb89f986fa74869675838913e0b1a9a48c5
docs/strategy_factory_setup_ai_edge_discovery_institutional_v2/11_UNCERTAINTY_CONFORMAL_OOD/04_Conformal_Risk_Control.md,documentation,2010,e66be126ecdb301c217bb2cb952a81e3819cb8307b9f0dd4bbf7457719b80e42
docs/strategy_factory_setup_ai_edge_discovery_institutional_v2/11_UNCERTAINTY_CONFORMAL_OOD/05_OOD_Novelty_And_Support.md,documentation,2100,bf9bec8d8267623a3f26549f5abcfd537d97aa15f8273905cc82575ddaa4a639
docs/strategy_factory_setup_ai_edge_discovery_institutional_v2/11_UNCERTAINTY_CONFORMAL_OOD/06_Distributionally_Robust_Utility.md,documentation,2073,ab810021e0c6152ec4daf6d8ab530d5d93d673007726d69cb68970269fda6539
docs/strategy_factory_setup_ai_edge_discovery_institutional_v2/11_UNCERTAINTY_CONFORMAL_OOD/07_Model_Disagreement_And_Decision_Stability.md,documentation,2032,1eaca6ad42929ea491d110659bf9b851329bab6afa52fdc6a37b449a0488ae8e
docs/strategy_factory_setup_ai_edge_discovery_institutional_v2/11_UNCERTAINTY_CONFORMAL_OOD/08_Selectivity_Coverage_And_Capacity.md,documentation,2059,8f4b41e0283901b916debfa9c0833eb52f3cbf0bc07fcc69cd66fcb2b36e68f9
docs/strategy_factory_setup_ai_edge_discovery_institutional_v2/11_UNCERTAINTY_CONFORMAL_OOD/09_Multi_Model_Stacking_And_Ensembling.md,documentation,987,d06e9fa31fee3bbfcf68dc42c1f4d85fe1f96bd7b64bf1a585f8925b7619f4ea
docs/strategy_factory_setup_ai_edge_discovery_institutional_v2/12_TOURNAMENT_SEARCH_HPO/01_Hierarchical_Tournament_Architecture.md,documentation,1997,2be056d13000e4d4c9ef9c5930fe6a4e20c661c53c28f62caeca78f583af2475
docs/strategy_factory_setup_ai_edge_discovery_institutional_v2/12_TOURNAMENT_SEARCH_HPO/02_Search_Space_Governance.md,documentation,2014,75cf2418fb783606dacbc873ddbd99088bece9cd49955dba975b51de96c92bab
docs/strategy_factory_setup_ai_edge_discovery_institutional_v2/12_TOURNAMENT_SEARCH_HPO/03_Multi_Fidelity_And_Early_Stopping.md,documentation,2082,c61f0d5968ec70069a2a6224e0263a623776442464b3e293e663ff5a648d51b5
docs/strategy_factory_setup_ai_edge_discovery_institutional_v2/12_TOURNAMENT_SEARCH_HPO/04_Bayesian_Optimization_And_Pareto_Search.md,documentation,2039,b6df7a9fc574601f16018c5a40a2d6899ef763a863fe5181a0926fc8476d3e7f
docs/strategy_factory_setup_ai_edge_discovery_institutional_v2/12_TOURNAMENT_SEARCH_HPO/05_Complete_Trial_And_Exposure_Ledger.md,documentation,2013,43285285c35253c35048a31c817f909343c34f03004d923f33024125bdd65b81
docs/strategy_factory_setup_ai_edge_discovery_institutional_v2/12_TOURNAMENT_SEARCH_HPO/06_Compute_Fabric_And_Schedulers.md,documentation,2069,ed036e08c3fe1324978dc9dd8873433c26ffdf43edd8bd6d4a3f74f0b626ec74
docs/strategy_factory_setup_ai_edge_discovery_institutional_v2/12_TOURNAMENT_SEARCH_HPO/07_Distributed_Training_And_Parallelism.md,documentation,1973,1e47df7e774c8ba4d38f268ebcad40a493ea9578375e7de28fcfbd06b94887f9
docs/strategy_factory_setup_ai_edge_discovery_institutional_v2/12_TOURNAMENT_SEARCH_HPO/08_Program_Level_Resource_Allocation.md,documentation,2055,24efc8f2490dc54872bd4ccfdbff7b57d4fdb6b9191836b9e6da7918a508b01b
docs/strategy_factory_setup_ai_edge_discovery_institutional_v2/13_ANTI_OVERFIT_PROMOTION/01_Anti_Overfit_Master_Protocol.md,documentation,2235,9083297762c4d2807d10d952cf2e532080b799aa7a2846df1b93d54a6b93f2c9
docs/strategy_factory_setup_ai_edge_discovery_institutional_v2/13_ANTI_OVERFIT_PROMOTION/02_Purged_Nested_Walk_Forward.md,documentation,1979,967b1cd2e37e52d3f19d4a95d69248e2a5270d6f7908c956e1bcfbfd4458666e
docs/strategy_factory_setup_ai_edge_discovery_institutional_v2/13_ANTI_OVERFIT_PROMOTION/03_Multiplicity_PBO_And_Deflated_Performance.md,documentation,1981,9c6a2e555e4de759ebb6f722fbf639df03e8b95f15851166b8b3be3e0bf9ab85
docs/strategy_factory_setup_ai_edge_discovery_institutional_v2/13_ANTI_OVERFIT_PROMOTION/04_Reality_Check_SPA_And_Null_Program.md,documentation,2032,fed3ac572eb0df6310b2c99ce3b458329d831f6ba84c1afda47206c97296dc86
docs/strategy_factory_setup_ai_edge_discovery_institutional_v2/13_ANTI_OVERFIT_PROMOTION/05_Stability_Surface_And_Brittleness.md,documentation,1942,fc345144874606cdb6efd0ff78ce1242a0a9e61b52567c9a9f16f1e48f626976
docs/strategy_factory_setup_ai_edge_discovery_institutional_v2/13_ANTI_OVERFIT_PROMOTION/06_Profile_Specific_Adversarial_Tests.md,documentation,2097,b0c36a5e6bfb132d70e17214985684f7ec08ff81e904960fbc35e7083e975257
docs/strategy_factory_setup_ai_edge_discovery_institutional_v2/13_ANTI_OVERFIT_PROMOTION/07_Cross_Symbol_Feed_Broker_Transport.md,documentation,2001,587e10b1a1a02a1b35430d57b3cff9d486d637147d6b8e47769c22ec4dc2a151
docs/strategy_factory_setup_ai_edge_discovery_institutional_v2/13_ANTI_OVERFIT_PROMOTION/08_Prospective_Paper_Challenge.md,documentation,2063,ae897315255f8f8fa8587a63d76c5f89fe500ad537c336db5259ec16e3b7c59f
docs/strategy_factory_setup_ai_edge_discovery_institutional_v2/13_ANTI_OVERFIT_PROMOTION/09_Model_Risk_Scorecard.md,documentation,2010,38219628c9c551043d5a94163482a1904d4add47ff8eb20e1954a1cfe774174b
docs/strategy_factory_setup_ai_edge_discovery_institutional_v2/13_ANTI_OVERFIT_PROMOTION/10_Promotion_Dossier_And_Signed_Admission.md,documentation,2034,a32af4e512014c219cad0b627a5322523283856ffffb1c6e7d56a8c69c37ca5f
docs/strategy_factory_setup_ai_edge_discovery_institutional_v2/13_ANTI_OVERFIT_PROMOTION/11_Research_Exposure_And_Data_Role_Firewall.md,documentation,901,a923a6456fa25970de2d83012e0d3bcc14ac4c0f9fada9373fb3d88e71a354e5
docs/strategy_factory_setup_ai_edge_discovery_institutional_v2/13_ANTI_OVERFIT_PROMOTION/12_Nested_Selection_And_Model_Family_Risk.md,documentation,1081,ac2c7631596a378733d5f5e7e764413f6592d987fb74b0c5b681ec1b3b9f5456
docs/strategy_factory_setup_ai_edge_discovery_institutional_v2/14_MULTI_AGENT_RESEARCH_CONTROL/01_Multi_Agent_Control_Plane.md,documentation,2165,d0fa9cbca14229b8d57390b259c06135a05e10b31da502fcc7d60c6bc6c114d9
docs/strategy_factory_setup_ai_edge_discovery_institutional_v2/14_MULTI_AGENT_RESEARCH_CONTROL/02_Hypothesis_Agent.md,documentation,2016,711917f2109d36ee92797f940bfe48fb1f6d07bb07745f8eb865540264a5afb3
docs/strategy_factory_setup_ai_edge_discovery_institutional_v2/14_MULTI_AGENT_RESEARCH_CONTROL/03_Data_Leakage_Sentinel.md,documentation,1951,70a4b75ba61eb3ed22b71f7e40110d3ab81133273f2de7e2b18b563c771354a4
docs/strategy_factory_setup_ai_edge_discovery_institutional_v2/14_MULTI_AGENT_RESEARCH_CONTROL/04_Statistical_Adversary_Agent.md,documentation,1982,39b15c51e0c35dfc6ba568dc6a70f135fd673d43395d7ff3495f3da363c17fbf
docs/strategy_factory_setup_ai_edge_discovery_institutional_v2/14_MULTI_AGENT_RESEARCH_CONTROL/05_Model_Engineering_Agent.md,documentation,2014,0a661c839ec8176764f3d541098cc7b3ff93817b4bc9b1ef18e8a4fa0f987e46
docs/strategy_factory_setup_ai_edge_discovery_institutional_v2/14_MULTI_AGENT_RESEARCH_CONTROL/06_Causal_And_Execution_Auditors.md,documentation,1944,613f1af6b17640c03b42c674bfb9e42e8ca5375f5e0ee22ec6b1b0ceb361aa06
docs/strategy_factory_setup_ai_edge_discovery_institutional_v2/14_MULTI_AGENT_RESEARCH_CONTROL/07_Multi_Agent_Authority_Matrix.md,documentation,1945,1c869d2e7e485df080c9ffde2d0fee7f9a4a0394a47f47f43e5af5acf76ef961
docs/strategy_factory_setup_ai_edge_discovery_institutional_v2/15_DISTRIBUTED_MLOPS_COMPUTE/01_Data_Lakehouse_And_Feature_Store.md,documentation,2064,ef5fd1a2cde8b90d6d6c9fc1f0e29479da3f384260e5f26a352f090c0caf6d9d
docs/strategy_factory_setup_ai_edge_discovery_institutional_v2/15_DISTRIBUTED_MLOPS_COMPUTE/02_Experiment_And_Model_Registry.md,documentation,2035,41ffb5dd9032d63fd7633233cd1b770ba1d1dec9150d7fa3c1ea7c68dee2b2f0
docs/strategy_factory_setup_ai_edge_discovery_institutional_v2/15_DISTRIBUTED_MLOPS_COMPUTE/03_CI_CD_And_Qualification_Pipelines.md,documentation,1986,cf1561b709ff2bc2ec969afed969cb6302f924fa6684f7ef8081a0ce2d7ef767
docs/strategy_factory_setup_ai_edge_discovery_institutional_v2/15_DISTRIBUTED_MLOPS_COMPUTE/04_Observability_And_Cost_Governance.md,documentation,1986,c20c8a1780b2e36a13a3a572286be18902202ac7cf77219536774a92e32f5742
docs/strategy_factory_setup_ai_edge_discovery_institutional_v2/15_DISTRIBUTED_MLOPS_COMPUTE/05_Security_Supply_Chain_And_SBOM.md,documentation,2103,66f090a44e490874c511360557b4ae9986dbfbe84446a72f0f188d3a068af32b
docs/strategy_factory_setup_ai_edge_discovery_institutional_v2/15_DISTRIBUTED_MLOPS_COMPUTE/06_Backup_Disaster_Recovery_And_Retention.md,documentation,1959,f250cd5d6a551118dbd77da869dc6a5d7ba4d5b00feb30d8af1b9115a10d4302
docs/strategy_factory_setup_ai_edge_discovery_institutional_v2/16_POLICY_RUNTIME_PORTFOLIO/01_Manual_AI_Hybrid_Policy_Compilation.md,documentation,2015,0163b2ecc2f713a22bc8edc921a19d3e61210147617568a1bbb442656743f726
docs/strategy_factory_setup_ai_edge_discovery_institutional_v2/16_POLICY_RUNTIME_PORTFOLIO/02_Runtime_Export_And_Parity.md,documentation,2087,d2ae19aea6193ccefa2de5cbc55ec0a68be63a817a69df96b9d4ca4a2ba45cdb
docs/strategy_factory_setup_ai_edge_discovery_institutional_v2/16_POLICY_RUNTIME_PORTFOLIO/03_Portfolio_Aware_Objectives.md,documentation,2112,cfc1e91e3775c700ef10e8b5668ce937d7c82da6dff68a5e938660e42d888847
docs/strategy_factory_setup_ai_edge_discovery_institutional_v2/16_POLICY_RUNTIME_PORTFOLIO/04_Capital_And_Risk_Handoff.md,documentation,2064,8419d543bb953161f559aad8672949de6557e30c1d55306fccae302fe32d4f79
docs/strategy_factory_setup_ai_edge_discovery_institutional_v2/16_POLICY_RUNTIME_PORTFOLIO/05_Monitoring_Assumption_Contract.md,documentation,1988,d7724d66b0a10b75b9a24eef94159c26a17a5bd0e92278ac5f7674fafaab4616
docs/strategy_factory_setup_ai_edge_discovery_institutional_v2/16_POLICY_RUNTIME_PORTFOLIO/06_Incremental_Value_Attribution.md,documentation,1943,f2326d1c60ea206d1ec9761b3f7f5c31a7c49da468b48596b09b9972d625a052
docs/strategy_factory_setup_ai_edge_discovery_institutional_v2/16_POLICY_RUNTIME_PORTFOLIO/07_Release_And_Production_Qualification.md,documentation,2054,18320e1ef86108a96545b2e0c3fb652134c7f6e42111f8ae5b978052762b2952
docs/strategy_factory_setup_ai_edge_discovery_institutional_v2/17_MODEL_RISK_SECURITY_GOVERNANCE/01_Model_Risk_Committee.md,documentation,2094,2aa1f58e307c147429a8c8249f4dd796d566492b675f89aa8499ab426a0e1573
docs/strategy_factory_setup_ai_edge_discovery_institutional_v2/17_MODEL_RISK_SECURITY_GOVERNANCE/02_Model_Card_And_System_Card.md,documentation,2006,9ecc32ebc465e51e70fccd0f3e463b2c713449402448471d513a18ff0fa61c2c
docs/strategy_factory_setup_ai_edge_discovery_institutional_v2/17_MODEL_RISK_SECURITY_GOVERNANCE/03_Data_Governance_And_Entitlements.md,documentation,1975,ba5bc8e223e611e7a3b10534277cace3fefebbd15b366b5cf580604e2a0fcff2
docs/strategy_factory_setup_ai_edge_discovery_institutional_v2/17_MODEL_RISK_SECURITY_GOVERNANCE/04_Change_Management_And_Compatibility.md,documentation,2034,ca24169a1dadc2683d0ff63d5c0d5558fe525af7f650ab29e8bc0987907a6743
docs/strategy_factory_setup_ai_edge_discovery_institutional_v2/17_MODEL_RISK_SECURITY_GOVERNANCE/05_Incident_Quarantine_Revocation.md,documentation,2045,7ec1a03919b021cc96748af82e3783ca38fcc56c514a7ff5c2e9bca75165e1be
docs/strategy_factory_setup_ai_edge_discovery_institutional_v2/17_MODEL_RISK_SECURITY_GOVERNANCE/06_Foundation_Model_Intake_Checklist.md,documentation,2099,c016bf5c8e75ac09cb7f85f071e550a167b5c24089d75528ce270745ca4b8ec2
docs/strategy_factory_setup_ai_edge_discovery_institutional_v2/18_RESEARCH_MEMORY_META_LEARNING/01_Research_Memory_Graph.md,documentation,2099,eff2eea6949bea4947193477c6f32f34e1a4152e717df4c9e0fbe1ac099e63c1
docs/strategy_factory_setup_ai_edge_discovery_institutional_v2/18_RESEARCH_MEMORY_META_LEARNING/02_Failure_Memory_And_Falsification_Library.md,documentation,2068,0e7f76dec9b65e49a8a0a195fe24b498af57b34227db55474fd615a28574f008
docs/strategy_factory_setup_ai_edge_discovery_institutional_v2/18_RESEARCH_MEMORY_META_LEARNING/03_Cross_Context_Meta_Learning.md,documentation,2093,c0f715f850d7edf18208cf179d10512066da20962dca78e069becf091254f374
docs/strategy_factory_setup_ai_edge_discovery_institutional_v2/18_RESEARCH_MEMORY_META_LEARNING/04_Hierarchical_Bayesian_Edge_Priors.md,documentation,2045,106165b97b016781b6e7bc7ee3e346d1670637cf95db5a27b5fa488b31afda8c
docs/strategy_factory_setup_ai_edge_discovery_institutional_v2/18_RESEARCH_MEMORY_META_LEARNING/05_Active_Experiment_Planner.md,documentation,2111,ca9b40bdb96e8c3563c7dbb7f1794775e825fe0ec40dd82aa0e63093ec756449
docs/strategy_factory_setup_ai_edge_discovery_institutional_v2/18_RESEARCH_MEMORY_META_LEARNING/06_AI_Analyst_And_Diagnostic_Packets.md,documentation,2082,6f31284d5760aa8dfaf6226dcc2ad4ee3796b564be34f6d6fdf22511f9e23fe4
docs/strategy_factory_setup_ai_edge_discovery_institutional_v2/19_IMPLEMENTATION_PROGRAM/SAED2_00_Program_Charter_and_UCEE_Gap_Audit.md,documentation,1668,efbd1ad72b7aa2a9298702b34846548f4caaeb9645b40d72404a121166dfe5c7
docs/strategy_factory_setup_ai_edge_discovery_institutional_v2/19_IMPLEMENTATION_PROGRAM/SAED2_01_Institutional_Ontology_and_Schema_Freeze.md,documentation,1694,674db4089c7759c9feea04ea520207a9e43ea85dd7cb8c82d18e4b0c6366374c
"docs/strategy_factory_setup_ai_edge_discovery_institutional_v2/19_IMPLEMENTATION_PROGRAM/SAED2_02_Payoff,_Entry_and_Trigger_Registries.md",documentation,1667,b97c4540b8863035e234f3b2eaa9f9256b4f68322a2f4dffdb98c910aba87528
docs/strategy_factory_setup_ai_edge_discovery_institutional_v2/19_IMPLEMENTATION_PROGRAM/SAED2_03_Finite_Treatment_Lattice_Compiler.md,documentation,1683,c41d3b71a7d5a7fe59ec3855f222b166256696c9740b778d082ea2260681c8b9
docs/strategy_factory_setup_ai_edge_discovery_institutional_v2/19_IMPLEMENTATION_PROGRAM/SAED2_04_Event-Sourced_Replay_and_Known-Time_Certification.md,documentation,1664,afe657eb81fdfb5a27ff0337757ff8df1a56346e79a91b233e513e5b5b727214
"docs/strategy_factory_setup_ai_edge_discovery_institutional_v2/19_IMPLEMENTATION_PROGRAM/SAED2_05_Path,_Fill_and_Execution_Truth.md",documentation,1689,5baa4e6db2ea824185acfa0fd0e6e7c933b36f25d2c7c086a08112187eee9904
docs/strategy_factory_setup_ai_edge_discovery_institutional_v2/19_IMPLEMENTATION_PROGRAM/SAED2_06_Counterfactual_Outcome_Cube.md,documentation,1665,4d173496df0d8fc7381eb93898776d086b870a0527ffcd37d44c1c7099abc81a
docs/strategy_factory_setup_ai_edge_discovery_institutional_v2/19_IMPLEMENTATION_PROGRAM/SAED2_07_Clustered_Dataset_and_Fold_Factory.md,documentation,1695,072c7643ce62789258e126ee9025fb2434f2978c3504a15a377838dab4f08dca
"docs/strategy_factory_setup_ai_edge_discovery_institutional_v2/19_IMPLEMENTATION_PROGRAM/SAED2_08_Manual,_Naive_and_Classical_Baselines.md",documentation,1696,34d37f7b4a31f27f381c0e43780fe972cc95b074af28245edf7591f0e8044b14
docs/strategy_factory_setup_ai_edge_discovery_institutional_v2/19_IMPLEMENTATION_PROGRAM/SAED2_09_Self-Supervised_and_Multi-View_Representation_Layer.md,documentation,1680,4c035c7bf1b3c814ba2a808b08c71e0f0b761a175fb4a39c6be21252adf0405c
"docs/strategy_factory_setup_ai_edge_discovery_institutional_v2/19_IMPLEMENTATION_PROGRAM/SAED2_10_Sequence,_State-Space_and_Graph_Challengers.md",documentation,1665,0a89ad09c75adba9da048af3c3fbb8a9c549da365797e7da902ea45711d148a3
docs/strategy_factory_setup_ai_edge_discovery_institutional_v2/19_IMPLEMENTATION_PROGRAM/SAED2_11_Foundation_Model_Adapter_Program.md,documentation,1689,648c3501cb5947972d49bdbc09d02344c66cfe6c65c87acb57cc379018bfe7d5
docs/strategy_factory_setup_ai_edge_discovery_institutional_v2/19_IMPLEMENTATION_PROGRAM/SAED2_12_Supervised_Multi-Task_Trainer.md,documentation,1667,19bc923742e6f8a9a5c8c4d168b5067ad72b4bd0265d2408003ef7790ca6b26a
docs/strategy_factory_setup_ai_edge_discovery_institutional_v2/19_IMPLEMENTATION_PROGRAM/SAED2_13_Causal_Treatment_Learning.md,documentation,1671,23afe190a6eae6423e6057b2d506dbf59281b4a4b68a77207272abe5cdf8ffef
"docs/strategy_factory_setup_ai_edge_discovery_institutional_v2/19_IMPLEMENTATION_PROGRAM/SAED2_14_Uncertainty,_Conformal_and_OOD.md",documentation,1683,bdeab5fff9b7f6b34a4cd1a433c48b69bde78dc810409f300ea6e55aba0c50f7
docs/strategy_factory_setup_ai_edge_discovery_institutional_v2/19_IMPLEMENTATION_PROGRAM/SAED2_15_World_Model_and_Synthetic_Stress_Lab.md,documentation,1681,36ef258b7cf017de6570a83d695d1f68824d45cba387c0345a720e2dd2212a42
docs/strategy_factory_setup_ai_edge_discovery_institutional_v2/19_IMPLEMENTATION_PROGRAM/SAED2_16_Conservative_Offline_Policy_Research.md,documentation,1675,4aec892e0dc8cb4671230e27c1993633c9c30bdd9df6ed4d35b93cbf88601487
docs/strategy_factory_setup_ai_edge_discovery_institutional_v2/19_IMPLEMENTATION_PROGRAM/SAED2_17_Hierarchical_Tournament_and_Search_Fabric.md,documentation,1673,d343c963fbb371d5ceebf857e9a3840f4821e80f0a9dfb6013e002d75e8b7086
docs/strategy_factory_setup_ai_edge_discovery_institutional_v2/19_IMPLEMENTATION_PROGRAM/SAED2_18_Distributed_Compute_and_MLOps_Foundation.md,documentation,1698,2bc936484c3fcc802b66c9609f9d9a9225ec27abe84657cf829b8f7aa566233c
docs/strategy_factory_setup_ai_edge_discovery_institutional_v2/19_IMPLEMENTATION_PROGRAM/SAED2_19_Multi-Agent_Research_Control_Plane.md,documentation,1678,0fd5324b78e65489bb732a13e395ee70b3da93e41092d1f2658a5f2947dba854
docs/strategy_factory_setup_ai_edge_discovery_institutional_v2/19_IMPLEMENTATION_PROGRAM/SAED2_20_Anti-Overfit_Adversarial_Qualification.md,documentation,1680,1335f0d6ed6e606b8131cc31c643e6bfb9704d4cb320e674b37d239399630070
docs/strategy_factory_setup_ai_edge_discovery_institutional_v2/19_IMPLEMENTATION_PROGRAM/SAED2_21_Policy_Compilation_and_Incremental_Attribution.md,documentation,1678,4c5025be0627349d2c8f42ae7b249790c01c0eff2da0fe2f1400b36399614fb1
docs/strategy_factory_setup_ai_edge_discovery_institutional_v2/19_IMPLEMENTATION_PROGRAM/SAED2_22_Immutable_Runtime_Export_and_MQL5_Parity.md,documentation,1680,a1072cdf9897af0a87fa988f32842d12d9b8e8bf103894c3420871ac3d964a4e
docs/strategy_factory_setup_ai_edge_discovery_institutional_v2/19_IMPLEMENTATION_PROGRAM/SAED2_23_Prospective_Paper_and_Portfolio_Shadow.md,documentation,1687,0dfbb96071c9e9fdfc82c16db0985726d1d2493fd922e5a2124b769b24cda4a3
docs/strategy_factory_setup_ai_edge_discovery_institutional_v2/19_IMPLEMENTATION_PROGRAM/SAED2_24_Production_Qualification_and_Micro-Live_Ladder.md,documentation,1694,36a68be056f01a5ccafdf33b3671d05d0f16ce634c5adc2530297d35b76897ac
docs/strategy_factory_setup_ai_edge_discovery_institutional_v2/19_IMPLEMENTATION_PROGRAM/SAED2_25_Research_Memory_and_Meta-Learning.md,documentation,1687,e7d7dab1bee20abcd6ddbc457f7bac3db38f610bc8b65c9c490d3070a1caac4d
docs/strategy_factory_setup_ai_edge_discovery_institutional_v2/19_IMPLEMENTATION_PROGRAM/SAED2_26_Active_Experiment_Planning_and_Institutional_Scale.md,documentation,1735,ca18d41ba7af0903f20a7f23ad2dc1c14310ed7f2afccf615d313142e8c4348c
docs/strategy_factory_setup_ai_edge_discovery_institutional_v2/20_TEMPLATES/T01_Research_Program_Template.md,documentation,1905,a3ff426255a5fd0de363902389a959685f6eb26ada52e3aabb1d1317e3f3ae18
docs/strategy_factory_setup_ai_edge_discovery_institutional_v2/20_TEMPLATES/T02_Edge_Hypothesis_Template.md,documentation,1689,d2a2208265471445f7594c3bc9667102f495886a2eb2d905cf099cb5d3fcc189
docs/strategy_factory_setup_ai_edge_discovery_institutional_v2/20_TEMPLATES/T03_Treatment_Universe_Template.md,documentation,2022,03e4c29f9c7664d5c6f243345e7c11831963c7c5cf7b5d8923a81ec9f35a300d
docs/strategy_factory_setup_ai_edge_discovery_institutional_v2/20_TEMPLATES/T04_Trainer_Program_Template.md,documentation,1812,401ceaf880be59adcb54b64538298e0353418a2fca020221484b356979a81061
docs/strategy_factory_setup_ai_edge_discovery_institutional_v2/20_TEMPLATES/T05_Experiment_Manifest_Template.md,documentation,2019,6539389fc822891bb1be85afacbecbdce7930e3c79db0ee620ff6f6e98c0386f
docs/strategy_factory_setup_ai_edge_discovery_institutional_v2/20_TEMPLATES/T06_Causal_Assumption_Card_Template.md,documentation,1799,363fe39385ca64edcae041d345f8bbcc57a351810a259e451f545a98e031dee9
docs/strategy_factory_setup_ai_edge_discovery_institutional_v2/20_TEMPLATES/T07_Model_Card_Template.md,documentation,2178,1f86a7306a4c19a5cb22d547145a39609b39cf1c8f69d7b0310cf08242b7e53b
docs/strategy_factory_setup_ai_edge_discovery_institutional_v2/20_TEMPLATES/T08_Anti_Overfit_Dossier_Template.md,documentation,2177,2c695e4a74399e35cd62d88aebab20af2b2300213776d75064ffd302b43846e1
docs/strategy_factory_setup_ai_edge_discovery_institutional_v2/20_TEMPLATES/T09_Agent_Runbook_Template.md,documentation,1815,af5097fa597a067dfd944a86365cc92220220cd9c5f8a7805238d3a95c87d246
docs/strategy_factory_setup_ai_edge_discovery_institutional_v2/20_TEMPLATES/T10_Promotion_Dossier_Template.md,documentation,2168,ef3643ca8c0cd79b79cff809f84af7f5d4cbf7ad2f629cf85bd5f7d8c01fdb0c
docs/strategy_factory_setup_ai_edge_discovery_institutional_v2/20_TEMPLATES/T11_Runtime_Handoff_Template.md,documentation,2003,474f8074c67852420015a47efc9fbaae5e694d15b4c4dfbf7044fa27a1d627f2
docs/strategy_factory_setup_ai_edge_discovery_institutional_v2/20_TEMPLATES/T12_Prospective_Paper_Template.md,documentation,1825,8534c30ad5fc37b73a1cb5731b492891fb9284470f2b30e4743ad600915d9491
docs/strategy_factory_setup_ai_edge_discovery_institutional_v2/20_TEMPLATES/T13_Monitoring_Assumption_Template.md,documentation,1810,2eff5e418ec2aefd0d890ffabc4fa89a7e5bb98b92a4aed7179226cf127af239
docs/strategy_factory_setup_ai_edge_discovery_institutional_v2/20_TEMPLATES/T14_Active_Experiment_Proposal_Template.md,documentation,1815,e6ded623a1f7993a73e32526bf778793bd7b29e8217c5cd72514ccc3b84c2518
docs/strategy_factory_setup_ai_edge_discovery_institutional_v2/21_ADRS/ADR_001_Finite_Action_Lattice.md,documentation,918,78f915963576431086e3698c8a7acd88955fbf903f4195169b9778675179bb42
docs/strategy_factory_setup_ai_edge_discovery_institutional_v2/21_ADRS/ADR_002_Capability_Tier_Separation.md,documentation,889,5e9b3a25e29659152dadd05f81c71455a80bab202121b50b5b977cafee679f9f
docs/strategy_factory_setup_ai_edge_discovery_institutional_v2/21_ADRS/ADR_003_Causal_Predictive_Separation.md,documentation,919,b610da4ffefebe981d64c031261567d60ce84ab0b38088047e73f47845205936
docs/strategy_factory_setup_ai_edge_discovery_institutional_v2/21_ADRS/ADR_004_Agents_Cannot_Promote.md,documentation,866,63b18fb6661144bbd62ebb8d6550412f19ac83425aa562491b86e54d593d61f5
docs/strategy_factory_setup_ai_edge_discovery_institutional_v2/21_ADRS/ADR_005_World_Models_Research_Only.md,documentation,915,9a73e9d000d65790d1cb8504019f49319ad890f95b68a141a68c8cc237805cb4
docs/strategy_factory_setup_ai_edge_discovery_institutional_v2/21_ADRS/ADR_006_Offline_RL_Bounded_Research.md,documentation,901,a1c093a9eb746969c2a45eead150efe21d063e417314ab40f8c623fac5a8a78c
docs/strategy_factory_setup_ai_edge_discovery_institutional_v2/21_ADRS/ADR_007_Locked_Prospective_Evidence.md,documentation,900,61b082becb47944e993ce0275c226310384849a09e6f7405e435925d8b3ba106
docs/strategy_factory_setup_ai_edge_discovery_institutional_v2/21_ADRS/ADR_008_Foundation_Models_Are_Adapters_Not_Oracles.md,documentation,1650,0b33c257f81b71d4b680609d46eba4993db414acd618b9d25aa830c3fcc03238
docs/strategy_factory_setup_ai_edge_discovery_institutional_v2/21_ADRS/ADR_009_World_Models_Are_Falsification_Infrastructure.md,documentation,1587,ad60df6a3e89a1a54a3abefedf0dcc338f2b0a937a8e2ada11bb60230a8dc843
docs/strategy_factory_setup_ai_edge_discovery_institutional_v2/21_ADRS/ADR_010_Offline_RL_Uses_Finite_Action_Projection.md,documentation,1613,2a8d6bfd7ab6ead2565c7c8fba719e1c9594328e299d2f03d0d302e42ab19c0d
docs/strategy_factory_setup_ai_edge_discovery_institutional_v2/21_ADRS/ADR_011_Conformal_Claims_Are_Assumption_Bounded.md,documentation,1635,19715aafee4e6966b427aa8b827827c86057c559fdcd93c854f1106e45dd1255
docs/strategy_factory_setup_ai_edge_discovery_institutional_v2/21_ADRS/ADR_012_Agents_Have_No_Promotion_Or_Trading_Authority.md,documentation,1596,d552f6ecbe53d5be6faa9292b1900991d3630419395e5478ed621416c0743396
docs/strategy_factory_setup_ai_edge_discovery_institutional_v2/21_ADRS/ADR_013_Advanced_Models_Preserve_Simple_Fallbacks.md,documentation,1590,34e1e22a7cc4f1b49c07bc80372f6a460172c901393ab04503c1f2b0b7593468
docs/strategy_factory_setup_ai_edge_discovery_institutional_v2/22_EXAMPLES/01_EXP0017_F2_Institutional_Program.md,documentation,1983,3959352a6900312e75f22159fd89565a48781b6315acb692db15d381a3b2536c
docs/strategy_factory_setup_ai_edge_discovery_institutional_v2/22_EXAMPLES/02_Tight_Convex_Trail_Research_Example.md,documentation,1040,7e240086dd22af93e66305b569953a0bedc3a2603ef7d4d53c81923351302f3c
docs/strategy_factory_setup_ai_edge_discovery_institutional_v2/23_CHECKLISTS/01_Architecture_Review_Checklist.md,documentation,474,bff786c8200a4e7359edaa1c41d62577dc52d0385249e52c4fddccf5c007b95b
docs/strategy_factory_setup_ai_edge_discovery_institutional_v2/23_CHECKLISTS/02_Data_Leakage_Checklist.md,documentation,429,58115e918e469a136d74f0e94a02cde623ffc24b475f2603ac7e888211e656f1
docs/strategy_factory_setup_ai_edge_discovery_institutional_v2/23_CHECKLISTS/03_Model_Challenge_Checklist.md,documentation,438,12ee16b9a0238e31b4921c3ba6b66c4a116c44693ce121b3866db9e12c632df0
docs/strategy_factory_setup_ai_edge_discovery_institutional_v2/23_CHECKLISTS/04_Foundation_Model_Intake_Checklist.md,documentation,462,69929cec4082d25c8b91667f7bc89077d931e09947e18e19719482c62c9abb95
docs/strategy_factory_setup_ai_edge_discovery_institutional_v2/23_CHECKLISTS/05_Production_Handoff_Checklist.md,documentation,467,7d7ffe415d69f9b8496f28b0ab701c78b1afe12737e6d50849163ba71e7950e0
docs/strategy_factory_setup_ai_edge_discovery_institutional_v2/23_CHECKLISTS/06_Definition_Of_Done.md,documentation,454,2e2567871f0671647c922d79228032008055da3190eceefae11289dfbd0a4284
docs/strategy_factory_setup_ai_edge_discovery_institutional_v2/24_REFERENCES/01_Primary_Research_Register.md,documentation,8362,793d66a750afd124bd65517c0770777843e4a0b73149ebcb51f0dd9e8fb09f4b
docs/strategy_factory_setup_ai_edge_discovery_institutional_v2/24_REFERENCES/02_Glossary.md,documentation,1361,8258710ff27eab9da5f320c2e3a87268bc945b8d5da23958624b36275693675f
docs/strategy_factory_setup_ai_edge_discovery_institutional_v2/24_REFERENCES/03_File_And_Traceability_Index.md,documentation,30329,151445767a8f43c6006ee16227e3e8ee8699846eecdad8b0f2dae573ee76c05e
docs/strategy_factory_setup_ai_edge_discovery_institutional_v2/24_REFERENCES/research_bibliography.json,documentation,8075,76d914def3abb8b6cf18a0dc1dce617e2772bba2b7a2341fa2e546018413c1ce
docs/strategy_factory_setup_ai_edge_discovery_institutional_v2/25_DEEP_DESIGN/00_Billion_Dollar_Design_Standard.md,documentation,5561,012a036f20ecea6be95bae5a9ad80bfa546ebb60a459ac063944a08d8a852d88
docs/strategy_factory_setup_ai_edge_discovery_institutional_v2/25_DEEP_DESIGN/01_End_To_End_Reference_Architecture.md,documentation,5210,81d56a76d0f417ad319f28440185f4947be9cc2896f7945934c34eb9dc54e02e
docs/strategy_factory_setup_ai_edge_discovery_institutional_v2/25_DEEP_DESIGN/02_Data_Contract_And_Bitemporal_Truth.md,documentation,4847,b84ec3a1c5badcdb8be976b7b2d6b1bc32394184c8dd013f342f2450c4f2af99
docs/strategy_factory_setup_ai_edge_discovery_institutional_v2/25_DEEP_DESIGN/03_Treatment_Lattice_Compiler_Algorithms.md,documentation,4866,c816acd95ec115021e704fc84fcb866140a7caf1f368d537b38f2b5554a9275d
docs/strategy_factory_setup_ai_edge_discovery_institutional_v2/25_DEEP_DESIGN/04_Multi_Objective_Utility_And_Pareto_Governance.md,documentation,4883,efbfb7b003b92e0cbf8377a9b893a178243a18cbae4ce6971bcfa882ac9bfb8c
docs/strategy_factory_setup_ai_edge_discovery_institutional_v2/25_DEEP_DESIGN/05_Market_Microstructure_Fill_Impact_Model.md,documentation,4859,265298e7b02793702efef7318e7a2dd936709d16056a9dfbf762e24bcbe973bd
docs/strategy_factory_setup_ai_edge_discovery_institutional_v2/25_DEEP_DESIGN/06_Counterfactual_Outcome_Cube_Engine.md,documentation,4558,d2e493c58538887dfcb08a363b651fa6ed4c12005e4ff9d547f287c4b57b6745
docs/strategy_factory_setup_ai_edge_discovery_institutional_v2/25_DEEP_DESIGN/07_Self_Supervised_Pretraining_Curriculum.md,documentation,4819,551e96329b001d51a2e1b7c9f6af24ddec78a51f44aee3fccd3b3aff1c482695
docs/strategy_factory_setup_ai_edge_discovery_institutional_v2/25_DEEP_DESIGN/08_Multi_View_Multimodal_Fusion.md,documentation,4485,d32b4c93fa18e6ff2945b76fbfa8358b3145da19e476464d818484711f0fc98e
docs/strategy_factory_setup_ai_edge_discovery_institutional_v2/25_DEEP_DESIGN/09_Time_Series_Foundation_Model_Intake.md,documentation,4852,8183fc731ec14e9b4c30b8f67c171e473ff5c4f3f0ba86d87e0aa1eb5d52641c
docs/strategy_factory_setup_ai_edge_discovery_institutional_v2/25_DEEP_DESIGN/10_State_Space_Transformer_Hybrid.md,documentation,4570,0d1138b567cc91e72643069c5e2d3481691be4cec4c53e535591fa7454d08c9f
docs/strategy_factory_setup_ai_edge_discovery_institutional_v2/25_DEEP_DESIGN/11_Temporal_Graph_And_Intermarket_Intelligence.md,documentation,4475,fdf57c3455390c69b321e0268adacb7f3b1ad0fe41bd50c7be679caebb49feec
docs/strategy_factory_setup_ai_edge_discovery_institutional_v2/25_DEEP_DESIGN/12_Causal_Treatment_Effect_Stack.md,documentation,4644,f7c5d1dabeb57bf8d840de0ce2ef8873c143926918449e44988b6aaf79be294d
docs/strategy_factory_setup_ai_edge_discovery_institutional_v2/25_DEEP_DESIGN/13_World_Model_And_Synthetic_Stress_Lab.md,documentation,4579,cb689af22f6194ea6276ba850e3de70a30167439b952003be0de57ed2898d1a1
docs/strategy_factory_setup_ai_edge_discovery_institutional_v2/25_DEEP_DESIGN/14_Conservative_Offline_Policy_Learning.md,documentation,4534,c7caf5d5851af662239f3e1dcb58fad182f56905e9761a2662e4a57501c9818f
docs/strategy_factory_setup_ai_edge_discovery_institutional_v2/25_DEEP_DESIGN/15_Distributional_Survival_And_Tail_Learning.md,documentation,4411,f33db5c16543b32dff3f3a003da8c8e4c53e78ff5b6d25b3df03e03e033bf554
docs/strategy_factory_setup_ai_edge_discovery_institutional_v2/25_DEEP_DESIGN/16_Conformal_Uncertainty_Abstention_Control.md,documentation,4636,db68fa7f9a88dea92c013a526973af0c5397a21e6389e3bc13d7f70dd0b03148
docs/strategy_factory_setup_ai_edge_discovery_institutional_v2/25_DEEP_DESIGN/17_Regime_Mixture_Of_Experts_Routing.md,documentation,4325,10bc080147ce2f4e208472d0086776f8ffba0b5cfc972bdee26cc5dc926beaf5
docs/strategy_factory_setup_ai_edge_discovery_institutional_v2/25_DEEP_DESIGN/18_Hierarchical_Bayesian_Meta_Learning.md,documentation,6450,36211e04768ae2f7ebd5927d0f2252e38aae8b8b3a91eb915fb1de096fc3664c
docs/strategy_factory_setup_ai_edge_discovery_institutional_v2/25_DEEP_DESIGN/19_Experiment_Search_And_Compute_Allocator.md,documentation,6465,556c17765a67fe485f54d0baea43d8b1470297a0a196ab349e14b8d8c7e43af1
docs/strategy_factory_setup_ai_edge_discovery_institutional_v2/25_DEEP_DESIGN/20_Adversarial_Anti_Overfit_Red_Team.md,documentation,6148,b075781ba2917caf7f6fe26337b5ef73d3e5bb985dcdb3aadf909d3a0589c750
docs/strategy_factory_setup_ai_edge_discovery_institutional_v2/25_DEEP_DESIGN/21_Multi_Agent_Research_Operating_System.md,documentation,6233,28749a9898d80be5fa7ff644b18fd2dec6d3141e880d263b5ad9f5062fa53485
docs/strategy_factory_setup_ai_edge_discovery_institutional_v2/25_DEEP_DESIGN/22_Data_Lakehouse_Feature_Embedding_Store.md,documentation,6168,9cef4995a973189185ad3e0f85a534a5b77661e9e562d9e13e6ab743e5f3251d
docs/strategy_factory_setup_ai_edge_discovery_institutional_v2/25_DEEP_DESIGN/23_Distributed_Training_Reproducibility_Fabric.md,documentation,5978,00b159aa5e1ea4129871a9d54fc376635560ecec239f597ee5ec23ddbf84e736
docs/strategy_factory_setup_ai_edge_discovery_institutional_v2/25_DEEP_DESIGN/24_Model_Risk_Security_And_Supply_Chain.md,documentation,6056,510c3302fe084d592b0eb92708a65689760de21c6a359e10c29427e504264ca0
docs/strategy_factory_setup_ai_edge_discovery_institutional_v2/25_DEEP_DESIGN/25_Runtime_Compilation_And_MQL5_Parity.md,documentation,6031,2c94621e9e97e540f6ca0c8dcc153f53b78e0d0cd0c03ce7682dda2b642d0910
docs/strategy_factory_setup_ai_edge_discovery_institutional_v2/25_DEEP_DESIGN/26_Portfolio_Aware_Learning_And_Capital.md,documentation,6255,8452df7ea663eddb2744c711d717aab38819270291b6270f7535139cde3d6ce2
docs/strategy_factory_setup_ai_edge_discovery_institutional_v2/25_DEEP_DESIGN/27_Research_Memory_Active_Learning.md,documentation,6120,5cc36c582ed37d2821048c953fef5ebc7ab63038e23d51f04e9f61b58f69d894
docs/strategy_factory_setup_ai_edge_discovery_institutional_v2/25_DEEP_DESIGN/28_EXP0017_Golden_Program.md,documentation,6188,6e6effd960ed9130c3843a012dcab3916f4215933c21d6fbbd541bf36d6fad7d
docs/strategy_factory_setup_ai_edge_discovery_institutional_v2/25_DEEP_DESIGN/29_Organization_Team_And_Operating_Cadence.md,documentation,6047,3c85c4c015b8746adc39a310d8401e813405e724ed89ea2a21d6cf085078b7b0
docs/strategy_factory_setup_ai_edge_discovery_institutional_v2/25_DEEP_DESIGN/30_Compute_Cost_And_Scaling_Economics.md,documentation,5742,42185fd9ea0c9962673e85721519409904bb01e05b42d89130c24897f00b2be8
docs/strategy_factory_setup_ai_edge_discovery_institutional_v2/25_DEEP_DESIGN/31_Failure_Modes_Kill_Criteria_And_Recovery.md,documentation,6024,ec514261635269109eb905ad295836a256d0d40f23929d93127699f4f11ac7a6
docs/strategy_factory_setup_ai_edge_discovery_institutional_v2/25_DEEP_DESIGN/32_Reference_API_And_Service_Boundaries.md,documentation,6003,956c4da1923e634c3b4f1a157244fe0b642cc6b6abf66e4f5e6d51c090ce5122
docs/strategy_factory_setup_ai_edge_discovery_institutional_v2/26_RUNBOOKS/01_Create_Research_Program.md,documentation,4873,5df1ce6a785074db27a75a5d8efcd06191f8bdc2d43e138283e8f16b1881b7f1
docs/strategy_factory_setup_ai_edge_discovery_institutional_v2/26_RUNBOOKS/02_Build_Counterfactual_Outcome_Cube.md,documentation,4185,5da692e085b4e0029cda6faf042c0c93d11de414c465647b0e8cb1bfa96530c9
docs/strategy_factory_setup_ai_edge_discovery_institutional_v2/26_RUNBOOKS/03_Train_Baseline_And_Advanced_Models.md,documentation,4673,a2a4239eb23474723332b9a0437cdad815c50b3a7a5fa322d9a227b5cc70665d
docs/strategy_factory_setup_ai_edge_discovery_institutional_v2/26_RUNBOOKS/04_Statistical_Challenge_And_Promotion.md,documentation,4305,20c729a8fbcbbe4a4f59cf76c1c37a468f5252932150b5a6ffdce59e9b90f55e
docs/strategy_factory_setup_ai_edge_discovery_institutional_v2/26_RUNBOOKS/05_Run_Prospective_Paper_Challenge.md,documentation,4257,851a3d3afc2bf04e3980b826281f4375e76277a36555e6bf7b492ee1eb92bfee
docs/strategy_factory_setup_ai_edge_discovery_institutional_v2/26_RUNBOOKS/06_Promotion_Runtime_And_Portfolio_Handoff.md,documentation,3986,2c22a233a1bb1891f257dabd6090d57611e0405381b44f3fe40e1582de72ab0f
docs/strategy_factory_setup_ai_edge_discovery_institutional_v2/26_RUNBOOKS/07_Foundation_Model_Intake.md,documentation,3937,40208e2ece013a99f6987e36d34bd4517e314a624a3b97d7f2fbae3c02c6dc24
docs/strategy_factory_setup_ai_edge_discovery_institutional_v2/26_RUNBOOKS/08_World_Model_Stress_Lab.md,documentation,3946,683294268e9f4f709a0975677eb6507211d95aded896d3608d7e4c16f1b2ab11
docs/strategy_factory_setup_ai_edge_discovery_institutional_v2/26_RUNBOOKS/09_Multi_Agent_Research_Run.md,documentation,3842,617018575fbaea12555db7ad8b6cfba1721d4803b7c7fc15a7995aa845c3e8c4
docs/strategy_factory_setup_ai_edge_discovery_institutional_v2/26_RUNBOOKS/10_Incident_Quarantine_Rollback.md,documentation,4061,85f4698597ddcbf23c50087dd41c3e3fdf7f25768bf67fb9af00f5ebb0d552af
docs/strategy_factory_setup_ai_edge_discovery_institutional_v2/26_RUNBOOKS/11_Onboard_New_Context_Family.md,documentation,4106,0f0a9acb8cc8d1a09a159391afc325007d8520970c555e27b9a0f25c4853d567
docs/strategy_factory_setup_ai_edge_discovery_institutional_v2/26_RUNBOOKS/12_Quarterly_Institutional_Review.md,documentation,4298,804b82fe4650ab42009ae479a66a38c18298e14f5dbd1567dd7e09a598a9a382
docs/strategy_factory_setup_ai_edge_discovery_institutional_v2/SAED_V2_Institutional_Architecture.canvas,documentation,6386,eb99adb8b986012490d40a6e208db33f41ba37e7fbec92b48d9f8ff8cd98439e
docs/strategy_factory_setup_ai_edge_discovery_institutional_v2/_machine_contracts/agent_task_envelope.yaml,machine_contract,745,4b31afd5734c8a59f9e842434843d34ead4c5bd2424e68fe39a41da0467ef526
docs/strategy_factory_setup_ai_edge_discovery_institutional_v2/_machine_contracts/anti_overfit_policy.yaml,machine_contract,426,e67b445976fcfb170b76331f2ea9cec065a139987bde23f38df6457a7a769922
docs/strategy_factory_setup_ai_edge_discovery_institutional_v2/_machine_contracts/capability_tier_policy.yaml,machine_contract,1037,6a705494290197b4bc73bc57ce934d54c4f6b7a9aaf99d8ad253cd8af27249cc
docs/strategy_factory_setup_ai_edge_discovery_institutional_v2/_machine_contracts/causal_program.yaml,machine_contract,831,cc42a6a05e496395f5f5784b4ccb4018c4947e0b4998691696b8540cc70efccc
docs/strategy_factory_setup_ai_edge_discovery_institutional_v2/_machine_contracts/compute_budget.yaml,machine_contract,614,f9ff54ff3acc8ff592f01f023fd498e9537709d4daf7a1fe95fb217cafe107d8
docs/strategy_factory_setup_ai_edge_discovery_institutional_v2/_machine_contracts/compute_fabric.yaml,machine_contract,384,7666b5f37a856200040e7f9d967ec30ae8c7c890655d2b38e0d9e257c9c40052
docs/strategy_factory_setup_ai_edge_discovery_institutional_v2/_machine_contracts/conformal_control_policy.yaml,machine_contract,666,e7466b41315d54e50007cbc02647227c15814845f35c6d04a0ecaadfb680d863
docs/strategy_factory_setup_ai_edge_discovery_institutional_v2/_machine_contracts/context_exploitation_program.yaml,machine_contract,963,50885d3f0eb8f6b1c9c2cee2ba2c290bc76fb3c969288cf655b540d35f2dad14
docs/strategy_factory_setup_ai_edge_discovery_institutional_v2/_machine_contracts/edge_genome.yaml,machine_contract,840,4a87ded6aefc8401e8dcfeffca3fa50cd3ca86a6eed25bf116bb12501df60958
docs/strategy_factory_setup_ai_edge_discovery_institutional_v2/_machine_contracts/entry_mechanism_registry.yaml,machine_contract,612,722f0e73c8a9a51f475d576faa73eafd758864fc08744e97cf1a5cdbbce7b16f
docs/strategy_factory_setup_ai_edge_discovery_institutional_v2/_machine_contracts/evidence_claim.yaml,machine_contract,617,64261ee0f724299263245bc896150cbeaecfb7d7bde2358a770b06b61f918e72
docs/strategy_factory_setup_ai_edge_discovery_institutional_v2/_machine_contracts/experiment_manifest.yaml,machine_contract,429,cdd78ccfb737c08078091daf3b2d919ed97c07b81ed154b8109b5c2919ca39c7
docs/strategy_factory_setup_ai_edge_discovery_institutional_v2/_machine_contracts/model_card_template.yaml,machine_contract,304,0a7a11b56595b840f898bfe58b8d11bc3f0a6c88e68de4b824ece354c2961e7f
docs/strategy_factory_setup_ai_edge_discovery_institutional_v2/_machine_contracts/model_risk_scorecard.yaml,machine_contract,812,fabae9a99a1ba5aec24f8bf66d6161313a132ec7609d2d5bcebe32d29157a792
docs/strategy_factory_setup_ai_edge_discovery_institutional_v2/_machine_contracts/multi_agent_authority_matrix.yaml,machine_contract,910,8c0e6a6c0f0fa7f30ecc06578b79f025c8e3bc89e54e17f2ec82108b58cf7e48
docs/strategy_factory_setup_ai_edge_discovery_institutional_v2/_machine_contracts/offline_policy_program.yaml,machine_contract,674,e052bc85011f5ae14af7d82689cd9b4c5fd9a12f35e553c11f5ebd5bcf966465
docs/strategy_factory_setup_ai_edge_discovery_institutional_v2/_machine_contracts/payoff_profile_registry.yaml,machine_contract,982,14f42a2a31241dcafd4915d88a07f831568aa0d0104f109f222e424db9d4a3e6
docs/strategy_factory_setup_ai_edge_discovery_institutional_v2/_machine_contracts/promotion_dossier_template.yaml,machine_contract,404,cd1d385f892bd94b29db341128cb1f3135334e93218c43629b3fd9a57872936e
docs/strategy_factory_setup_ai_edge_discovery_institutional_v2/_machine_contracts/prospective_challenge.yaml,machine_contract,679,002f998bf014a0376a922dfb0f7c0735a7249fbb0208995fc6ca6e728dbd8289
docs/strategy_factory_setup_ai_edge_discovery_institutional_v2/_machine_contracts/representation_program.yaml,machine_contract,898,14a4d82cebc349edb989c8f2bf78bf8143467fdd38b34aa0fccd6a557d10c372
docs/strategy_factory_setup_ai_edge_discovery_institutional_v2/_machine_contracts/research_memory_graph.yaml,machine_contract,374,86ebcc1201c6b236f26a15fa07dd5ac817e2710cbf0a911b906ef63abcf62b0b
docs/strategy_factory_setup_ai_edge_discovery_institutional_v2/_machine_contracts/runtime_handoff.yaml,machine_contract,445,0d96b925b22ffc0960bde72e1b679c2c3fe099dafc73a36f78a53622b8c1e408
docs/strategy_factory_setup_ai_edge_discovery_institutional_v2/_machine_contracts/trainer_program.yaml,machine_contract,1113,04382a91e0c654509ebd3d6e3fc886ed89d874c3ee6821607f84c7b3800abf44
docs/strategy_factory_setup_ai_edge_discovery_institutional_v2/_machine_contracts/treatment_atom_registry.yaml,machine_contract,704,63f478fe6e0697c07e5ace4215b9885a3bc7ca717b2d7c80f5faf0b1484b2365
docs/strategy_factory_setup_ai_edge_discovery_institutional_v2/_machine_contracts/treatment_compiler.yaml,machine_contract,434,84687d4169396947e549e4d0aee3a7d14a769df93c76ba583352894824648421
docs/strategy_factory_setup_ai_edge_discovery_institutional_v2/_machine_contracts/world_model_program.yaml,machine_contract,760,cbe9693569cc8704ef3779cdb49f79d1c5bb23dff8ea3f056d601377d32427bb
docs/strategy_factory_setup_ai_edge_discovery_institutional_v2/_schemas/agent_action.schema.json,json_schema,1018,94b7212826fadcbe4ecb5a5728b8c98d67b47951c42bb986faf028e2a51fa0f1
docs/strategy_factory_setup_ai_edge_discovery_institutional_v2/_schemas/agent_task_envelope.schema.json,json_schema,2135,794a51600e57b4fae9fc331364b2ee7320e7c83cdf98ece0f614cf3008b0f18c
docs/strategy_factory_setup_ai_edge_discovery_institutional_v2/_schemas/compute_budget.schema.json,json_schema,1271,1c09bd757af778110929ab6c5369f042f5460beca46648ca6936353f5fee2a99
docs/strategy_factory_setup_ai_edge_discovery_institutional_v2/_schemas/context_exploitation_program.schema.json,json_schema,1655,c261f34deeaef56e51e24996691a9c5928ed347d5d80627f8fd7bc499454fd3e
docs/strategy_factory_setup_ai_edge_discovery_institutional_v2/_schemas/edge_genome.schema.json,json_schema,1317,306395b43831f0487c4cf61c2d1c0e6f43183be47511614f08f75fcb87e42832
docs/strategy_factory_setup_ai_edge_discovery_institutional_v2/_schemas/evidence_claim.schema.json,json_schema,2608,f9bd8ffa6559edbe6b38aebaa7e6a4f8e36c98a691736bf16f43b606ca66c453
docs/strategy_factory_setup_ai_edge_discovery_institutional_v2/_schemas/model_card.schema.json,json_schema,1200,65471c75601eb61b82ed6ba2bc60da883b1fdcc91c332805f5a88532a900624e
docs/strategy_factory_setup_ai_edge_discovery_institutional_v2/_schemas/promotion_dossier.schema.json,json_schema,1041,6e74ca12824a6e8419521f592caa4008f76daff7614bcd27fc1208aac8df4077
docs/strategy_factory_setup_ai_edge_discovery_institutional_v2/_schemas/prospective_challenge.schema.json,json_schema,1493,e4e10539890c53c0836c9565fcbc5f086980263a3c1b31f425d85d94b654ab4f
docs/strategy_factory_setup_ai_edge_discovery_institutional_v2/_schemas/research_program.schema.json,json_schema,1097,c007b026f476244196b0c6c1c0b11d10c8c3af76d1750681968bc63973f67590
docs/strategy_factory_setup_ai_edge_discovery_institutional_v2/_schemas/runtime_handoff.schema.json,json_schema,1055,8b57f663bf0e4c77bae6dd325a8b469eea99ce167b65499765a3228c155cf8a0
docs/strategy_factory_setup_ai_edge_discovery_institutional_v2/_schemas/support_audit.schema.json,json_schema,900,ad4096d9ec9969a0ee8f58260801fad4d07bed2c576971af381ae6ef4df92a8f
docs/strategy_factory_setup_ai_edge_discovery_institutional_v2/_schemas/trainer_program.schema.json,json_schema,1189,e9367001c0b6aeb2e13e2238c9106aba142f2540541a0d322ea9abb2a19975f0
docs/strategy_factory_setup_ai_edge_discovery_institutional_v2/_schemas/treatment_candidate.schema.json,json_schema,1201,a8c69009b5e9b4ca9ebfc496fefd672954698164c2f05e078a36c4086a98f3da
docs/strategy_factory_setup_ai_edge_discovery_institutional_v2/_schemas/world_model_program.schema.json,json_schema,1588,b9bcdcd7d9e945b92c417490096622567e612f0a9b4fccf4f5f8bfd9b1a884f4
