product,sequence,event_type,semantic_id,payload_hash,state,relation,direction,source_revision_id,semantic_hash
PYTHON_REFERENCE,1,REFERENCE,REFERENCE-D0-AL-BULLISH,07d240786ee678f88e16d8b734c3dc7967e956227872a1ebb7d3651347bda61d,FRESH,AL,BULLISH,REV-I14-ACCEPTANCE-1,2bc5b10674e74410b6d506ca6d2b238c814c9b735a4aa4324962cf6b3f5e69a6
PYTHON_REFERENCE,2,HUNT,HUNT-D0-AL-BULLISH,b10f24276ac8b2bff0bfb7e7afad69f106221705b60c103215d2978137754b00,FIRST_SWEEP,AL,BULLISH,REV-I14-ACCEPTANCE-1,5e9a9458d5aa173ab7a5098d9ca3facada435257ac227d0f0b747d268dcd62ca
PYTHON_REFERENCE,3,CANDIDATE,CANDIDATE-D0-AL-BULLISH,fb95d1a93f34702a1f3e11ccc9272d059241eab6a947f32be8c571b37f7db7a2,RAW_ACTIVE,AL,BULLISH,REV-I14-ACCEPTANCE-1,6c07c6068717e4fbc066f0fbe3b75b5a00de3bdff7865a903ac4c3e75a69904b
PYTHON_REFERENCE,4,CONFIRMATION,CONFIRMATION-D0-AL-BULLISH,30aa181f884e34e84d70e9e9ba78d0fd1b1899ca7dd6325e4fe0c9e1a7e69bbe,CONFIRMED,AL,BULLISH,REV-I14-ACCEPTANCE-1,fbd1d7ba40a045307e8a3e428928741f59674c00d4b2d0204777a8561f68037c
PYTHON_REFERENCE,5,SIGNAL,SIGNAL-D0-AL-BULLISH,cbf64f68ccc51db2ea1213f00848689dfa3c8c799551081ae2cb963cc2c9e1c1,CONFIRMED,AL,BULLISH,REV-I14-ACCEPTANCE-1,dc1f90e641b0d291eb2de1380e47c9ec9fa6fda36f587945898c0460ef9c7f17
PYTHON_REFERENCE,6,LEDGER,LEDGER-D0-AL-BULLISH,e19a1920a9c9e7257acb7c9eb0919f63a74c311e0b9511bcb771a0d35d96762a,ELIGIBLE_CONTENDER,AL,BULLISH,REV-I14-ACCEPTANCE-1,042fc277fd9f28edc304aa89d133abb648cc55d384467c15599ee505dd5cee87
PYTHON_REFERENCE,7,QUOTA,QUOTA-D0-AL-BULLISH,1dee1932baa15a55d987de095f6cfec560f9c5728628895a6796ac53809e11c1,QUOTA_WINNER,AL,BULLISH,REV-I14-ACCEPTANCE-1,b716ad45d964e4ebcfbdb0994921eaf2c76a12d81f2f66abd8b664b764ec089e
PYTHON_REFERENCE,8,VISUAL,VISUAL-D0-AL-BULLISH,e0304dac03c0dcbe16e98fc042ed4ec495db6de1da879304982582d7241307e9,PROJECTED,AL,BULLISH,REV-I14-ACCEPTANCE-1,bf84629cd2ed9e4ea705f978a80f59e6b975e83d8babb2c5b394b4b4ab2c96e5
PYTHON_REFERENCE,9,ALERT,ALERT-D0-AL-BULLISH,086147fc25c0e995c29bdbad0da68522fd143a23baa3200b5e9143720896cb5c,DELIVERED,AL,BULLISH,REV-I14-ACCEPTANCE-1,a1cb8cbd9605dd1695fa80d17d10b46a10d7c7312b09dabad1359dc73320f336
PYTHON_REFERENCE,10,EXPORT,EXPORT-D0-AL-BULLISH,62c24080cae56485769c1b036c197b76a753e8edb6d7af6a46ea0577b248c9d1,APPENDED,AL,BULLISH,REV-I14-ACCEPTANCE-1,378eaeca45fb38288f040188cc4ac9d1e5f004d3703b2ca66451b7e11b8fa859
PYTHON_REFERENCE,11,REFERENCE,REFERENCE-D0-AN-BULLISH,eedfeb26495f6347eeda22d2607a39f15c26c24a4ead6e3bcd0e9d6ff5fc071d,FRESH,AN,BULLISH,REV-I14-ACCEPTANCE-1,435ae6c2f0de3c376b0d8bd32de55e5b65f9050877630f08119784ce4e294dcc
PYTHON_REFERENCE,12,HUNT,HUNT-D0-AN-BULLISH,c962b3aafafd7c62b653bc58ac1cd51dca813d4153ec86bba002631a2c55a7b9,FIRST_SWEEP,AN,BULLISH,REV-I14-ACCEPTANCE-1,a76fc1e19e0671a50dffc0605a1da410ca702ee3570b47f4eb13033a4607caf6
PYTHON_REFERENCE,13,CANDIDATE,CANDIDATE-D0-AN-BULLISH,7697c27d92554ddc6910941bc33c7d9e5a08a7a5de798e1cf2e4d3c1e20ceb9e,RAW_ACTIVE,AN,BULLISH,REV-I14-ACCEPTANCE-1,2b1c7f9946cd68dc497e35d35f92912fb05699cbbae19ef49f5c61fd6a0c3cae
PYTHON_REFERENCE,14,CONFIRMATION,CONFIRMATION-D0-AN-BULLISH,e9c966b173589e23544a5e1bbfee4d7d0d606fc5ec3aeb50df08dc3d23d54801,CONFIRMED,AN,BULLISH,REV-I14-ACCEPTANCE-1,c1ae6954c8862bc94fa3f156bbc15ceae95ba599d2b0614b08f3bb3fcc41a00f
PYTHON_REFERENCE,15,SIGNAL,SIGNAL-D0-AN-BULLISH,59e0a8be1b338ba39a8ed999f622b79cb36a860268583d44782ad75894a3ffe3,CONFIRMED,AN,BULLISH,REV-I14-ACCEPTANCE-1,4071671e3be49fb1837c3ccb6d6f7dddbe61cb6b624654e6847bdf8aef3cbb98
PYTHON_REFERENCE,16,LEDGER,LEDGER-D0-AN-BULLISH,b96826f5c147f64f203b9c7f057e9f64fa97dce0f8fcd5a63205ea773580118a,ELIGIBLE_CONTENDER,AN,BULLISH,REV-I14-ACCEPTANCE-1,b0baaf311052dca972dea3d05fbee4ee88add22a5d4b698ef6e535ef4289fcfc
PYTHON_REFERENCE,17,QUOTA,QUOTA-D0-AN-BULLISH,c4a7dfac289aaa3aa7959352a18192a151aa27522a1aea522e9eae5a49c9659e,SUPPRESSED_BY_QUOTA,AN,BULLISH,REV-I14-ACCEPTANCE-1,0876231de8d1bc7eb54d08e21e7804a761ae9bdafdd67011a9be137822c39416
PYTHON_REFERENCE,18,VISUAL,VISUAL-D0-AN-BULLISH,06b3dd550090e9e9881ace98a6b4d94e4ee68e18d565417c677ca9649b31f39e,PROJECTED,AN,BULLISH,REV-I14-ACCEPTANCE-1,bd68eeb6dd5850487c57bd7d52e18567bfa76eb6696ba310e1c501094db58095
PYTHON_REFERENCE,19,ALERT,ALERT-D0-AN-BULLISH,6b8050d00ecf4054b85b01bd681c5cbdcafd15fa954f938c1c15489353bde54b,DELIVERED,AN,BULLISH,REV-I14-ACCEPTANCE-1,33f1d801d0bb24368d27ebbdc03953a01ba043a27871f789ac51bb0ae880dba4
PYTHON_REFERENCE,20,EXPORT,EXPORT-D0-AN-BULLISH,860b6984f58609822ccb469f9dd435b458f3fc42fafd5a334477329ff3fccde4,APPENDED,AN,BULLISH,REV-I14-ACCEPTANCE-1,23bf5cf73f59d1296983eb62d7c060482a6581b70387d9eb7bcbc2a0553c60dc
PYTHON_REFERENCE,21,REFERENCE,REFERENCE-D0-LN-BULLISH,4231074ce0296bb5f29dbb0f1778611f342d234a2005ab6b047c5528ea5331ec,FRESH,LN,BULLISH,REV-I14-ACCEPTANCE-1,be6f2d6d323d094484738e4b1e0ef8b02eef41b3e168ddd429dfa1400b0b8530
PYTHON_REFERENCE,22,HUNT,HUNT-D0-LN-BULLISH,59b930937a26ee31a1473d61b668b9b5e31b1e650e198cc8b17fcad355ebe663,FIRST_SWEEP,LN,BULLISH,REV-I14-ACCEPTANCE-1,9ce32f198ecae2ee5f23d4e3fd07ec8e0490380d10dfb1fa0924cf7e54680f7e
PYTHON_REFERENCE,23,CANDIDATE,CANDIDATE-D0-LN-BULLISH,f35426b286cbd381fc3910613cdda419a80f5594a8100cfa032a680d32fde240,RAW_ACTIVE,LN,BULLISH,REV-I14-ACCEPTANCE-1,e0f62a44c8675c5128774bf47d20cde60f2cee664d321e38d7728faf97f266ed
PYTHON_REFERENCE,24,CONFIRMATION,CONFIRMATION-D0-LN-BULLISH,657cc225198cd07a80b5ffaf088b373342c1f5d8cf8ce8c4b9e730cffd4e86d0,CONFIRMED,LN,BULLISH,REV-I14-ACCEPTANCE-1,67fb9b58a405b5ceb0dfb88371dcda89c6471dd03ab6878274a73970f4743889
PYTHON_REFERENCE,25,SIGNAL,SIGNAL-D0-LN-BULLISH,9cfc9213d04df39989ba6ec5e8345667b22947706aa18e125f32de51df7efad0,CONFIRMED,LN,BULLISH,REV-I14-ACCEPTANCE-1,4dee31b2c7e8910c2151a466df6e42d5d8c4f3fe18779eb01e2480b6a576dbd5
PYTHON_REFERENCE,26,LEDGER,LEDGER-D0-LN-BULLISH,143fa388c11f0e57bd9652b3f60448d08075d8ddafb5ebbbcbddadb7b008e2c9,ELIGIBLE_CONTENDER,LN,BULLISH,REV-I14-ACCEPTANCE-1,5b5a8bda28261ee6b162a02a4d28321dda5e31b445dbad378cb8fd8af82a2917
PYTHON_REFERENCE,27,QUOTA,QUOTA-D0-LN-BULLISH,cfb627cb47bf24b3ac822bb5dd83fc808a153d00e5d3c66d71178890c8377ba2,SUPPRESSED_BY_QUOTA,LN,BULLISH,REV-I14-ACCEPTANCE-1,913467cc6877f26d9e8a9372617d674533b8c2cad84a05c5ebc95eae2ecf027d
PYTHON_REFERENCE,28,VISUAL,VISUAL-D0-LN-BULLISH,a684d16c2b9bbbe44d8b711516545a1d978ec950fff658d4db8bfbab9bf8aa2b,PROJECTED,LN,BULLISH,REV-I14-ACCEPTANCE-1,cb0ac4bed2b80dd89a71ee00c1cb5044f65f6c75c1bb9f5f7f061dea2648bc78
PYTHON_REFERENCE,29,ALERT,ALERT-D0-LN-BULLISH,1f10b9f98aa268f589740820a4ab9646ea975867576950f780b64bf93a738fdb,DELIVERED,LN,BULLISH,REV-I14-ACCEPTANCE-1,7ad67fa45c0fb17ccb3f4ad6d623266bd8885b8b3ef78b649c1e6d8f8538c2ae
PYTHON_REFERENCE,30,EXPORT,EXPORT-D0-LN-BULLISH,d5943905d3e365b12882b02a0021459fcde883fa1b9737f9de745f4ff7ec2e82,APPENDED,LN,BULLISH,REV-I14-ACCEPTANCE-1,7c41385094860eaa4bd74766831aec9ab215630f13f3c02526880cfc4d1fb1e4
PYTHON_REFERENCE,31,REFERENCE,REFERENCE-D0-NA-BULLISH,1690fb4870f06480b0a146d5e37d80a4c4fe4ac96e29428025287a5e8242fd98,FRESH,NA,BULLISH,REV-I14-ACCEPTANCE-1,4139fd1ab521e27fc436b12b3d80d2631b4c7227c7a2d08589f4ff534652bb5f
PYTHON_REFERENCE,32,HUNT,HUNT-D0-NA-BULLISH,4cb1e19b7144be10fa7c2c28ed63d5d7f02667b09d27eaf298b9bfd9d924f2f9,FIRST_SWEEP,NA,BULLISH,REV-I14-ACCEPTANCE-1,dde357719e642ea34ac38ce4aa9e47db56940bd487098ccfdba2da68ca770c58
PYTHON_REFERENCE,33,CANDIDATE,CANDIDATE-D0-NA-BULLISH,94644909fa3d95361a96bada91f9289fbfdf5adbc88b0c5d59c3241d42c2196f,RAW_ACTIVE,NA,BULLISH,REV-I14-ACCEPTANCE-1,d4d49ae7a4acfd34252fd3afb5de876b94c8dfd47dd4368717b98c0e0adb6e90
PYTHON_REFERENCE,34,CONFIRMATION,CONFIRMATION-D0-NA-BULLISH,f2a585024fd370815df582c5ac0d1d3ba4148ef45423a328fcc51f67a0e79751,CONFIRMED,NA,BULLISH,REV-I14-ACCEPTANCE-1,c14dcf8aef0e50b298dc52ea2af9a6fcebbf966fd13e6c2aab8aa56b2f4e9e39
PYTHON_REFERENCE,35,SIGNAL,SIGNAL-D0-NA-BULLISH,1dea60b3ca222ef767bb36cdca9901dc7cd1ee7b0a194b374a1f460bfed8fcea,CONFIRMED,NA,BULLISH,REV-I14-ACCEPTANCE-1,387eaa88980ee46558763f68a91c722cec94b2c47ffd9fb4194d19d303931dc5
PYTHON_REFERENCE,36,LEDGER,LEDGER-D0-NA-BULLISH,5997fcf2500216d93877c19a31318c6bd25a29fd3ea0a03b314250fee4d779da,ELIGIBLE_CONTENDER,NA,BULLISH,REV-I14-ACCEPTANCE-1,1ab4f55e0eaee28d9a1deb677edfac539d2de6a9a8dcccbc83117619cdd10214
PYTHON_REFERENCE,37,QUOTA,QUOTA-D0-NA-BULLISH,8c26ae4650525654c189fde6153f05b69939492518d296dfd84e4675fb095485,SUPPRESSED_BY_QUOTA,NA,BULLISH,REV-I14-ACCEPTANCE-1,9b369257393e410688828b6aec8c65f353a3f2f0e49175ea4a903fed7a2a05a2
PYTHON_REFERENCE,38,VISUAL,VISUAL-D0-NA-BULLISH,33794097bcf571c36c79f13719721972b8daf3a1590d7f8842eef52557825d42,PROJECTED,NA,BULLISH,REV-I14-ACCEPTANCE-1,91848b8489684f60e3dfdab56f357fc30453e612fccd6e4cdd2724e20cc77120
PYTHON_REFERENCE,39,ALERT,ALERT-D0-NA-BULLISH,e5a3db07b99ea67f1cae9da172c047769d36146f01c8763bcf0904799d4f22ac,DELIVERED,NA,BULLISH,REV-I14-ACCEPTANCE-1,be670c0b5f32dc40d0db7b354b00c6863539295743fb4549e547406c0d075369
PYTHON_REFERENCE,40,EXPORT,EXPORT-D0-NA-BULLISH,b6dd3fb27d46b019b4e8d9614e2a033225d6f56c817e0e839269175d2c98b223,APPENDED,NA,BULLISH,REV-I14-ACCEPTANCE-1,3140293f2eebab06a94bc65e3b588bedc17b0dcdabfd6d44de23bd3972126285
PYTHON_REFERENCE,41,REFERENCE,REFERENCE-D0-NL-BULLISH,08b426be1fe2dc2a1d10903f4729c108c3519001e127297e8918a77341898e8b,FRESH,NL,BULLISH,REV-I14-ACCEPTANCE-1,3af504be766598e9c32497ddb6dcd401b123d184eae5af257b0514abb52c6e2d
PYTHON_REFERENCE,42,HUNT,HUNT-D0-NL-BULLISH,15895a47c015f928013c16ba788af03124cad3a03c4f2e8408c495b1ba44e5b9,FIRST_SWEEP,NL,BULLISH,REV-I14-ACCEPTANCE-1,59f832838949650455ec3c1a5d3ca02964895d6cd3d263d2c57525ebebb67d2c
PYTHON_REFERENCE,43,CANDIDATE,CANDIDATE-D0-NL-BULLISH,6bd91fb57b1ddd89a9b26db95073b5957f8cc264398cdaca81c03d5ece54389b,RAW_ACTIVE,NL,BULLISH,REV-I14-ACCEPTANCE-1,67951f63dcaba9f675ddc45b7755abde2866aaaa0844c65390c6f894b312587f
PYTHON_REFERENCE,44,CONFIRMATION,CONFIRMATION-D0-NL-BULLISH,e6f8bdc55c096a7823417a6518c8f6804d1af4310b0a8bfdd6ffa05f4e4aa1c1,CONFIRMED,NL,BULLISH,REV-I14-ACCEPTANCE-1,c9c7bd36fe60a464cc58892897d1b84cc91d022cacb8c08ab1b724ba861b4f34
PYTHON_REFERENCE,45,SIGNAL,SIGNAL-D0-NL-BULLISH,168d9c69c3f3dfbeb3c59bfe6c49eaaf8235cb15b0ffe9544635ca9a2e66bda7,CONFIRMED,NL,BULLISH,REV-I14-ACCEPTANCE-1,e161b34b2a546be5079aeebbb7333d5850a56903f83325f62a7760bd655d8b9e
PYTHON_REFERENCE,46,LEDGER,LEDGER-D0-NL-BULLISH,9f374dbc478353ac611ffc540aee8ce911d068203870f337abc22030755325e0,ELIGIBLE_CONTENDER,NL,BULLISH,REV-I14-ACCEPTANCE-1,fa51733eab08191b47d8798d046f5178465707fb9c7b7e538f68ec83aa11b78b
PYTHON_REFERENCE,47,QUOTA,QUOTA-D0-NL-BULLISH,0fee4a49f66659729db8278af02592d542e8b691163479a0abc64724c5ddcd32,SUPPRESSED_BY_QUOTA,NL,BULLISH,REV-I14-ACCEPTANCE-1,930c5453dea9231c29758450c5c9c5ec1ef4e37310026aff21260bc7061abd4a
PYTHON_REFERENCE,48,VISUAL,VISUAL-D0-NL-BULLISH,478a726e07ec47065f0590662a67cb5285fc397c327844da1a6af786e64cc24f,PROJECTED,NL,BULLISH,REV-I14-ACCEPTANCE-1,b2e33b87e4773b2652cc14b7915fa16dbf9f1c570af6a9573026e102f551132e
PYTHON_REFERENCE,49,ALERT,ALERT-D0-NL-BULLISH,babafd8952fef16392033bf9fe38a52fa406358e37a6d0551667f1164bd73d2a,DELIVERED,NL,BULLISH,REV-I14-ACCEPTANCE-1,731ac73f590e93f019bd029549b40af0026948a8481e402bd4180d3ecedb5c78
PYTHON_REFERENCE,50,EXPORT,EXPORT-D0-NL-BULLISH,63d7d0387ba3a88df500bc5f9c57d4cfe4e41c4d3c68dbd2eada78e9b2806b0f,APPENDED,NL,BULLISH,REV-I14-ACCEPTANCE-1,941dd98e46140ebc56793f233b988826654400dbe40ffd0c5f1505c34d8e14e7
PYTHON_REFERENCE,51,REFERENCE,REFERENCE-D0-NN-BULLISH,c611aff5fcc0b982936b78e3aed16e3bf275cdd4b2db696fc7a15b6c745c21a7,FRESH,NN,BULLISH,REV-I14-ACCEPTANCE-1,4425028add3e7a614b6d8b5a6abfc8ec7be1e184af3da10f4b75dae406526a59
PYTHON_REFERENCE,52,HUNT,HUNT-D0-NN-BULLISH,614f1f9c8fb98dc2cc9476c5860cf45fab66353d5daba0c772af779aab5f3f13,FIRST_SWEEP,NN,BULLISH,REV-I14-ACCEPTANCE-1,48f8c5dd72eb3bdc1ac8edb0e05815cde57528767d717cc31836d13790281e88
PYTHON_REFERENCE,53,CANDIDATE,CANDIDATE-D0-NN-BULLISH,b9644a8496e9213d146549d47ac720de21b214f3766fbd395db19dcfe90e0bd8,RAW_ACTIVE,NN,BULLISH,REV-I14-ACCEPTANCE-1,9819ce81122271805dd022c8c8be50323f816179cd079055641a7b9c55cfc442
PYTHON_REFERENCE,54,CONFIRMATION,CONFIRMATION-D0-NN-BULLISH,9e44c313e7d3a7a24f1ce60c28b39750e7f5b56f5142f0e25df3236772bcf4dc,CONFIRMED,NN,BULLISH,REV-I14-ACCEPTANCE-1,96f100c51847cc5b3efd1c16b3de4b506237fe277642a58483ffe26895c6087b
PYTHON_REFERENCE,55,SIGNAL,SIGNAL-D0-NN-BULLISH,b578d63453bd8244325f37055350fa661f3679c90e273e9ff99f7f666d9cfeeb,CONFIRMED,NN,BULLISH,REV-I14-ACCEPTANCE-1,43c0f0603c95b12410f6f9600b01e8406f7853c0436446232ab871bcfa7d0181
PYTHON_REFERENCE,56,LEDGER,LEDGER-D0-NN-BULLISH,05271c090e1b92f519a07e82ecd6ee7d7b5ea208edd8b8226b3953c5367a4f25,ELIGIBLE_CONTENDER,NN,BULLISH,REV-I14-ACCEPTANCE-1,f969c43678979b221ce59d6816ffcb91a1bd198d784e4ba7213a3e1b8a700604
PYTHON_REFERENCE,57,QUOTA,QUOTA-D0-NN-BULLISH,d99a4102dc35245067668b1aefc8ced7dae7d4500fbbd7ec7f9b3491c049b0a0,SUPPRESSED_BY_QUOTA,NN,BULLISH,REV-I14-ACCEPTANCE-1,d4f4250e0166cb9d59103614022f0e7d5488fd9714a620ec95e8906e6270dc78
PYTHON_REFERENCE,58,VISUAL,VISUAL-D0-NN-BULLISH,67b87c4bc6f43671cc81d869518cdb1e05ec12555bd134fa7d84e97fe361e4bb,PROJECTED,NN,BULLISH,REV-I14-ACCEPTANCE-1,52a5ae31caec7329615928901474486ec6610a7339edc2758f66674aff306c00
PYTHON_REFERENCE,59,ALERT,ALERT-D0-NN-BULLISH,1ec9e7e624d178802682311457b8b026230b0d7572f6750e266eaff62293b2a2,DELIVERED,NN,BULLISH,REV-I14-ACCEPTANCE-1,142b8947a071bfd301d044226e438c79929f644f9043e18c481ecec915536839
PYTHON_REFERENCE,60,EXPORT,EXPORT-D0-NN-BULLISH,870268dfd83faf80f61710b79bbd1fce9c13b4e058c8635684ed82d0daec3371,APPENDED,NN,BULLISH,REV-I14-ACCEPTANCE-1,a7eaf065e6981cada8a32cb280c7aa128c985f7860c94d1522f45a0957b92e44
PYTHON_REFERENCE,61,REFERENCE,REFERENCE-D0-WW-BULLISH,c6e19f113bed874c5ff43f0079190aa38421159800dbd8a44cf8a9bd22b3f3f0,FRESH,WW,BULLISH,REV-I14-ACCEPTANCE-1,43c9f68a9c8d87f0cede2a799393d72bd1243d727eda0b9b78d6d5d784578d3b
PYTHON_REFERENCE,62,HUNT,HUNT-D0-WW-BULLISH,24e118a63ae3cf894183734d6017e63b08642745bd9b9d9d1d7bd4d90efa7be9,FIRST_SWEEP,WW,BULLISH,REV-I14-ACCEPTANCE-1,fe4e07aef7b3187422d9604cba92d6c7d037cb550fe1c84132f600ddff5be704
PYTHON_REFERENCE,63,CANDIDATE,CANDIDATE-D0-WW-BULLISH,232ba8d2d5f638b104a27c4b0c67fae13a48d83af47b5591f6e5b9a16ef78445,RAW_ACTIVE,WW,BULLISH,REV-I14-ACCEPTANCE-1,75fb9c0bdf38d517ff4081dd6866186e558723a4a53da9360f411a1b034c8d0d
PYTHON_REFERENCE,64,CONFIRMATION,CONFIRMATION-D0-WW-BULLISH,f970131719278092b855baebb0f980ccb8f5b686925fd406adeb5c422fcbcc19,CONFIRMED,WW,BULLISH,REV-I14-ACCEPTANCE-1,b6ca1cd2fe74406a9217f84a254c31c0c550797983ab6793b3fde862918cbadb
PYTHON_REFERENCE,65,SIGNAL,SIGNAL-D0-WW-BULLISH,f98dfa9fa1396ac955b728f32142b106e847f18f35b9ce68f0f3eee584268834,CONFIRMED,WW,BULLISH,REV-I14-ACCEPTANCE-1,388cdc90e2790a5bc8667ae676ee76f12ab69d69f417deb2fabb3b5da65e3cd1
PYTHON_REFERENCE,66,LEDGER,LEDGER-D0-WW-BULLISH,44b0db8c9ccdc1f03c7d40ea1a9eca72d06a05e11e66f1cb389a8ccf6e3d268a,ELIGIBLE_CONTENDER,WW,BULLISH,REV-I14-ACCEPTANCE-1,de26148c97e88ad2188c1ae71ce98faaad0cb79ee8a1fb91ee0e631e0de937d8
PYTHON_REFERENCE,67,QUOTA,QUOTA-D0-WW-BULLISH,3010095c0dd156b5859cfe7778512db7503b8b830a09d92fed1530ba31c3edd1,SUPPRESSED_BY_QUOTA,WW,BULLISH,REV-I14-ACCEPTANCE-1,bdf780bf7e699edfbfeffd001a29a41939c068f89b7acb935795a43106013c07
PYTHON_REFERENCE,68,VISUAL,VISUAL-D0-WW-BULLISH,62702978b53941c23994c411bc58454aeb2434dbc1ac77bc31f296be615a6446,PROJECTED,WW,BULLISH,REV-I14-ACCEPTANCE-1,9a7b4e700cc698f61d6f7064455fa11cbd978f744dc1ac3469a90ddb571bda47
PYTHON_REFERENCE,69,ALERT,ALERT-D0-WW-BULLISH,c1b2fde7c455ada94e8b7a18bb91313b70e22f0ca8e53f91ecc8b7b737a92fba,DELIVERED,WW,BULLISH,REV-I14-ACCEPTANCE-1,7d0f232d4183e6bd7c2f39294703f67b2c87bbb2682795b8d70c94647fd1968b
PYTHON_REFERENCE,70,EXPORT,EXPORT-D0-WW-BULLISH,23bd3edfcea24183be148cf4da4530d8d74a7513285276a2db0c9d7b47bd6326,APPENDED,WW,BULLISH,REV-I14-ACCEPTANCE-1,5db08997f2786c4aac20b700b6da9faa2b56dda573627810f1d45239f6a77590
PYTHON_REFERENCE,71,WW_CONTEXT,WWCTX-D0-WW-BULLISH,ad5dee104fc9e6599619508119997b60fc4edcdec3ef187e6b982066da617274,ACTIVE_WINNER,WW,BULLISH,REV-I14-ACCEPTANCE-1,481506a9c2680f6be4576b97f8447c850e23c4a3d884ff8f7f6254ff965960c6
PYTHON_REFERENCE,72,DIRECTION_GATE,WWGATE-D0-WW-BULLISH,27af0352bdf14b048a2cd15bb57009e696c8efe222f53299781fcd6fc4940906,ALLOWED,WW,BULLISH,REV-I14-ACCEPTANCE-1,506095139aa8c3cdbd543eb08ecd994d65910d104d72f2daed32dd8053f09b3b
PYTHON_REFERENCE,73,REFERENCE,REFERENCE-D1-AL-BEARISH,835962731e9adcbb5f23631cfabce52796630e1ca515152599ee9519d22766b8,FRESH,AL,BEARISH,REV-I14-ACCEPTANCE-1,ab599130ee358de6c9cadc29f74f53f708ef91670ebd8e237b92aab27cbdb558
PYTHON_REFERENCE,74,HUNT,HUNT-D1-AL-BEARISH,dfd1cd81c605e7d8a1eea3d55588a1e21f75b7659748e59ab4fbd97123d0cdae,FIRST_SWEEP,AL,BEARISH,REV-I14-ACCEPTANCE-1,36cce93bea491bc641fcd4660105ef9404851b851388a1a94d63538786b5b615
PYTHON_REFERENCE,75,CANDIDATE,CANDIDATE-D1-AL-BEARISH,d472f7f7bc8529c7a642e3ec3c620f0969286a40c2760ea79155c4dab72d7863,RAW_ACTIVE,AL,BEARISH,REV-I14-ACCEPTANCE-1,b093f88cc0b7043af211600f471694e0768cdd2e1d5e859204a970b7347510d9
PYTHON_REFERENCE,76,CONFIRMATION,CONFIRMATION-D1-AL-BEARISH,1009d2aa6c6f18026bb047965b8ae6a5a9f58d6c3c9c19db610086e79ad06c36,CONFIRMED,AL,BEARISH,REV-I14-ACCEPTANCE-1,cebce8cb32543a48b9436a90c0ac8d0511a8dc52c703f6c785306334832e3db9
PYTHON_REFERENCE,77,SIGNAL,SIGNAL-D1-AL-BEARISH,88c86eef661113eede9729ec66e4ce1d2f03d6b5825670e75dbcf5b96e9900ce,CONFIRMED,AL,BEARISH,REV-I14-ACCEPTANCE-1,74d0d78a29a4718ba4c03eabc9589cb047b28f6549d9b5d1a95d2497c537a01a
PYTHON_REFERENCE,78,LEDGER,LEDGER-D1-AL-BEARISH,b5e25528d157499ddca25a18187945e793085d3e4860dd4b2cfdc0d7797744d1,ELIGIBLE_CONTENDER,AL,BEARISH,REV-I14-ACCEPTANCE-1,899faef0b5efcba7fafe47938248269f56834f4d9c38d3e5aef20a158103e384
PYTHON_REFERENCE,79,QUOTA,QUOTA-D1-AL-BEARISH,da46df38bfbc8dbf9e0f6a18339cbe54a0504c52bfe66c16010b1b7a01c1a576,QUOTA_WINNER,AL,BEARISH,REV-I14-ACCEPTANCE-1,44ef2dc3d3884c1de4382745b203816cc4f362b4424990ff0ce5752bdc4db010
PYTHON_REFERENCE,80,VISUAL,VISUAL-D1-AL-BEARISH,7fd59fbad190ab0fffd15d4bf2b0f9698772861b55760011a628c4f294140d3e,PROJECTED,AL,BEARISH,REV-I14-ACCEPTANCE-1,46d9359a41de868a74bb618ebc5e5903c75f309350fee96837c793c358aec37b
PYTHON_REFERENCE,81,ALERT,ALERT-D1-AL-BEARISH,d8917e95d55a7349c7c6fc61414dc1065212a70c66761c9f30a85902d6905453,DELIVERED,AL,BEARISH,REV-I14-ACCEPTANCE-1,eb474db36fdd0bb68bfe09b249b45ba9fa573fa6a80eab6f9cce8c2450a92e53
PYTHON_REFERENCE,82,EXPORT,EXPORT-D1-AL-BEARISH,d7645bae1d3ed8d702fea0987a45ff6476dc965c1363cf22bc4c67fc153a1ae0,APPENDED,AL,BEARISH,REV-I14-ACCEPTANCE-1,2c23b87b75dc53866d72341d9f4db5e8f72a4257e80c1667aa3945b80d031bad
PYTHON_REFERENCE,83,REFERENCE,REFERENCE-D1-AN-BEARISH,d288583fab4158d02a36f020df8628f1767a914f0d67e616cb3b42d6f7485a06,FRESH,AN,BEARISH,REV-I14-ACCEPTANCE-1,dd07f565ea9d0b956f2a45204d0bb371b0f7d7b914595847f8acf0e137af02d8
PYTHON_REFERENCE,84,HUNT,HUNT-D1-AN-BEARISH,bdeb8df835668560d6f985c50903aed17cccba7d352a28dc8d78628e2b0ed9f6,FIRST_SWEEP,AN,BEARISH,REV-I14-ACCEPTANCE-1,b581ec7eb09f2af6133010cd753f344c2296a257b248c5c7d9400db86d4dddb4
PYTHON_REFERENCE,85,CANDIDATE,CANDIDATE-D1-AN-BEARISH,c6b836e8be5442b1246db2298d64282f372ef026bdb9b3e561c3370a2e74be99,RAW_ACTIVE,AN,BEARISH,REV-I14-ACCEPTANCE-1,86c404bbbf2a66c46802b1fa45b12d762f8dbb7d7c6e39fd09300fbfb0d2793f
PYTHON_REFERENCE,86,CONFIRMATION,CONFIRMATION-D1-AN-BEARISH,e5ec7b83dc81faa91d673e31ec5bfb9ca4d66f08357cdd303a03efc40fbc4fa0,CONFIRMED,AN,BEARISH,REV-I14-ACCEPTANCE-1,04b35d59e9dd5e465b2730ec610306c88ceafde5244814f9a66e7128c96eccca
PYTHON_REFERENCE,87,SIGNAL,SIGNAL-D1-AN-BEARISH,011520d5c78be96343f4da63597bdccec8453f30597c99b6eeada328adfaf7b6,CONFIRMED,AN,BEARISH,REV-I14-ACCEPTANCE-1,e5ebfbb679faf1b98c3a2a6f850ee58a448d3c55cedfa151b897bde8d9a741fe
PYTHON_REFERENCE,88,LEDGER,LEDGER-D1-AN-BEARISH,d962f52ea9076174e54ba7ca58093e9c2bae1068b1144e780ed7c8bd1d2c5168,ELIGIBLE_CONTENDER,AN,BEARISH,REV-I14-ACCEPTANCE-1,3357898f40a893bd7d375f5eaec9ce504ff403d913cc432eed4474a7e2f028a9
PYTHON_REFERENCE,89,QUOTA,QUOTA-D1-AN-BEARISH,d54446d1ac2425917e383af64d58c195bad54ae0e31e8b3ea10f29c125b88f4c,SUPPRESSED_BY_QUOTA,AN,BEARISH,REV-I14-ACCEPTANCE-1,df3a175a730138ae1313856961308399d5debc76a4fcaa660e52e4bbe91ef5a8
PYTHON_REFERENCE,90,VISUAL,VISUAL-D1-AN-BEARISH,54470fdd3e74685d776c24e3013afb1c0d4779e99dc439a71e34e6d1a2849c98,PROJECTED,AN,BEARISH,REV-I14-ACCEPTANCE-1,b1a16a1aad2dda9b59563630d87bce62ac171f08aa73f47a37aca8ced3c9fbf8
PYTHON_REFERENCE,91,ALERT,ALERT-D1-AN-BEARISH,b93a753a6e8529e6459658e5555afd5718ba38a58fb57dfb74b392b6e72f220d,DELIVERED,AN,BEARISH,REV-I14-ACCEPTANCE-1,258f103b5c9d63eb4510302abdb9f95fe9b0fb88c1a277eb3ca9918d585332c2
PYTHON_REFERENCE,92,EXPORT,EXPORT-D1-AN-BEARISH,2c3e72e09f3feb38503a4b8e4cc49a4fd3a969b54b3cb45d4831f7236b22595e,APPENDED,AN,BEARISH,REV-I14-ACCEPTANCE-1,3f221a2936636cc1cc999fdfa6e8c745900d703968638f810c1dfbf70b609c4a
PYTHON_REFERENCE,93,REFERENCE,REFERENCE-D1-LN-BEARISH,1ff260e9def8155821a6c24ddf7da69f7ee1624eac9a61b012ee855552118987,FRESH,LN,BEARISH,REV-I14-ACCEPTANCE-1,ff8b6ba3ea3419b38d35e0e9263fe4c3e2af3449ccefd08f0c9b162fcb389355
PYTHON_REFERENCE,94,HUNT,HUNT-D1-LN-BEARISH,cb2267bdeed7fc5540b76e8be08babc3fef6b4f3f33dcfd925fe6589410a29bb,FIRST_SWEEP,LN,BEARISH,REV-I14-ACCEPTANCE-1,9200ed91623bfba53d81166d5cbafe3f254f33a33c463387cfd0b4c8ec06ee58
PYTHON_REFERENCE,95,CANDIDATE,CANDIDATE-D1-LN-BEARISH,fb6446dcd59681bc7eb48951db318691d7aa30f559831f61e58c0d43d937fcff,RAW_ACTIVE,LN,BEARISH,REV-I14-ACCEPTANCE-1,3aaa937a26a04b83652304a6d97307b7bd958b43f1bfb4f074b640dc88f87af9
PYTHON_REFERENCE,96,CONFIRMATION,CONFIRMATION-D1-LN-BEARISH,a2c0f4542eaf247d7f1dbe4e44c288a559a820b111a02bab076c1ed65efba410,CONFIRMED,LN,BEARISH,REV-I14-ACCEPTANCE-1,9b8907e4fa207721b4edfb387c2a0b6b804fbcc5ea59acf978a34217e00133ad
PYTHON_REFERENCE,97,SIGNAL,SIGNAL-D1-LN-BEARISH,dff3a593cc2b815431355f3408bac174333b3cf2afa0a068b0042e8e8f2a7f7f,CONFIRMED,LN,BEARISH,REV-I14-ACCEPTANCE-1,7dfff590877d7ce1a5aadc858090c6133d463bd09568d112aa7c40b462c5e201
PYTHON_REFERENCE,98,LEDGER,LEDGER-D1-LN-BEARISH,5848fb9b71f05d55a33a66141f635bdf873e152a32166fac2f992cf544b65c0b,ELIGIBLE_CONTENDER,LN,BEARISH,REV-I14-ACCEPTANCE-1,fe26237ec0610d7209cb8265dabb5e8660263b264634f692eb1950586c9658fa
PYTHON_REFERENCE,99,QUOTA,QUOTA-D1-LN-BEARISH,353a93eac9586d08faba083f29fa79a5f7845d3b125bbd9393ed6260dc34f0eb,SUPPRESSED_BY_QUOTA,LN,BEARISH,REV-I14-ACCEPTANCE-1,63ba46ea6a58443b200e09cc710e979c66f56a03a8c30dec8ef6e279ae15edb8
PYTHON_REFERENCE,100,VISUAL,VISUAL-D1-LN-BEARISH,ebc928d281d6e335a5f2566912ed2ebf992714b65e7fd549ba3645f67bc4da7f,PROJECTED,LN,BEARISH,REV-I14-ACCEPTANCE-1,85fe10c8334ad70dade6f7076a6cfb3f263defd2c79ff3422fa60f5ffdbc5158
PYTHON_REFERENCE,101,ALERT,ALERT-D1-LN-BEARISH,1af899feb089755ec04a864bd68ea80c2739024b9558953fe1074f4497c4d108,DELIVERED,LN,BEARISH,REV-I14-ACCEPTANCE-1,791a51302b0a9dc9276b17a864cb23972e21ba0a818e175fe09a1dc59fe629a3
PYTHON_REFERENCE,102,EXPORT,EXPORT-D1-LN-BEARISH,e9a6bf55945652cda9a1ca3b2dfc54fd63a7c1c25f6259040383963544dc8107,APPENDED,LN,BEARISH,REV-I14-ACCEPTANCE-1,87ef8f699b3aba83dd8163d44e4140b851e132c4022ce1ee4ea098fb703a9760
PYTHON_REFERENCE,103,REFERENCE,REFERENCE-D1-NA-BEARISH,2b76757d9296730a9f06e948846b9d7ffdce4fb1676cd5969137f86dec4b163c,FRESH,NA,BEARISH,REV-I14-ACCEPTANCE-1,628a5f2d86c4b4fdd912a1330d2e29400bd4ec480cde1422234f0f81320db961
PYTHON_REFERENCE,104,HUNT,HUNT-D1-NA-BEARISH,c20030c994b494b80ae29aea179752c80dd858be80b8068fcb9bbd8096bb37fe,FIRST_SWEEP,NA,BEARISH,REV-I14-ACCEPTANCE-1,9213fa96e2fb54b681f282a917c85cc544479bb47213bbcfebd5e66ef09866c3
PYTHON_REFERENCE,105,CANDIDATE,CANDIDATE-D1-NA-BEARISH,8d5ef0bb787867297688a73cbc7a2a24e5106594c638c6cb188aa37f3feb74fd,RAW_ACTIVE,NA,BEARISH,REV-I14-ACCEPTANCE-1,d2a2d9923fcaa25a340825ccd76751717dc940e82006e7529d5281606495d6e5
PYTHON_REFERENCE,106,CONFIRMATION,CONFIRMATION-D1-NA-BEARISH,b3d44293dd95c1310e0db7a955be89458e8a8c1697681808c26cfa1a00010a84,CONFIRMED,NA,BEARISH,REV-I14-ACCEPTANCE-1,55991bbc9f90f361be412d9c34e7c5d0f9dff281bfdd4872959f300ec06151b7
PYTHON_REFERENCE,107,SIGNAL,SIGNAL-D1-NA-BEARISH,3fa00d57470d82f3c950d751adfde8c26820f714b170a3c10892f99cfb25c6bc,CONFIRMED,NA,BEARISH,REV-I14-ACCEPTANCE-1,4c5e99af89a7e6a8f9b84efb337f07fd0f8113aebc67d3224fb74dac42cd0c60
PYTHON_REFERENCE,108,LEDGER,LEDGER-D1-NA-BEARISH,20d617edb922b58d452b92595b90dcf23aec2246fbead7bee1b14e44cf150464,ELIGIBLE_CONTENDER,NA,BEARISH,REV-I14-ACCEPTANCE-1,f7a4418debb7a098fac4a36fc248cc08c714e0e5c9411b9d592ee9adb32951e0
PYTHON_REFERENCE,109,QUOTA,QUOTA-D1-NA-BEARISH,5d8a328a1cb697b10c6aeafad821b5a8cb29db6e6f557cf05ad83b606a1f7146,SUPPRESSED_BY_QUOTA,NA,BEARISH,REV-I14-ACCEPTANCE-1,c8d625f4613acb2a4e7874bfbf217fcaa96278c5385f54c8f642e2777e30aff3
PYTHON_REFERENCE,110,VISUAL,VISUAL-D1-NA-BEARISH,beb708493d9674bbf5d9eb039bda339f1fe758f84133d81893605d02a27fb2f8,PROJECTED,NA,BEARISH,REV-I14-ACCEPTANCE-1,af3a9c3e8e53edf821d960b5acdaf0b1b6209ebb1b64c1c3fda5f13407c00985
PYTHON_REFERENCE,111,ALERT,ALERT-D1-NA-BEARISH,a425787e19323c43dd9d7854da6e9b282f472aac08d61d66fe9dc905ed81a140,DELIVERED,NA,BEARISH,REV-I14-ACCEPTANCE-1,2d78b641feb0e5bc7994360474500f49937191437ffd9da31da885fa1581f29d
PYTHON_REFERENCE,112,EXPORT,EXPORT-D1-NA-BEARISH,c4634ae18e186be71979c723ade604b2e53dbcfb30a2bc958d4ce90a5d7effd1,APPENDED,NA,BEARISH,REV-I14-ACCEPTANCE-1,7a5abd9e47da315b5b5c28a99fd51e7db1a2c15188d257a345d26b1792e4a210
PYTHON_REFERENCE,113,REFERENCE,REFERENCE-D1-NL-BEARISH,6fde186d31fa050ed91479ac1bf2dd81218aad1c89e018773086319092e606ae,FRESH,NL,BEARISH,REV-I14-ACCEPTANCE-1,fe5e3bb1c4cee0dc4bcd3ac1bd34e9cb285ac595f52c636e385e6404971f983d
PYTHON_REFERENCE,114,HUNT,HUNT-D1-NL-BEARISH,1fce9ebc22b4908e404dbc6c633d16879bf995418cc0ac3b81de96fca6bb0798,FIRST_SWEEP,NL,BEARISH,REV-I14-ACCEPTANCE-1,8d4eb7929483978291d051f191b7958a65c0eaa442a0f47d54d7fb71f096b259
PYTHON_REFERENCE,115,CANDIDATE,CANDIDATE-D1-NL-BEARISH,5a25f4ea47fa93434b982975243bdad23f94daaed6529f69fb245d70f1043e20,RAW_ACTIVE,NL,BEARISH,REV-I14-ACCEPTANCE-1,7bf174983069059ea5ed8dfd93142afdfd1ea0d66f7886a63b54c0cf407ae8e5
PYTHON_REFERENCE,116,CONFIRMATION,CONFIRMATION-D1-NL-BEARISH,8892a72480fb20478099f343abb9c1372705bab14aea1d1cb4cc7acd3de2bd02,CONFIRMED,NL,BEARISH,REV-I14-ACCEPTANCE-1,397208bc643a696a64455cdfdfb80c431a5275d12890d420bda5fbc799576414
PYTHON_REFERENCE,117,SIGNAL,SIGNAL-D1-NL-BEARISH,b15ca22d10c246a0ce3fe02402609393a8bb1a4d3125dd905980605bf89c076e,CONFIRMED,NL,BEARISH,REV-I14-ACCEPTANCE-1,1976e7893560089379164808580ceef82c62bb9c262bbf703d118eb0c1894b48
PYTHON_REFERENCE,118,LEDGER,LEDGER-D1-NL-BEARISH,bfcde433d9cd16d51868dc3b0bf61a41965af33731b7e4ee78e37a9b01eec67e,ELIGIBLE_CONTENDER,NL,BEARISH,REV-I14-ACCEPTANCE-1,62e1d34a84487e7542e3eb66ba47acaba6acf44beebd3d08a331e674f302ce64
PYTHON_REFERENCE,119,QUOTA,QUOTA-D1-NL-BEARISH,b2d51515529ad8f2d39097b1993ed123f22a78d53b566de0256b667a55f6a362,SUPPRESSED_BY_QUOTA,NL,BEARISH,REV-I14-ACCEPTANCE-1,c7b98c1e5d2aa6c8272cbab85d3eba9b58fed19d59494e60007f785e7de8d16e
PYTHON_REFERENCE,120,VISUAL,VISUAL-D1-NL-BEARISH,30a9dd1272fca157e93e8ed712102f71b8565ded185ac61a3152c250966c3d3e,PROJECTED,NL,BEARISH,REV-I14-ACCEPTANCE-1,0fb042c291dafa69f10dd82b70b5d33d79fef488281b468139375b0e326a2ea1
PYTHON_REFERENCE,121,ALERT,ALERT-D1-NL-BEARISH,dec08bbdd12fee9b33b1193d543d89e4c474d558704abfbb2d44b3db3be785ee,DELIVERED,NL,BEARISH,REV-I14-ACCEPTANCE-1,5e7f3b74ec372e598eef3bd18a220b723dfb6a65bf932b059ee018ca62beb630
PYTHON_REFERENCE,122,EXPORT,EXPORT-D1-NL-BEARISH,0e297bc679a1fd5802cc35326ccb810523788b31c2adbeee1355faa7fd4b6da6,APPENDED,NL,BEARISH,REV-I14-ACCEPTANCE-1,ae89b1d6169be2ef0b72c4edc350d5efdd5abb737fd7cd77712ddd44e1e951e9
PYTHON_REFERENCE,123,REFERENCE,REFERENCE-D1-NN-BEARISH,c54915f2f68ab73e0be38a26c931e21428389757ee76907ed0128c4691caf299,FRESH,NN,BEARISH,REV-I14-ACCEPTANCE-1,7a4e9f5ed3a3b17821d8898fef4b5c1ba7510d3a3330b7817731cf075d5cc3ef
PYTHON_REFERENCE,124,HUNT,HUNT-D1-NN-BEARISH,95e2cfef7142458a08cf2c3422bf29d88f2cdb96f710423fe9fb486532fd5180,FIRST_SWEEP,NN,BEARISH,REV-I14-ACCEPTANCE-1,ef162a1c7fbd1b9346f2c73e55d880f40a9f8ad2cdfa71879c4fd77ba41721c6
PYTHON_REFERENCE,125,CANDIDATE,CANDIDATE-D1-NN-BEARISH,a891812f1846feb857f6192eeb04d066ec9eb9995a2b739a43134a8d6973162c,RAW_ACTIVE,NN,BEARISH,REV-I14-ACCEPTANCE-1,0e06cc1e71e246cb67da47474b0b93349b9ebcc92074e8a51dda63be0409c160
PYTHON_REFERENCE,126,CONFIRMATION,CONFIRMATION-D1-NN-BEARISH,72d49848bf01a9be0e7e53c3a22feb98633de22a968bc4cf2384be5e6f142895,CONFIRMED,NN,BEARISH,REV-I14-ACCEPTANCE-1,5410cb095d6a546f22084a831348f2714f352865dc665e7861b7c1045584aa57
PYTHON_REFERENCE,127,SIGNAL,SIGNAL-D1-NN-BEARISH,080721b4e1e5d9caf9a690c6f2f4a605e0409bc5c8956e93948fe6471f3d4652,CONFIRMED,NN,BEARISH,REV-I14-ACCEPTANCE-1,d6c0860f0ea02354219dfcf88faef1b9c3ba66aa3351a09fea01339bffcfef76
PYTHON_REFERENCE,128,LEDGER,LEDGER-D1-NN-BEARISH,59f05d490544b61720c5d2a473018ac24a053cdc492d4908a293c59837dfb68a,ELIGIBLE_CONTENDER,NN,BEARISH,REV-I14-ACCEPTANCE-1,b882269e942050e83fd43e47e1d259420d5542695858782cc5a07cd939493f08
PYTHON_REFERENCE,129,QUOTA,QUOTA-D1-NN-BEARISH,f43285c0888cb1f77687400822d398bc41dd50f82812691e71c0508e91b3ec26,SUPPRESSED_BY_QUOTA,NN,BEARISH,REV-I14-ACCEPTANCE-1,a62fe5d111db4b643c590fb682685a975ededd1224da295d1d1a47b04c1f9ab7
PYTHON_REFERENCE,130,VISUAL,VISUAL-D1-NN-BEARISH,6a37834d9bf3099ee1adc757d176c38dc564ddea17614ec9526861232297cfc4,PROJECTED,NN,BEARISH,REV-I14-ACCEPTANCE-1,5733d8dda7c1b156798cc4e92142996e18bb89f80fc03f0c8b88ccd30bd3e98f
PYTHON_REFERENCE,131,ALERT,ALERT-D1-NN-BEARISH,3c5d4d114c8d706a04970897e0895b7ab870e322ac055788ee4e2cc3d210b245,DELIVERED,NN,BEARISH,REV-I14-ACCEPTANCE-1,3ad7f2d6eff441adef950a704a37d3da2102eda4ec2a258057fe930bbc972dcd
PYTHON_REFERENCE,132,EXPORT,EXPORT-D1-NN-BEARISH,7805184c9f05563467fd030be493e70bc6a782a72c3c4d01e34d82d5ae9684f0,APPENDED,NN,BEARISH,REV-I14-ACCEPTANCE-1,66c2496781a4aab2b0b1a413814276b43dfe2dd3edeecf4c65ff53482ba961d5
PYTHON_REFERENCE,133,REFERENCE,REFERENCE-D1-WW-BEARISH,b7ade698c08e2f3fd335268fe90b8e0229a1fb1e2775902a1c9b29b161196bef,FRESH,WW,BEARISH,REV-I14-ACCEPTANCE-1,d34cc7123643b79a9b0421ae0b6611590ba3c04a25c4b503443885f67f60e74c
PYTHON_REFERENCE,134,HUNT,HUNT-D1-WW-BEARISH,60bda65e04a5fe6d51ec90b6acd90ea89bb494a68074143d5c90e5cc90cd0fee,FIRST_SWEEP,WW,BEARISH,REV-I14-ACCEPTANCE-1,f1fb81c39284aeca3969283e40e0c2ff0a37516880caba264f8f49022926a87b
PYTHON_REFERENCE,135,CANDIDATE,CANDIDATE-D1-WW-BEARISH,b09b254be77b7615c56b9c4f08491613d04be7abc810609274fa55eb2f411235,RAW_ACTIVE,WW,BEARISH,REV-I14-ACCEPTANCE-1,e1d3cc6fc7e934d8f91e1ddfe326ba71d6664770b6b31089855c8fcac32964ff
PYTHON_REFERENCE,136,CONFIRMATION,CONFIRMATION-D1-WW-BEARISH,24ff0a50b0bec014b71d7ef9db0a871d528edbc557805de8efd8b3f570ac18b4,CONFIRMED,WW,BEARISH,REV-I14-ACCEPTANCE-1,3fd6242dca92f69574e01b4bc93bd94c8e7f5eb5294f155e8199909855511726
PYTHON_REFERENCE,137,SIGNAL,SIGNAL-D1-WW-BEARISH,7929b7922915e005a02e9ffe2e543805668c119eeac03d0e8c415b30070204fb,CONFIRMED,WW,BEARISH,REV-I14-ACCEPTANCE-1,7af22936542b0e866867d605233afbf2cb310958e8eb5d69950854caca832696
PYTHON_REFERENCE,138,LEDGER,LEDGER-D1-WW-BEARISH,ade227b6859d63a2dc4260c1a6ad3acbd1f9bd621b5a7621a7725f2da95d280e,ELIGIBLE_CONTENDER,WW,BEARISH,REV-I14-ACCEPTANCE-1,3899a984ff3afd36ba8786c204062bd8e0932e367b4cadfd4f88c36c3dfb3e55
PYTHON_REFERENCE,139,QUOTA,QUOTA-D1-WW-BEARISH,8487c917f4f4fc6a39d81d66cb889993980bdd7aefc58ca3fa803ee70c6c296a,SUPPRESSED_BY_QUOTA,WW,BEARISH,REV-I14-ACCEPTANCE-1,b92cc86d95d80e4d56e460e632b72a4d756d07813508b5c7b28486cf7ebd393e
PYTHON_REFERENCE,140,VISUAL,VISUAL-D1-WW-BEARISH,54171f8af37315346500b1c8ec4d785417805194a2da9c4f5f912b25d659e590,PROJECTED,WW,BEARISH,REV-I14-ACCEPTANCE-1,8bec41971ed69bdc0d5beb31fe8caac8710a7cc1e663713af3ed5bd29fe00f91
PYTHON_REFERENCE,141,ALERT,ALERT-D1-WW-BEARISH,d38301fbdf19bbe45c7655f0ade925cb0df90a37e0f7badf411989be937f2172,DELIVERED,WW,BEARISH,REV-I14-ACCEPTANCE-1,7b25c2db20202155f1c1cc65e0d1e04263dd908e373a5801a4c66ad345739930
PYTHON_REFERENCE,142,EXPORT,EXPORT-D1-WW-BEARISH,694e2c7ffa2cbba2e86274efc09e424b2b2c388d2f6d954d8b5782f0df3c58db,APPENDED,WW,BEARISH,REV-I14-ACCEPTANCE-1,f17981d1160e078e8ee2e6f98c2acefc44600a485cae7a580ffa071797c70eef
PYTHON_REFERENCE,143,WW_CONTEXT,WWCTX-D1-WW-BEARISH,a28108ac0b0d778484503e6735cee1ad2adf41d7d86f08dc209d9499a1d0b64c,ACTIVE_WINNER,WW,BEARISH,REV-I14-ACCEPTANCE-1,004c3a351d23dc221deaed54f0eaae6fd7f50c4c200da286fa171e29f408cd73
PYTHON_REFERENCE,144,DIRECTION_GATE,WWGATE-D1-WW-BEARISH,a7995d5e578131867427e481692533adf068b3dc4b4115f4dcd3127e7ddc45d4,ALLOWED,WW,BEARISH,REV-I14-ACCEPTANCE-1,c41a4a5ccb71162899f3f33e0d7cd14e3c7624c17cac4453679d1877b48bdda9
PYTHON_REFERENCE,145,BUFFER,BUFFER-0,95724d1a1eb631269d807dbdbe05870bbfe153c5ba9261569c177b7fc220fe55,BUFFER,,,REV-I14-ACCEPTANCE-1,72666d4df535af5a0bd2d3b67f7b177556df4c3824dd61f240ee003927b20c66
PYTHON_REFERENCE,146,BUFFER,BUFFER-1,3421cd3e27eb185e18b5ff0e74b2bedf1fa9a2a53450339ba3f57ffe27a39be0,BUFFER,,,REV-I14-ACCEPTANCE-1,7fc267af1a4e989b2bb51cc66ea4225c778b6c38d0a9ee1343e26db62ee4ff2f
PYTHON_REFERENCE,147,BUFFER,BUFFER-2,942aeb4df7636b17bbd417c7dc04d25c10672fed4ef4fd5ecb21a312811cda34,BUFFER,,,REV-I14-ACCEPTANCE-1,6b65abc11c8f018b5fd6799279ea7f845d1c2a9601af4e5921231f3c9f24628d
PYTHON_REFERENCE,148,BUFFER,BUFFER-3,f12030e7a0b9dd0e721ce604b9e051b0bd849d543cf57d4f5cd51e62aaea069c,BUFFER,,,REV-I14-ACCEPTANCE-1,26747db8a70c5ee6dbed59fab3990d112021c960a33876fb818878075e636d71
PYTHON_REFERENCE,149,BUFFER,BUFFER-4,3d9630f04f1c2afb2d4b772731e9c2b80c5323c2159235bd3de58f6346101fe8,BUFFER,,,REV-I14-ACCEPTANCE-1,37837f354c4ef675c6d39012b6e74a37716e8d488b281b0a2a8c8e2e46fc5e55
PYTHON_REFERENCE,150,BUFFER,BUFFER-5,001a2a6492b284bdb5d6de6fb7847e239475bb665f6b2703e010a2050f635a7b,BUFFER,,,REV-I14-ACCEPTANCE-1,3a1a4183aa5cda035ebf0beeeb505347fe281b62c4c58a8812bfa6bdf8ee9c2d
PYTHON_REFERENCE,151,BUFFER,BUFFER-6,dbaca9929164ea6cf36fe352a9fa9c2ec51140526c1507224684b716363719c9,BUFFER,,,REV-I14-ACCEPTANCE-1,f56a69e34985a56018ebbb71fc917e5da050927f79532a1cd88ee65ed738ea75
PYTHON_REFERENCE,152,BUFFER,BUFFER-7,e4152500f6ea1d201a5a1c136363602a8abb00e101ce8a8cf5adeb96237bac59,BUFFER,,,REV-I14-ACCEPTANCE-1,c20d3726a6544e99eb67e487d62678150d6302ef5184269e1e6817ef997153fc
PYTHON_REFERENCE,153,BUFFER,BUFFER-8,8d0963eb2b2ebc70f240ec5d53475ac70d3c5c8eaed67b723515e7e191d35c14,BUFFER,,,REV-I14-ACCEPTANCE-1,cdd887413eeafe1a060bd249a85b7744d5b5e187b0175c002275a3dc654db0aa
PYTHON_REFERENCE,154,BUFFER,BUFFER-9,836edf24f5ff2f0ecacf411999307defb7d022e6d63259554fff02d39a4b3529,BUFFER,,,REV-I14-ACCEPTANCE-1,39bd21db9ef1cfd9818a74bba99912fb9585cd7d530fdd80480eca1c90ea20cb
PYTHON_REFERENCE,155,BUFFER,BUFFER-10,971b82acc4b01d67116995fa6065ea063c231ab9e0396821dda0f4ceae52aed7,BUFFER,,,REV-I14-ACCEPTANCE-1,0486fcea41a6b0bdd28ee2c14eab20e2d5a1d17a0514b39f60de0ecbf9a8f155
PYTHON_REFERENCE,156,BUFFER,BUFFER-11,c2be5f40042e4c484235d1d745122dc1d355c3f979bb3d7457d4e64696106c4c,BUFFER,,,REV-I14-ACCEPTANCE-1,0cf28be9de4c980f77450512e245715bb25f90e335f0e8a69e741df1cdb79373
PYTHON_REFERENCE,157,HEALTH,HEALTH-157,45de279b6f37f3a6c28f6b20fd19fd31e9d595b22e349931bea6419edee7855d,READY,,,REV-I14-ACCEPTANCE-1,3b6a789aec9fed781a520db3aff07ce9cc2fd1a1d5e27a7c5cf3572b4a049dad
PYTHON_REFERENCE,158,HEALTH,HEALTH-158,ac6c47badfe33d7b7ffd07ef754157c0fde475ccc551f0dd3f99ccc7cfba784c,DEGRADED,,,REV-I14-ACCEPTANCE-1,d0fbbba999b83da92c305685b32f63484a0555c685ea3135fc5fb72e1c754a5a
PYTHON_REFERENCE,159,HEALTH,HEALTH-159,45de279b6f37f3a6c28f6b20fd19fd31e9d595b22e349931bea6419edee7855d,READY,,,REV-I14-ACCEPTANCE-1,65f5da5ab5b5e248044d2cf37538ec9483caeac634d02aebbd31f3a05c5ded51
