path,language,reason,line_number,message_digest
lab/11_strategy_factory/python/saed_v4_anytime_valid_online_fdr/cli.py,PYTHON,SYNTAX_ERROR,9,sha256:6caf1b9b42bf48e01c9a3e6461b636a9c521239123f22f4538ba9ff16dbc43c9
lab/11_strategy_factory/python/saed_v4_complete_search_exposure_ledger/cli.py,PYTHON,SYNTAX_ERROR,10,sha256:517b2e3b7e58928dae6a302342519a1450f77d232e59d32be358e287f9397aa7
lab/11_strategy_factory/python/saed_v4_decision_focused_treatment_selection/cli.py,PYTHON,SYNTAX_ERROR,8,sha256:0464354d9879f618ae5011c859c06115fde0cbfff9bca188081dd08524ec89f4
lab/11_strategy_factory/python/saed_v4_foundation_model_adapters/cli.py,PYTHON,SYNTAX_ERROR,9,sha256:6caf1b9b42bf48e01c9a3e6461b636a9c521239123f22f4538ba9ff16dbc43c9
lab/11_strategy_factory/python/saed_v4_generative_path_stress_lab/cli.py,PYTHON,SYNTAX_ERROR,9,sha256:6caf1b9b42bf48e01c9a3e6461b636a9c521239123f22f4538ba9ff16dbc43c9
lab/11_strategy_factory/python/saed_v4_independent_multi_lab_replication/cli.py,PYTHON,SYNTAX_ERROR,11,sha256:9e85850709acadef2a9877ac6575f0c8617e5074ca5cc5047e82363a3ada10ad
lab/11_strategy_factory/python/saed_v4_mechanistic_interpretability/cli.py,PYTHON,SYNTAX_ERROR,11,sha256:9e85850709acadef2a9877ac6575f0c8617e5074ca5cc5047e82363a3ada10ad
lab/11_strategy_factory/python/saed_v4_multimodal_views/cli.py,PYTHON,SYNTAX_ERROR,11,sha256:9e85850709acadef2a9877ac6575f0c8617e5074ca5cc5047e82363a3ada10ad
lab/11_strategy_factory/python/saed_v4_offline_policy_research/cli.py,PYTHON,SYNTAX_ERROR,9,sha256:6caf1b9b42bf48e01c9a3e6461b636a9c521239123f22f4538ba9ff16dbc43c9
lab/11_strategy_factory/python/saed_v4_self_supervised_pretraining/serialization.py,PYTHON,SYNTAX_ERROR,7,sha256:cc260a22fd6f9d1e5657df5fd5b1e3a558853dc9dc404acaf473c0c9f48a24f1
tools/strategy_factory/generate_uce_i13_vectors.py,PYTHON,SYNTAX_ERROR,6,sha256:bd249763843c788574286b198be09949eb75f8ceab0aac8c157f6b0eef1123ff
