identity_id,wave_assignment,final_disposition,canonical_package_root,cutover_ready,consumer_cutover_performed,packet_digest
CTX_ASTRO_RESEARCH_EXECUTION_DAL_ASTRODOCTRINECONTEXT_8749C1D8_V1,WAVE_01_LOW_RISK_PILOT,BLOCKED,,false,false,sha256:0354e031e6647204a784dd33f654ce2384ac7d42de114c130997a3af1f858a88
CTX_ASTRO_RESEARCH_EXECUTION_DAL_ASTROEXECUTIONSTATEMACHINE_AD983AAD_V1,WAVE_01_LOW_RISK_PILOT,BLOCKED,,false,false,sha256:343521dd60f9687ffa02bb670f1a52fd9ad18076d838eb2ebc5a14a2ec7a1519
CTX_EXP0015_INTERMARKET_TIME_DAL_IMDENGINE_EE4C4557_V1,WAVE_03_EXP0015_EXP0016_EXP0017,BLOCKED,,false,false,sha256:bb7959021906a20e3f94dc58f6fc881ba313c0a170403e59f49cba04df80076c
CTX_EXP0015_INTERMARKET_TIME_DAL_IMDJOURNAL_264AAC22_V1,WAVE_03_EXP0015_EXP0016_EXP0017,BLOCKED,,false,false,sha256:b2d1e1ebdb5a41727d5696fc2c25557280d0cf6aa840fad96670a25264e417d8
CTX_EXP0015_INTERMARKET_TIME_DAL_IMDLEVELS_6623D305_V1,WAVE_03_EXP0015_EXP0016_EXP0017,BLOCKED,,false,false,sha256:5cdd726ad8cfccab45bc4d9a4c2104f54542b269d4c38bbe8b44d4a6f3934e03
CTX_EXP0015_INTERMARKET_TIME_DAL_IMDSERIES_37742F2E_V1,WAVE_03_EXP0015_EXP0016_EXP0017,BLOCKED,,false,false,sha256:9795e254122a7feb3bf6a462b06216fa320c43b8c0628562b3c6961ca97b4b42
CTX_EXP0015_INTERMARKET_TIME_DAL_IMDTYPES_AB975835_V1,WAVE_03_EXP0015_EXP0016_EXP0017,BLOCKED,,false,false,sha256:4141c1e323fbd4b446edbff99bfd4c2a8c4ac9bd106f27d187b250827b6da0be
CTX_EXP0015_INTERMARKET_TIME_EXPERIMENT_3CD87586_V1,WAVE_03_EXP0015_EXP0016_EXP0017,MIGRATED_CUTOVER_READY,lab/11_strategy_factory/contexts/CTX_EXP0015_INTERMARKET_TIME_EXPERIMENT_3CD87586_V1,true,false,sha256:30dd6280e2582c09a3bd4148a5346de7dafb434b67da620a53b5e23110ef2e00
CTX_EXP0015_INTERMARKET_TIME_IMD001_CANDLESESSIONDIVERGENCE_1A976C20_V1,WAVE_03_EXP0015_EXP0016_EXP0017,BLOCKED,,false,false,sha256:bb10435813462a38bd8c28b7c89cb3443aaf10ee001bad07389dd37256cbcb16
CTX_EXP0015_INTERMARKET_TIME_IMD001_SPX_NDX_TIMEDIVERGENCE_CB31FEAE_V1,WAVE_03_EXP0015_EXP0016_EXP0017,BLOCKED,,false,false,sha256:40ab368e1ffa6bf0fc227ae09b0d562a21261474ce2645e09372de9c5c907836
CTX_EXP0017_CYCLE_GROUP_CGC_DISPLAY_13FC5853_V1,WAVE_03_EXP0015_EXP0016_EXP0017,BLOCKED,,false,false,sha256:e246247ebac8fa703834c94e4865ef3622ef0189739ba8df7b1f169b458e5bff
CTX_EXP0017_CYCLE_GROUP_CGC_TYPES_FBB19C0E_V1,WAVE_03_EXP0015_EXP0016_EXP0017,BLOCKED,,false,false,sha256:d577cfc0291c4efd9cfeed85345f81cd26cd4efa1120037a15ade63c0654ae6f
CTX_EXP0017_CYCLE_GROUP_CGD_DISPLAY_98872046_V1,WAVE_03_EXP0015_EXP0016_EXP0017,BLOCKED,,false,false,sha256:3f2edc910923e04a497bf2f44e12f8e8745fc297f55def9ded5098cbb7cf551f
CTX_EXP0017_CYCLE_GROUP_CGD_DIVERGENCEFIELD_D716A54C_V1,WAVE_03_EXP0015_EXP0016_EXP0017,BLOCKED,,false,false,sha256:baecee799a5af75b00b873f055b048fcfe76d0d8ddd3178801350d880893ec8c
CTX_EXP0017_CYCLE_GROUP_CGD_ENGINE_281006BE_V1,WAVE_03_EXP0015_EXP0016_EXP0017,BLOCKED,,false,false,sha256:23cef9ea3e4fc5844fc654e61b6e7b686fea807e333610465f7ebd284c07c401
CTX_EXP0017_CYCLE_GROUP_CGD_TYPES_843D8CF4_V1,WAVE_03_EXP0015_EXP0016_EXP0017,BLOCKED,,false,false,sha256:c55d98ed4f9295f26bc975d1de81f3760795f4722f962deae5583b55d7d44b2e
CTX_EXP0017_CYCLE_GROUP_CGH_DISPLAY_1C918126_V1,WAVE_03_EXP0015_EXP0016_EXP0017,BLOCKED,,false,false,sha256:ce73bf53213158b16db0803bf8ebc4e94db2e4455f7e114f217442b0540a47f8
CTX_EXP0017_CYCLE_GROUP_CGH_ENGINE_5C19C24B_V1,WAVE_03_EXP0015_EXP0016_EXP0017,BLOCKED,,false,false,sha256:e1cf08eff3218a00abed81937180f0e94b4498e8a265dc499ed3efe0e70fd149
CTX_EXP0017_CYCLE_GROUP_CGH_HUNTFIELD_D8A7DD22_V1,WAVE_03_EXP0015_EXP0016_EXP0017,BLOCKED,,false,false,sha256:7f4130d174b4685146176a8086df276047c151a32ae42af5dc55e6952bf6d7a6
CTX_EXP0017_CYCLE_GROUP_CGH_TYPES_A46AD56C_V1,WAVE_03_EXP0015_EXP0016_EXP0017,BLOCKED,,false,false,sha256:4fad629417d6f3d1b137e407674f0bbc87e0fe561a6907b74a23eefc005a8a50
CTX_EXP0017_CYCLE_GROUP_CGM_CSVREADER_4BE18322_V1,WAVE_03_EXP0015_EXP0016_EXP0017,BLOCKED,,false,false,sha256:979b33cf598aec84390453263e8de853ce172a1b1d77d93a118b6c08779a9858
CTX_EXP0017_CYCLE_GROUP_CGM_DISPLAY_438ADA17_V1,WAVE_03_EXP0015_EXP0016_EXP0017,BLOCKED,,false,false,sha256:6c89e4230517ab9b6a0c3beea24328e7cda4416d35b788393d0e2aec2ba635b4
CTX_EXP0017_CYCLE_GROUP_CGM_ENGINE_D6738B94_V1,WAVE_03_EXP0015_EXP0016_EXP0017,BLOCKED,,false,false,sha256:10487d2c2677398bb33a4db1eba99bafde3f8437aca6847e4ce21cdb714dc1de
CTX_EXP0017_CYCLE_GROUP_CGM_FEATUREBUILDER_28571F32_V1,WAVE_03_EXP0015_EXP0016_EXP0017,BLOCKED,,false,false,sha256:684d0a559d99d33463028949cba198ca6340f1de7e029a7cac40ee24a4d646ac
CTX_EXP0017_CYCLE_GROUP_CGM_LEDGER_46D6FE5E_V1,WAVE_03_EXP0015_EXP0016_EXP0017,BLOCKED,,false,false,sha256:f603f1060f38acecd6668bb986d7008475d6fbb84cb5c14aa54fd95937edf336
CTX_EXP0017_CYCLE_GROUP_CGM_TYPES_F4CD0268_V1,WAVE_03_EXP0015_EXP0016_EXP0017,BLOCKED,,false,false,sha256:048aa41ac2ce159bf9496ad964914f11beeca25467843554459714f750043ca4
CTX_EXP0017_CYCLE_GROUP_CGO_DISPLAY_038F1EB0_V1,WAVE_03_EXP0015_EXP0016_EXP0017,BLOCKED,,false,false,sha256:a8e95b7bb3c9e127c17098b1f2915163692b2758a587e717202311bd8d1aa027
CTX_EXP0017_CYCLE_GROUP_CGO_ENGINE_992F91C2_V1,WAVE_03_EXP0015_EXP0016_EXP0017,BLOCKED,,false,false,sha256:0720b38cddc8902a27b74fb6073e22abedc1f287ffc662bfb28b632baae84169
CTX_EXP0017_CYCLE_GROUP_CGO_LEDGER_B8F75E3C_V1,WAVE_03_EXP0015_EXP0016_EXP0017,BLOCKED,,false,false,sha256:fa320ce45728cb1235726a805fd83163bfa26f15b2c00a46147414483816e6f3
CTX_EXP0017_CYCLE_GROUP_CGO_OUTCOMEFIELD_90DCB505_V1,WAVE_03_EXP0015_EXP0016_EXP0017,BLOCKED,,false,false,sha256:34a912252f9c3bc76f41faf8ea804a40dc7c191ff5556d418127cebf6bd24791
CTX_EXP0017_CYCLE_GROUP_CGO_TYPES_953F33DE_V1,WAVE_03_EXP0015_EXP0016_EXP0017,BLOCKED,,false,false,sha256:f5e2f912a7f73db169831972884b031fe98802cbb941547f531f222e48b54c6b
CTX_EXP0017_CYCLE_GROUP_CGP12_DISPLAY_D6FDF27C_V1,WAVE_03_EXP0015_EXP0016_EXP0017,BLOCKED,,false,false,sha256:50d74acc2e3c767af3da58927512c1de067a0bd611940940548fa7e615f22aa3
CTX_EXP0017_CYCLE_GROUP_CGP12_ENGINE_355DD689_V1,WAVE_03_EXP0015_EXP0016_EXP0017,BLOCKED,,false,false,sha256:1151c76228ddf12fddc183751022897e1d719aa0671c523ae44e0872b8989b75
CTX_EXP0017_CYCLE_GROUP_CGP12_FILEINVENTORY_922C29A0_V1,WAVE_03_EXP0015_EXP0016_EXP0017,BLOCKED,,false,false,sha256:7d01db70ab28afe8b442ba3ceefd82d228437234ad62569b8cf7921ead79c217
CTX_EXP0017_CYCLE_GROUP_CGP12_TYPES_282DED12_V1,WAVE_03_EXP0015_EXP0016_EXP0017,BLOCKED,,false,false,sha256:fe62cf926ce5d7d8a1b2a1fd1a120f77157ce1917b5bc235efdaa8e5adbc0310
CTX_EXP0017_CYCLE_GROUP_CGP12_WRITERS_D6A6EAC9_V1,WAVE_03_EXP0015_EXP0016_EXP0017,BLOCKED,,false,false,sha256:1ae62e121be85ae8ca9c915b2539a0b4ddea1eba2687559df81ba8d25fc21404
CTX_EXP0017_CYCLE_GROUP_CGP13_DISPLAY_047AFF8F_V1,WAVE_03_EXP0015_EXP0016_EXP0017,BLOCKED,,false,false,sha256:1dc9dc7c2e58ff2a3612e4e11232a7dc235c69b647bd902daae057eb6120472b
CTX_EXP0017_CYCLE_GROUP_CGP13_ENGINE_436446F3_V1,WAVE_03_EXP0015_EXP0016_EXP0017,BLOCKED,,false,false,sha256:b0d57c4da51b7cd0518ee80186132fbbe714be96d3d22e8bdefeb73dd8dabf8e
CTX_EXP0017_CYCLE_GROUP_CGP13_FILEINVENTORY_1478C696_V1,WAVE_03_EXP0015_EXP0016_EXP0017,BLOCKED,,false,false,sha256:89f1e2973682a7d5d7c53a885076024b33e8c6d6a93083eef93a5e9c13cdc2b7
CTX_EXP0017_CYCLE_GROUP_CGP13_TYPES_A9483F04_V1,WAVE_03_EXP0015_EXP0016_EXP0017,BLOCKED,,false,false,sha256:d528fa38e93f3ff2c0c424198fb2ad9206f68f961394568481e34e1260b871a2
CTX_EXP0017_CYCLE_GROUP_CGP13_WRITERS_67EFAF93_V1,WAVE_03_EXP0015_EXP0016_EXP0017,BLOCKED,,false,false,sha256:c4f90522a6f4a6cc6a0d55dba2ba08dff039aa0903defc25805b400bca98c585
CTX_EXP0017_CYCLE_GROUP_CGPI_CONTRACTS_07477B03_V1,WAVE_03_EXP0015_EXP0016_EXP0017,BLOCKED,,false,false,sha256:4b017a3431c18939e8e879a234c9334706af290f248909c8cb33d2682dbdb023
CTX_EXP0017_CYCLE_GROUP_CGPI_CSVINSPECTOR_08E098F4_V1,WAVE_03_EXP0015_EXP0016_EXP0017,BLOCKED,,false,false,sha256:b2543fca7111e9cf8ecc1dd20546dc1c085a05c83c8efb8bd6cc9bffdaed3dc7
CTX_EXP0017_CYCLE_GROUP_CGPI_DISPLAY_121D57B3_V1,WAVE_03_EXP0015_EXP0016_EXP0017,BLOCKED,,false,false,sha256:923393f60a525f1df6d72d89022779d91f1b0384a31af7e3f78f7f40080486d9
CTX_EXP0017_CYCLE_GROUP_CGPI_ENGINE_BD14E170_V1,WAVE_03_EXP0015_EXP0016_EXP0017,BLOCKED,,false,false,sha256:efddbb7aa1c8ea958655c5a8cf86c34c29cf412f752cafa74437846981e68fec
CTX_EXP0017_CYCLE_GROUP_CGPI_LEDGER_A7E30CCA_V1,WAVE_03_EXP0015_EXP0016_EXP0017,BLOCKED,,false,false,sha256:63c7c6642e45a5988639951f5ad786a5b7f47beeaecfc2b69560ad0156db3e80
CTX_EXP0017_CYCLE_GROUP_CGPI_RECONCILER_8B5FD478_V1,WAVE_03_EXP0015_EXP0016_EXP0017,BLOCKED,,false,false,sha256:c6dc21b7eb2a2e51bba50b1e68fea1fe994f7435e77783c0cc6a21ad591fa548
CTX_EXP0017_CYCLE_GROUP_CGPI_TYPES_F2AD107A_V1,WAVE_03_EXP0015_EXP0016_EXP0017,BLOCKED,,false,false,sha256:b834b4e1b29b82dd48752ee908bfb7a831f9a653a5c80656d668b4ed69d67b19
CTX_EXP0017_CYCLE_GROUP_CGRK_CSVREADER_019893E9_V1,WAVE_03_EXP0015_EXP0016_EXP0017,BLOCKED,,false,false,sha256:75dc8f5994d1d71948ccf1b356ac1f3707c0b7b6714a2814f89912bce20dcedf
CTX_EXP0017_CYCLE_GROUP_CGRK_DISPLAY_6D47F571_V1,WAVE_03_EXP0015_EXP0016_EXP0017,BLOCKED,,false,false,sha256:9bcf1ea49d177a63b47d9c90bd35eb5e7213c6627b49d6e2eb30aa8d47dcef26
CTX_EXP0017_CYCLE_GROUP_CGRK_ENGINE_866F4D3B_V1,WAVE_03_EXP0015_EXP0016_EXP0017,BLOCKED,,false,false,sha256:16356c8aff31cd2278b0ad70e71bdf759b9b73c3e56ac01a7680c111ecc88949
CTX_EXP0017_CYCLE_GROUP_CGRK_LEDGER_09D02516_V1,WAVE_03_EXP0015_EXP0016_EXP0017,BLOCKED,,false,false,sha256:c1cc15fdf7cc0a03d7ac75152620ada5b00565434e76df8832d2b0e45b75a77e
CTX_EXP0017_CYCLE_GROUP_CGRK_RANKER_A971EA69_V1,WAVE_03_EXP0015_EXP0016_EXP0017,BLOCKED,,false,false,sha256:9a12b864147370fab66ff2eb919abe82bbc1c725fc556efbd33bb4ae95a4c13b
CTX_EXP0017_CYCLE_GROUP_CGRK_TYPES_12D6D596_V1,WAVE_03_EXP0015_EXP0016_EXP0017,BLOCKED,,false,false,sha256:491ce5252a36d05cdda68b57d82acf354e865699ea7d5b81e1be10d386aea55e
CTX_EXP0017_CYCLE_GROUP_CGR_DISPLAY_D0E19C54_V1,WAVE_03_EXP0015_EXP0016_EXP0017,BLOCKED,,false,false,sha256:ee774f8aa801713090a7e25f92feaea23a22914fd45fc42a380b7a5a8f01fa33
CTX_EXP0017_CYCLE_GROUP_CGR_ENGINE_DB8B0440_V1,WAVE_03_EXP0015_EXP0016_EXP0017,BLOCKED,,false,false,sha256:cda5d3e183458b466848f7b031b7203bf4cdc488087825851cef8717ac4a53da
CTX_EXP0017_CYCLE_GROUP_CGR_REFERENCEFIELD_C72586A2_V1,WAVE_03_EXP0015_EXP0016_EXP0017,BLOCKED,,false,false,sha256:472878e9e6911767f9374877961d77a36cd871e6543c271df397c28f2e5b99d9
CTX_EXP0017_CYCLE_GROUP_CGR_TYPES_E3DB16F0_V1,WAVE_03_EXP0015_EXP0016_EXP0017,BLOCKED,,false,false,sha256:763553f962e7305e3815166d120a57c72fd5c526512b22358a422b7aae573b3f
CTX_EXP0017_CYCLE_GROUP_CGS_AGGREGATOR_2F6F57D4_V1,WAVE_03_EXP0015_EXP0016_EXP0017,BLOCKED,,false,false,sha256:d9a9386117ba043aadb723ed00c5968e01c4aecd26ee53e346b8f138193edade
CTX_EXP0017_CYCLE_GROUP_CGS_CSVREADER_E78DECDF_V1,WAVE_03_EXP0015_EXP0016_EXP0017,BLOCKED,,false,false,sha256:9f55d8403e9fa8fe32494971b70691b8ac1d1bafed1ddebbc0417772937325b5
CTX_EXP0017_CYCLE_GROUP_CGS_DISPLAY_AE5C6BD6_V1,WAVE_03_EXP0015_EXP0016_EXP0017,BLOCKED,,false,false,sha256:c1f895571c2f489d5959105895ae7c61cf03d1d75de14730a11aac1799482b7a
CTX_EXP0017_CYCLE_GROUP_CGS_ENGINE_E147FE42_V1,WAVE_03_EXP0015_EXP0016_EXP0017,BLOCKED,,false,false,sha256:45d73551a06533911c9df76a58285e76709c6fa65e9b22e06fae44afb82a9dde
CTX_EXP0017_CYCLE_GROUP_CGS_LEDGER_49FE7F86_V1,WAVE_03_EXP0015_EXP0016_EXP0017,BLOCKED,,false,false,sha256:7eb93c363affecc88c738aec6a9afedaa3ecd0b8c72615d472db36d6654636a5
CTX_EXP0017_CYCLE_GROUP_CGS_TYPES_3CA0243A_V1,WAVE_03_EXP0015_EXP0016_EXP0017,BLOCKED,,false,false,sha256:c684cbf606f0cf2fbc46497559e2217116f2eaf8c9624b03173df1ba0128e816
CTX_EXP0017_CYCLE_GROUP_CGT_DISPLAY_C6A3D0A6_V1,WAVE_03_EXP0015_EXP0016_EXP0017,BLOCKED,,false,false,sha256:7a9b288269c7c41a761e60281048ef0f9665a01426bb10f941e3285540cd028e
CTX_EXP0017_CYCLE_GROUP_CGT_ENGINE_612B3A80_V1,WAVE_03_EXP0015_EXP0016_EXP0017,BLOCKED,,false,false,sha256:be1819bcff766cc1091ccb1288b1e776c86ac98263468d83d61e8026b780adc9
CTX_EXP0017_CYCLE_GROUP_CGT_TIME_2ADAB0C1_V1,WAVE_03_EXP0015_EXP0016_EXP0017,BLOCKED,,false,false,sha256:8e4bd7d6fcc82e5b8fbfc24611b8827508ee2288e6fe66bf95e3f6411fe5d82e
CTX_EXP0017_CYCLE_GROUP_CGT_TYPES_C69A0553_V1,WAVE_03_EXP0015_EXP0016_EXP0017,BLOCKED,,false,false,sha256:8db0ff3aee1200e706ff2020256188ebdca0be59cc6c82c09084e2d0b7c17d5b
CTX_EXP0017_CYCLE_GROUP_CGV_DISPLAY_EBD004F0_V1,WAVE_03_EXP0015_EXP0016_EXP0017,BLOCKED,,false,false,sha256:f90227077c4c4103d85f94250894204daddc1bb3016d4f32baa30b767c57d775
CTX_EXP0017_CYCLE_GROUP_CGV_ENGINE_4B0166EE_V1,WAVE_03_EXP0015_EXP0016_EXP0017,BLOCKED,,false,false,sha256:51f912a855a80420816ba96a0c575d2920e8b4144fe74c1d779d3ad743379596
CTX_EXP0017_CYCLE_GROUP_CGV_LEDGER_877FF49B_V1,WAVE_03_EXP0015_EXP0016_EXP0017,BLOCKED,,false,false,sha256:72f19d59e3f9efde2237fb48c4e94e3e0929df97539f4459a90e04fe43c5f56f
CTX_EXP0017_CYCLE_GROUP_CGV_TYPES_39427486_V1,WAVE_03_EXP0015_EXP0016_EXP0017,BLOCKED,,false,false,sha256:d6a5400f16e7abf41c7117a596be14217fbabb37e8bfec8f7b2c5db6e55d24e1
CTX_EXP0017_CYCLE_GROUP_CGWF_BASELINEMODEL_3D972C0D_V1,WAVE_03_EXP0015_EXP0016_EXP0017,BLOCKED,,false,false,sha256:0006a72f37b50f6b1dde328d8d33150318d6e59f2d0f549e05137a881ce61c73
CTX_EXP0017_CYCLE_GROUP_CGWF_CSVREADER_C05B3040_V1,WAVE_03_EXP0015_EXP0016_EXP0017,BLOCKED,,false,false,sha256:82245eda2d8222afa323eee9699f11f74629a23658bd2fdd11536f5af83368a4
CTX_EXP0017_CYCLE_GROUP_CGWF_DISPLAY_BFE568B2_V1,WAVE_03_EXP0015_EXP0016_EXP0017,BLOCKED,,false,false,sha256:68ad887e3b32f7e9b3429d7b900de440a88ca563615e4e5970325dc182bd0049
CTX_EXP0017_CYCLE_GROUP_CGWF_ENGINE_34DD1D48_V1,WAVE_03_EXP0015_EXP0016_EXP0017,BLOCKED,,false,false,sha256:187012f4f032b5cd5f5731fce2185852ccc6ec311a00615bdd32fe0127f2a885
CTX_EXP0017_CYCLE_GROUP_CGWF_LEDGER_138B1A66_V1,WAVE_03_EXP0015_EXP0016_EXP0017,BLOCKED,,false,false,sha256:2d568d5cfb966559e41b9cd5142fa161dc17c88e9ce0230956cf8d4b36c36a3d
CTX_EXP0017_CYCLE_GROUP_CGWF_SPLITTER_B43F4394_V1,WAVE_03_EXP0015_EXP0016_EXP0017,BLOCKED,,false,false,sha256:c43ae92077cd539eb8e9695f2e94d8cb0bd604b02a08371f40daa3a57e07261c
CTX_EXP0017_CYCLE_GROUP_CGWF_TYPES_19A7B8A1_V1,WAVE_03_EXP0015_EXP0016_EXP0017,BLOCKED,,false,false,sha256:b566858e046106e799fd86e38b4d7870074263775af6dbd53576dcac1b4de2b2
CTX_EXP0017_CYCLE_GROUP_CGX_AUDIT_9012DA94_V1,WAVE_03_EXP0015_EXP0016_EXP0017,BLOCKED,,false,false,sha256:8ec74f167de2191c60dbb94087f4e525d3a5cfa6ba3b1d98055e689f736c4459
CTX_EXP0017_CYCLE_GROUP_CGX_CLOSEDCANDLE_4444B0CD_V1,WAVE_03_EXP0015_EXP0016_EXP0017,BLOCKED,,false,false,sha256:02dec4c81840396e4a1d1eba942f028c8694309957d7ee065f636ff578564d18
CTX_EXP0017_CYCLE_GROUP_CGX_ENGINE_30868A24_V1,WAVE_03_EXP0015_EXP0016_EXP0017,BLOCKED,,false,false,sha256:89e907a276c33e67273e24662e1be957fb9099d5a485e227a3fdcb049b00a487
CTX_EXP0017_CYCLE_GROUP_CGX_TRADEENTITLEMENT_CB42CB08_V1,WAVE_03_EXP0015_EXP0016_EXP0017,BLOCKED,,false,false,sha256:04275a152ce2f3fb95cd98b6332afcea6fe5aa1feb57fffc988084ede34a44ef
CTX_EXP0017_CYCLE_GROUP_CGX_TRADEPLANNER_80530882_V1,WAVE_03_EXP0015_EXP0016_EXP0017,BLOCKED,,false,false,sha256:e4a2f671f1b2e612fc83974189c549d874343143905331531ed560e46edfbc4a
CTX_EXP0017_CYCLE_GROUP_CGX_TYPES_192B5BA2_V1,WAVE_03_EXP0015_EXP0016_EXP0017,BLOCKED,,false,false,sha256:40d5a72d812b2703a45656bfad31eddfe00606468f43fb2704ac9f82f2bdcde6
CTX_EXP0017_CYCLE_GROUP_CGX_UTILITIES_18C07BBD_V1,WAVE_03_EXP0015_EXP0016_EXP0017,BLOCKED,,false,false,sha256:f4cccd149a433dd88de173f452f72056aa9580d859a4e1e0d4797319b2d7f056
CTX_EXP0017_CYCLE_GROUP_CGX_VOLUMEMODEL_5C7644C4_V1,WAVE_03_EXP0015_EXP0016_EXP0017,BLOCKED,,false,false,sha256:45e392ba8646336b9ba4d5c35dd2dd80204a1f5639cdd922aff6c9f4cb0db0be
CTX_EXP0017_CYCLE_GROUP_EXP0017_CG_CONTROLLED_MODEL_COMPARISON_B_7F483D6F_V1,WAVE_03_EXP0015_EXP0016_EXP0017,BLOCKED,,false,false,sha256:c8054fc69f4d526297e597d23f0bc47d85749deb93b4bcf88af7c1aa55e9721d
CTX_EXP0017_CYCLE_GROUP_EXP0017_CG_RAW_EXECUTION_BACKTEST_7A592D5A_V1,WAVE_03_EXP0015_EXP0016_EXP0017,BLOCKED,,false,false,sha256:1c0ed1f1e5860eea2d1d9098896f647cfeec922434cd9a6f822941522048b7de
CTX_EXP0018_DAYE_TRADER_DAYE_HUNTAUDIT_00D0DAED_V1,WAVE_04_EXP0018_DAYE_TRADER,BLOCKED,,false,false,sha256:7d3d0d9a716bb9f2d67a284a4d02725fb57804f145998eb03af02456af0dda71
CTX_EXP0018_DAYE_TRADER_DAYE_HUNTCLASSIFIER_4791609A_V1,WAVE_04_EXP0018_DAYE_TRADER,BLOCKED,,false,false,sha256:c1dbd825ccb54344b6439f0368f7ba1a49ce8b7a8f2b51ca80e2e8514c44ec25
CTX_EXP0018_DAYE_TRADER_DAYE_HUNTENGINE_53905708_V1,WAVE_04_EXP0018_DAYE_TRADER,BLOCKED,,false,false,sha256:9e0311d904068e1df39515a07506614dc5984c578c7a906c303abb3d27e71acd
CTX_EXP0018_DAYE_TRADER_DAYE_HUNTEVENTS_192457CD_V1,WAVE_04_EXP0018_DAYE_TRADER,BLOCKED,,false,false,sha256:86fd56afd03d15d54aa313f691cb3465c293aad5ca74a78aeb8a0375ed96e9b5
CTX_EXP0018_DAYE_TRADER_DAYE_HUNTSELFTEST_795D1565_V1,WAVE_04_EXP0018_DAYE_TRADER,BLOCKED,,false,false,sha256:c5e0ce5db4749c97260f5b054c6f960dca4261f08b0b814d661f0817668e6e0c
CTX_EXP0018_DAYE_TRADER_DAYE_HUNTSTORE_5C0C8B13_V1,WAVE_04_EXP0018_DAYE_TRADER,BLOCKED,,false,false,sha256:246f13180129c6af99f178272ae99a87ffab89239d0d8fab549b7c54cd866eb8
CTX_EXP0018_DAYE_TRADER_DAYE_HUNTTYPES_708B8D2E_V1,WAVE_04_EXP0018_DAYE_TRADER,BLOCKED,,false,false,sha256:96c69997bbd9d1827f55feb953eb4e4bbe37feb0fd2b494bd37d069e38ef5e30
CTX_EXP0018_DAYE_TRADER_DAYE_LIFECYCLEAUDIT_04833489_V1,WAVE_04_EXP0018_DAYE_TRADER,BLOCKED,,false,false,sha256:096b0c771861c208f25eac49bc1dc450746218d02f27dadc49c4bb2fa604a8aa
CTX_EXP0018_DAYE_TRADER_DAYE_LIFECYCLECHECKPOINT_1EFBF0A3_V1,WAVE_04_EXP0018_DAYE_TRADER,BLOCKED,,false,false,sha256:d173f488540f3b292a800a6640d272da7e8297fbb9be6dc358a5daaf0f255fd9
CTX_EXP0018_DAYE_TRADER_DAYE_LIFECYCLEENGINE_E4B9BF3B_V1,WAVE_04_EXP0018_DAYE_TRADER,BLOCKED,,false,false,sha256:2041e63613e5860e8a6c7f1843e682f626b8da5dfe838e173db6d036e6850f48
CTX_EXP0018_DAYE_TRADER_DAYE_LIFECYCLEEVENTS_4507544F_V1,WAVE_04_EXP0018_DAYE_TRADER,BLOCKED,,false,false,sha256:cc2dba79da919beeedae088295df43735a494f56058b783fa3f0729a305eec20
CTX_EXP0018_DAYE_TRADER_DAYE_LIFECYCLEIDENTITY_202F1916_V1,WAVE_04_EXP0018_DAYE_TRADER,BLOCKED,,false,false,sha256:bf5ddfc754c31be54ca9af05af51c6f53cd30f95ed7eb28dccd01a7d7c063586
CTX_EXP0018_DAYE_TRADER_DAYE_LIFECYCLESELFTEST_1E164D40_V1,WAVE_04_EXP0018_DAYE_TRADER,BLOCKED,,false,false,sha256:7dcef940605b4cbc56f25fbb536744a3cb88bcfe223ee9a98aee001f4780cfed
CTX_EXP0018_DAYE_TRADER_DAYE_LIFECYCLESTATEMACHINE_F38273B5_V1,WAVE_04_EXP0018_DAYE_TRADER,BLOCKED,,false,false,sha256:4f2bbb773dcdd85efd222fa860b0c78e9fdd915995fefd3ace76c27106210b45
CTX_EXP0018_DAYE_TRADER_DAYE_LIFECYCLESTORE_6925733B_V1,WAVE_04_EXP0018_DAYE_TRADER,BLOCKED,,false,false,sha256:93aa5f9e5d6997233f0e98f87b2821b03c6d90e86b921248081c0fd055af7400
CTX_EXP0018_DAYE_TRADER_DAYE_LIFECYCLETYPES_6B4154FF_V1,WAVE_04_EXP0018_DAYE_TRADER,BLOCKED,,false,false,sha256:4583af5857258644d5fbc9ff381c76baaa093813fb53b2fb9021e9a5c8ed8fb7
CTX_EXP0018_DAYE_TRADER_DAYE_SESSIONBOXAUDIT_C0F8E160_V1,WAVE_04_EXP0018_DAYE_TRADER,BLOCKED,,false,false,sha256:4e93fb48b69b7537b3f18768dfb166975a27c6fded4da0f237daba382dcacf91
CTX_EXP0018_DAYE_TRADER_DAYE_SESSIONBOXCHARTRESOLVER_1DD90E47_V1,WAVE_04_EXP0018_DAYE_TRADER,BLOCKED,,false,false,sha256:e905d63262c34ff34b59b24222623f5cdc3c0511ba54c74c7710ae61d6b6d15c
CTX_EXP0018_DAYE_TRADER_DAYE_SESSIONBOXENGINE_0348DEDA_V1,WAVE_04_EXP0018_DAYE_TRADER,BLOCKED,,false,false,sha256:5eab1b737f31c23b8962f9977a3c30e1ff90434244ef3839ecdc508bd9b67ab4
CTX_EXP0018_DAYE_TRADER_DAYE_SESSIONBOXEVENTS_CC0BDAE1_V1,WAVE_04_EXP0018_DAYE_TRADER,BLOCKED,,false,false,sha256:d78dd7a18283a1da6bb51674ee4fb85d012615ee3c29e6b220754e4e317c298a
CTX_EXP0018_DAYE_TRADER_DAYE_SESSIONBOXGEOMETRY_66108964_V1,WAVE_04_EXP0018_DAYE_TRADER,BLOCKED,,false,false,sha256:16a905ea4f668a2674f9dda335828f803172ab46b7b3a8515f0a57986ca12ee4
CTX_EXP0018_DAYE_TRADER_DAYE_SESSIONBOXIDENTITY_FB0EA611_V1,WAVE_04_EXP0018_DAYE_TRADER,BLOCKED,,false,false,sha256:02132bd604a8a1a9f574621b35b3c0709494502be1865aa674cb3ed5661af846
CTX_EXP0018_DAYE_TRADER_DAYE_SESSIONBOXOBJECTMANAGER_FE491CC0_V1,WAVE_04_EXP0018_DAYE_TRADER,BLOCKED,,false,false,sha256:b20136f268ffa5f7f2283fc9d9f1950cc3e4d2f15a682e4bb616c0c02025e5ed
CTX_EXP0018_DAYE_TRADER_DAYE_SESSIONBOXPOLICY_8AF29486_V1,WAVE_04_EXP0018_DAYE_TRADER,BLOCKED,,false,false,sha256:bf37dc36526ad3e3083ae27c0ca29ffd89ee8a9683bdefedf5b40a067f02f8d3
CTX_EXP0018_DAYE_TRADER_DAYE_SESSIONBOXSELFTEST_14B01487_V1,WAVE_04_EXP0018_DAYE_TRADER,BLOCKED,,false,false,sha256:44d30895bdb1cf298dca3f8e4e43d510db636fef02e0c079edb99dadc2396894
CTX_EXP0018_DAYE_TRADER_DAYE_SESSIONBOXSTORE_F5089EBF_V1,WAVE_04_EXP0018_DAYE_TRADER,BLOCKED,,false,false,sha256:eb7d1606dbbe1fa5c24c795f543c53f409fadd721e149f5b5cd16fd94d69ce03
CTX_EXP0018_DAYE_TRADER_DAYE_SESSIONBOXTYPES_C5C9CA40_V1,WAVE_04_EXP0018_DAYE_TRADER,BLOCKED,,false,false,sha256:0bc38e90ad4b1f6bc9c025c32705c2bc543e50ff49c8921698611ab32c9bca30
CTX_EXP0018_DAYE_TRADER_VALIDATE_EXP0018_PHASE05_HUNT_OBSERVATIO_F70B4D51_V1,BLOCKED_UNRESOLVED,BLOCKED,,false,false,sha256:496b86469bcda0150c6f7c29c9e9c1b495d6e10e7e66794a15253a5b569d6dc9
CTX_EXP0018_DAYE_TRADER_VALIDATE_EXP0018_PHASE07_REFERENCE_LIFEC_8AAFFDEC_V1,BLOCKED_UNRESOLVED,BLOCKED,,false,false,sha256:0eed5f6a35370a2c62daab667239e45a0479c8f594dcfce0e257668dcdc8a8dd
CTX_EXP0018_DAYE_TRADER_VALIDATE_EXP0018_PHASE08_DIVERGENCE_DRAW_CD61590F_V1,BLOCKED_UNRESOLVED,BLOCKED,,false,false,sha256:ddc10113f4b2685816aa30ba0f3d2cc35810b55d2a108b541c19229c9fe46466
CTX_EXP0018_DAYE_TRADER_VALIDATE_EXP0018_PHASE09_SESSION_BOXES_V_6C399DC1_V1,BLOCKED_UNRESOLVED,BLOCKED,,false,false,sha256:a570d13c613e04ac3f310546cf3b861fa25a1dfb9ea03616b400b412a0cff6f8
CTX_EXP0019_FAERIE_PROTOCOL_FP_I02_STATEMACHINES_7CA36E93_V1,WAVE_05_EXP0019_FAERIE_PROTOCOL,BLOCKED,,false,false,sha256:7d633d2c073a773492c6664aba5f98fbe474a56762c1e49f924a6474fb46be9f
CTX_EXP0019_FAERIE_PROTOCOL_FP_I03_SESSIONCALENDAR_08F0FC63_V1,WAVE_05_EXP0019_FAERIE_PROTOCOL,BLOCKED,,false,false,sha256:37cb25f65f9b61ce27489212f759c37f11f7dbbd7a1aeff6ae1c5c0006c61bfb
CTX_EXP0019_FAERIE_PROTOCOL_FP_I03_SESSIONREGISTRY_20087248_V1,WAVE_05_EXP0019_FAERIE_PROTOCOL,BLOCKED,,false,false,sha256:d2e9ce2b82a78eebdc6b010330ec3c6adfc64f624a69d3e51349b46e9b4f35ba
CTX_EXP0019_FAERIE_PROTOCOL_FP_I06_HUNTADAPTER_55745888_V1,WAVE_05_EXP0019_FAERIE_PROTOCOL,BLOCKED,,false,false,sha256:3fd94e36dc07ee9c423438e39bd244628a818a41fc7132d0a2cdf2921e6d19b0
CTX_EXP0019_FAERIE_PROTOCOL_FP_I07_LIFECYCLEENGINE_EC57EC9E_V1,WAVE_05_EXP0019_FAERIE_PROTOCOL,BLOCKED,,false,false,sha256:c3f5f687e100eade465a1033bb2861373011d6dac201e65481b03d158e55eae4
CTX_EXP0019_FAERIE_PROTOCOL_FP_I15_ORDERLIFECYCLE_5CCF9B27_V1,WAVE_05_EXP0019_FAERIE_PROTOCOL,BLOCKED,,false,false,sha256:45419a1f11ca80f7061be6b7a5482e4f4b476ae7f6be8f7af5a64a5d08b8e07a
CTX_EXP0019_FAERIE_PROTOCOL_HUNT_CFFF67EC_V1,BLOCKED_UNRESOLVED,BLOCKED,,false,false,sha256:a3c49795fe5e3c5fdd9301216801dfb2a761091f64a73b6d6c7acb3489777d9c
CTX_EXP0019_FAERIE_PROTOCOL_LIFECYCLE_E9F7DFCF_V1,BLOCKED_UNRESOLVED,BLOCKED,,false,false,sha256:a9df2ab0b878bb79e1dd33b19b87b228ad4129a529635f37f3e7917e6a6c4a4e
CTX_FLAG_COUNTING_NDS_HOOK_ZONE_ANALYZE_NDS_HOOK_864_TESTER_LOG_2BF6681F_V1,BLOCKED_UNRESOLVED,BLOCKED,,false,false,sha256:56334e56e737d44ac0e5dabd12630a8355ee7cd328db96c159a12f56f3c9adc8
CTX_FLAG_COUNTING_NDS_HOOK_ZONE_COMPARE_NDS_HOOK_864_ACCELERATION_LOGS_3B08C531_V1,BLOCKED_UNRESOLVED,BLOCKED,,false,false,sha256:7df758ed6be70523866879729cf2f503b8f740a813106f80f7ce846254c2421d
CTX_FLAG_COUNTING_NDS_HOOK_ZONE_DAL_E0009HTF123HOOKENGINE_CB807B50_V1,WAVE_09_HIGH_RISK_COMPOSITE,BLOCKED,,false,false,sha256:3bf9324f210160642c6c60956dacf78c6900f5f2ac90368032c3d21fa407fcff
CTX_FLAG_COUNTING_NDS_HOOK_ZONE_FP_ACCEPTANCEAUDIT_C5EC3103_V1,WAVE_09_HIGH_RISK_COMPOSITE,BLOCKED,,false,false,sha256:9c7cec3d20f47839661462dd1e6eed825f68e485366adbd1e268d3905a0be3ae
CTX_FLAG_COUNTING_NDS_HOOK_ZONE_FP_ACCEPTANCERULES_24AB0F6F_V1,WAVE_09_HIGH_RISK_COMPOSITE,BLOCKED,,false,false,sha256:8f9d497750dcd98d40c95fc4787a8a1b9418474220ce15fecc207f250853d00c
CTX_FLAG_COUNTING_NDS_HOOK_ZONE_FP_ACCEPTANCETYPES_482E558C_V1,WAVE_09_HIGH_RISK_COMPOSITE,BLOCKED,,false,false,sha256:6c9ad21ae66ace2e8e7cf89c0d76ff02b9c3f824fc5389a68c906624c84ef391
CTX_FLAG_COUNTING_NDS_HOOK_ZONE_FP_AMBIGUITYAUDIT_04CEEA21_V1,WAVE_09_HIGH_RISK_COMPOSITE,BLOCKED,,false,false,sha256:5b8b247487ba0dd9ab5a9799b633570875bb2db0fad37229227392e6ed04adcc
CTX_FLAG_COUNTING_NDS_HOOK_ZONE_FP_AMBIGUITYRULES_0DAD0723_V1,WAVE_09_HIGH_RISK_COMPOSITE,BLOCKED,,false,false,sha256:f99b5c1ddeeabbcfcafe193ccd2d9dfc0bab1e255924d84d2ed52eded5ef62d0
CTX_FLAG_COUNTING_NDS_HOOK_ZONE_FP_AMBIGUITYTYPES_B3D9FFC3_V1,WAVE_09_HIGH_RISK_COMPOSITE,BLOCKED,,false,false,sha256:77d3fbc1506cf6cd23c1a23d7a816d88ebb800f250df3e056ed81d85f96db39d
CTX_FLAG_COUNTING_NDS_HOOK_ZONE_FP_AUDIT_0E8AA8E0_V1,WAVE_09_HIGH_RISK_COMPOSITE,BLOCKED,,false,false,sha256:e8c76f844f7c5bc10c98e30477edbde20c757e79b95d4bb16a410f829cbed895
CTX_FLAG_COUNTING_NDS_HOOK_ZONE_FP_BARSNAPSHOT_B8A056B6_V1,WAVE_09_HIGH_RISK_COMPOSITE,BLOCKED,,false,false,sha256:3ae8a3b8dd1f8770b621996c01c183952b66ddd440699877c627966fb129f622
CTX_FLAG_COUNTING_NDS_HOOK_ZONE_FP_BROKERDRYRUNENGINE_10FC86C7_V1,WAVE_09_HIGH_RISK_COMPOSITE,BLOCKED,,false,false,sha256:a4c3316b3733fe76316cb1264596eceb4964c589c99d9a68f78e1fbadb4c36f1
CTX_FLAG_COUNTING_NDS_HOOK_ZONE_FP_BROKERDRYRUNEXPORT_7B391A83_V1,WAVE_09_HIGH_RISK_COMPOSITE,BLOCKED,,false,false,sha256:47e743f08eb6c1dba9e50ff177cfe6679ceed7b787ffbf25175b1c00021a6fa4
CTX_FLAG_COUNTING_NDS_HOOK_ZONE_FP_BROKERDRYRUNRULES_92C21B3A_V1,WAVE_09_HIGH_RISK_COMPOSITE,BLOCKED,,false,false,sha256:fbd2fcd1dc3f7fd37f25549c5e8d4ff797eaf2e70835763a95069adcda973b81
CTX_FLAG_COUNTING_NDS_HOOK_ZONE_FP_BROKERREQUESTAUDITENGINE_37A5EE92_V1,WAVE_09_HIGH_RISK_COMPOSITE,BLOCKED,,false,false,sha256:5405ecb831db94b62ce3d437972abdebce6af30a9237ea92da4b58e18d07ade5
CTX_FLAG_COUNTING_NDS_HOOK_ZONE_FP_BROKERREQUESTAUDITEXPORT_074D97C9_V1,WAVE_09_HIGH_RISK_COMPOSITE,BLOCKED,,false,false,sha256:a0be03ee1dc5f724c840c3f84a25faea32959222d34e7e27f38d6e31a7ee74a6
CTX_FLAG_COUNTING_NDS_HOOK_ZONE_FP_BROKERREQUESTAUDITRULES_82E2AFE4_V1,WAVE_09_HIGH_RISK_COMPOSITE,BLOCKED,,false,false,sha256:752ce0e4265b67131f1d26650ea969feb4cff5a7c9dc27c4b0158f469783cd78
CTX_FLAG_COUNTING_NDS_HOOK_ZONE_FP_BROKERREQUESTLEDGERENGINE_EE339062_V1,WAVE_09_HIGH_RISK_COMPOSITE,BLOCKED,,false,false,sha256:cd3bb63095411b7cf6c1a814d28a27aead7a5945770d25e6dfc57ef4587c7857
CTX_FLAG_COUNTING_NDS_HOOK_ZONE_FP_BROKERREQUESTLEDGEREXPORT_EFEB26CA_V1,WAVE_09_HIGH_RISK_COMPOSITE,BLOCKED,,false,false,sha256:84cdcfe593513d909e5c6c06d88c4889e3d28de7c6d7d730ea309d76a928e918
CTX_FLAG_COUNTING_NDS_HOOK_ZONE_FP_BROKERREQUESTLEDGERRULES_92DB7324_V1,WAVE_09_HIGH_RISK_COMPOSITE,BLOCKED,,false,false,sha256:4e79d9652f3e511125154804ebd4fa98daed63c4c6dafae9e62b8659830eab0a
CTX_FLAG_COUNTING_NDS_HOOK_ZONE_FP_BROKERVALIDATORENGINE_7B453EDB_V1,WAVE_09_HIGH_RISK_COMPOSITE,BLOCKED,,false,false,sha256:539f0de422e83532cd34ccf8d352e77ad703126e3d72e5373f87822e02cb3647
CTX_FLAG_COUNTING_NDS_HOOK_ZONE_FP_BROKERVALIDATOREXPORT_3B0F7F5B_V1,WAVE_09_HIGH_RISK_COMPOSITE,BLOCKED,,false,false,sha256:943a7f08587b2e2c0dbca8fca833da6146817740dbe8b47cc6ac79e3bb1874d3
CTX_FLAG_COUNTING_NDS_HOOK_ZONE_FP_BROKERVALIDATORRULES_DA7724CC_V1,WAVE_09_HIGH_RISK_COMPOSITE,BLOCKED,,false,false,sha256:620d8e39bca143c2357e915461aa151ee3738729a11762de7d00f209bc30d9ee
CTX_FLAG_COUNTING_NDS_HOOK_ZONE_FP_CANONICALAUDIT_090CDED8_V1,WAVE_09_HIGH_RISK_COMPOSITE,BLOCKED,,false,false,sha256:14a1be75fe2fc7ffcf7aecab2d2ae6a0073a4cee6a4425be6b4f8b8325c5deff
CTX_FLAG_COUNTING_NDS_HOOK_ZONE_FP_CANONICALIZER_22224C08_V1,WAVE_09_HIGH_RISK_COMPOSITE,BLOCKED,,false,false,sha256:1eb0098a3e2814eb6bc5e2ed0349dfb363e0392d60aec9ecac32386d7cfc2d51
CTX_FLAG_COUNTING_NDS_HOOK_ZONE_FP_CANONICALRULES_5EA0A257_V1,WAVE_09_HIGH_RISK_COMPOSITE,BLOCKED,,false,false,sha256:c7dbe1ae8edac6cc8ee83d22d8f47444d8f303d0fcf69c1a3126182603d93a62
CTX_FLAG_COUNTING_NDS_HOOK_ZONE_FP_CANONICALTYPES_647744EA_V1,WAVE_09_HIGH_RISK_COMPOSITE,BLOCKED,,false,false,sha256:12749bc478241c13730a7b7adc4e503acd4507162e608ebb6cd72b3c5d1f123f
CTX_FLAG_COUNTING_NDS_HOOK_ZONE_FP_EXPORTENGINE_A2B850F1_V1,WAVE_09_HIGH_RISK_COMPOSITE,BLOCKED,,false,false,sha256:5cff27af32ad37ea0f0583a0eae87c575d132531f7e850afb915387fe6a3ed5c
CTX_FLAG_COUNTING_NDS_HOOK_ZONE_FP_EXPORTROWS_8C86C20D_V1,WAVE_09_HIGH_RISK_COMPOSITE,BLOCKED,,false,false,sha256:4a3f8965f7e996327b75fcadde49fcaf891482e6abfe2b120538d18094967fc2
CTX_FLAG_COUNTING_NDS_HOOK_ZONE_FP_EXPORTTYPES_ADC5DCEE_V1,WAVE_09_HIGH_RISK_COMPOSITE,BLOCKED,,false,false,sha256:eaf31890dce95f007d5939f57275a74444966dfe16d6f34fdce9cb8099de7cad
CTX_FLAG_COUNTING_NDS_HOOK_ZONE_FP_F1LIFECYCLEAUDIT_4493FFAB_V1,WAVE_09_HIGH_RISK_COMPOSITE,BLOCKED,,false,false,sha256:5e88f1adf17f778a9ea21af00fdb44509092bb401d8ccfa4b60a7c5fe4f2645e
CTX_FLAG_COUNTING_NDS_HOOK_ZONE_FP_F1LIFECYCLEENGINE_4D26876C_V1,WAVE_09_HIGH_RISK_COMPOSITE,BLOCKED,,false,false,sha256:26d55320be9d3aed490f2c43d276a834568a2f4994813832b55507cf9cc7c63d
CTX_FLAG_COUNTING_NDS_HOOK_ZONE_FP_F1LIFECYCLERULES_F7582842_V1,WAVE_09_HIGH_RISK_COMPOSITE,BLOCKED,,false,false,sha256:e6a6c6b7f86f3d364ebca4e01c93fe7ef2d928b23972a6a5c77ec43ee77c0271
CTX_FLAG_COUNTING_NDS_HOOK_ZONE_FP_F2LIFECYCLEAUDIT_67714ED5_V1,WAVE_09_HIGH_RISK_COMPOSITE,BLOCKED,,false,false,sha256:ec2bdf014c00b03e66c9b8fb233c2dc08622b07dfadfd525c73d4ea145cb01b7
CTX_FLAG_COUNTING_NDS_HOOK_ZONE_FP_F2LIFECYCLEENGINE_FCCCC1F9_V1,WAVE_09_HIGH_RISK_COMPOSITE,BLOCKED,,false,false,sha256:c8418269f09e4cbb2883d0baac566e3aa124ee634463a26ca01be0185192bd8e
CTX_FLAG_COUNTING_NDS_HOOK_ZONE_FP_F2LIFECYCLERULES_FDCBA47F_V1,WAVE_09_HIGH_RISK_COMPOSITE,BLOCKED,,false,false,sha256:e44dbe2e66799cd44eb72f9044dfd5bcff41a965f05e02d939a419007b43350e
CTX_FLAG_COUNTING_NDS_HOOK_ZONE_FP_F3LIFECYCLEAUDIT_4ED707A6_V1,WAVE_09_HIGH_RISK_COMPOSITE,BLOCKED,,false,false,sha256:24e5b5bda48881db8debb7524f14d5c7e5176e4580e5ebd75047db10bb910e6f
CTX_FLAG_COUNTING_NDS_HOOK_ZONE_FP_F3LIFECYCLEENGINE_0EF04966_V1,WAVE_09_HIGH_RISK_COMPOSITE,BLOCKED,,false,false,sha256:7e7277567d639b847cf815e6615b61ed0853b433e18623652784ff7e6a7b0ec2
CTX_FLAG_COUNTING_NDS_HOOK_ZONE_FP_F3LIFECYCLERULES_7F986616_V1,WAVE_09_HIGH_RISK_COMPOSITE,BLOCKED,,false,false,sha256:3f4faa898ce55716f8ae82a2c1c0e002cd72f1f67bb8145c82a098cbc77f6de0
CTX_FLAG_COUNTING_NDS_HOOK_ZONE_FP_FINALCSVNORMALIZATIONEXPORT_E0F50558_V1,WAVE_09_HIGH_RISK_COMPOSITE,BLOCKED,,false,false,sha256:72693532566a8ba616966c031527d324a291198d036db00647bd1f3c3d3f1241
CTX_FLAG_COUNTING_NDS_HOOK_ZONE_FP_FINALCSVNORMALIZATIONRULES_FD4C2243_V1,WAVE_09_HIGH_RISK_COMPOSITE,BLOCKED,,false,false,sha256:ce0448baca8653c4e1a86b84d9a6447676725a4603979b1b77b0b394fe37768f
CTX_FLAG_COUNTING_NDS_HOOK_ZONE_FP_FINALDECISIONSTATEEXPORT_FB05E0E5_V1,WAVE_09_HIGH_RISK_COMPOSITE,BLOCKED,,false,false,sha256:57016f72d7c459d075c27c172259cac86ee58c389542c31695a1ca06418b709b
CTX_FLAG_COUNTING_NDS_HOOK_ZONE_FP_FINALDECISIONSTATERULES_E896757F_V1,WAVE_09_HIGH_RISK_COMPOSITE,BLOCKED,,false,false,sha256:f33c846db9b6e246dfebae9ace3a058b95f26901808ffe1cecd438b36c0afb86
CTX_FLAG_COUNTING_NDS_HOOK_ZONE_FP_FLAGBODYAUDIT_18A82070_V1,WAVE_09_HIGH_RISK_COMPOSITE,BLOCKED,,false,false,sha256:334b4f90819222ea08082ae7b6f49f586cb49579812a088e49596dae6dbe55fd
CTX_FLAG_COUNTING_NDS_HOOK_ZONE_FP_FLAGBODYENGINE_AE96D52C_V1,WAVE_09_HIGH_RISK_COMPOSITE,BLOCKED,,false,false,sha256:6d05ca87cb80c25c64dc608ef7aec216c936ddba390730de88a4ce9d39c68b3b
CTX_FLAG_COUNTING_NDS_HOOK_ZONE_FP_FLAGBODYRULES_C75D1F19_V1,WAVE_09_HIGH_RISK_COMPOSITE,BLOCKED,,false,false,sha256:958c5870558002238ab657c8656c0fec41f64e4fae6eced51a56d876ff39ad75
CTX_FLAG_COUNTING_NDS_HOOK_ZONE_FP_HOOKAUDIT_51185FCA_V1,WAVE_09_HIGH_RISK_COMPOSITE,BLOCKED,,false,false,sha256:65d0f11a9f2f456b3f5bb1dd6336c779cc9823f0d74d84ebd1f503de7feccd32
CTX_FLAG_COUNTING_NDS_HOOK_ZONE_FP_HOOKCONTEXT_7992183A_V1,WAVE_09_HIGH_RISK_COMPOSITE,BLOCKED,,false,false,sha256:7e4ad6d34639f939fff490e44db1094e6cca049732e6239a7c598d63e5f1b5cd
CTX_FLAG_COUNTING_NDS_HOOK_ZONE_FP_HOOKENGINE_6BFD25FB_V1,WAVE_09_HIGH_RISK_COMPOSITE,BLOCKED,,false,false,sha256:9ae9d60bde09870e192d58efec0f42aa1c5b785a133847c0a3873a864e1300fe
CTX_FLAG_COUNTING_NDS_HOOK_ZONE_FP_HOOKPHASE01ENGINE_9D1D4C0F_V1,WAVE_09_HIGH_RISK_COMPOSITE,BLOCKED,,false,false,sha256:d784c08f0208de8b314a14902571bafd4cee48824ccc7ec17c15dd8514da2426
CTX_FLAG_COUNTING_NDS_HOOK_ZONE_FP_HOOKPHASE01EXPORT_AE51A089_V1,WAVE_09_HIGH_RISK_COMPOSITE,BLOCKED,,false,false,sha256:44e84ab9f6095c2f4e742e24c7eb02b964980b94d3f7e150401cd4c394901fde
CTX_FLAG_COUNTING_NDS_HOOK_ZONE_FP_HOOKPHASE01RULES_FECF8C5B_V1,WAVE_09_HIGH_RISK_COMPOSITE,BLOCKED,,false,false,sha256:f8c0b4ab68c0b8a0ffe0e5189e55ab5dd663e10def5a1c2484f21ca9bdd615dc
CTX_FLAG_COUNTING_NDS_HOOK_ZONE_FP_HOOKPHASE01TYPES_3258CC26_V1,WAVE_09_HIGH_RISK_COMPOSITE,BLOCKED,,false,false,sha256:59ff45d6fa13b469f8758a0c20f465814efd643d89fbe456d5da846f08a508db
CTX_FLAG_COUNTING_NDS_HOOK_ZONE_FP_HOOKPHASE02DETECTIONCORE_ADD6078D_V1,WAVE_09_HIGH_RISK_COMPOSITE,BLOCKED,,false,false,sha256:626f8a44ab99912caef1fabd6f9944068fe6e6c47a7742d5bc751f1409de7eab
CTX_FLAG_COUNTING_NDS_HOOK_ZONE_FP_HOOKPHASE02ENGINE_A107C0C1_V1,WAVE_09_HIGH_RISK_COMPOSITE,BLOCKED,,false,false,sha256:4dbb672016d65da6f1f89286ea59ad709bd5002b563471cf34b4453a58354220
CTX_FLAG_COUNTING_NDS_HOOK_ZONE_FP_HOOKPHASE02EXPORT_A584EA52_V1,WAVE_09_HIGH_RISK_COMPOSITE,BLOCKED,,false,false,sha256:d42368a85f52fbf315add21e98c616a053cfb853420310a66de4bb1df124364c
CTX_FLAG_COUNTING_NDS_HOOK_ZONE_FP_HOOKPHASE02RULES_C1B121E9_V1,WAVE_09_HIGH_RISK_COMPOSITE,BLOCKED,,false,false,sha256:61aa000f475676c3549375d41591aed936ec4fcdc795bb99bf67496511971029
CTX_FLAG_COUNTING_NDS_HOOK_ZONE_FP_HOOKPHASE02TYPES_2A17D67A_V1,WAVE_09_HIGH_RISK_COMPOSITE,BLOCKED,,false,false,sha256:8a190c01880e55d112d54f2a8618a376ea38ec434fce309a0f64da0038eab2d6
CTX_FLAG_COUNTING_NDS_HOOK_ZONE_FP_HOOKPHASE03ENGINE_4F4F9AA9_V1,WAVE_09_HIGH_RISK_COMPOSITE,BLOCKED,,false,false,sha256:d5adda03f55ade7dc484d31dbc12f226fe2aae3833e27cd74ae816e42fec3907
CTX_FLAG_COUNTING_NDS_HOOK_ZONE_FP_HOOKPHASE03EXPORT_9FB3FC79_V1,WAVE_09_HIGH_RISK_COMPOSITE,BLOCKED,,false,false,sha256:9ea5e76d7d12980bbd2bd3c3144dc0c16fcfb12169e6b37408960701a014b339
CTX_FLAG_COUNTING_NDS_HOOK_ZONE_FP_HOOKPHASE03RULES_5CBD6A09_V1,WAVE_09_HIGH_RISK_COMPOSITE,BLOCKED,,false,false,sha256:8ae6acf85b9900f328d0edd47dbe208d0cdcb60b0525b0303fa6e9477d95d67e
CTX_FLAG_COUNTING_NDS_HOOK_ZONE_FP_HOOKPHASE03TYPES_4284B50E_V1,WAVE_09_HIGH_RISK_COMPOSITE,BLOCKED,,false,false,sha256:02b7200daab0c7c435a4428fc44af773995ebaba36be5a288910e864a0e11f7a
CTX_FLAG_COUNTING_NDS_HOOK_ZONE_FP_HOOKPHASE04ENGINE_D69E1049_V1,WAVE_09_HIGH_RISK_COMPOSITE,BLOCKED,,false,false,sha256:c325f7425bc0a5ae39763e3d52c28066d1640a3a8c6fb96955a5eceb8ccbe618
CTX_FLAG_COUNTING_NDS_HOOK_ZONE_FP_HOOKPHASE04EXPORT_4AFF0D44_V1,WAVE_09_HIGH_RISK_COMPOSITE,BLOCKED,,false,false,sha256:83a0495f9ae783f617b6fae04dcd679b4683afc992d90915394a5fff1c807ff9
CTX_FLAG_COUNTING_NDS_HOOK_ZONE_FP_HOOKPHASE04RULES_4B66D200_V1,WAVE_09_HIGH_RISK_COMPOSITE,BLOCKED,,false,false,sha256:bdaca9a535c32341f53773c5eba735cb866e1b7a7d361928dbfe2141605bad68
CTX_FLAG_COUNTING_NDS_HOOK_ZONE_FP_HOOKPHASE04TYPES_A3861803_V1,WAVE_09_HIGH_RISK_COMPOSITE,BLOCKED,,false,false,sha256:a93a81859b255a2ffeb32e67cab4daaab7a2dba30800a1cfea6485afcbe79363
CTX_FLAG_COUNTING_NDS_HOOK_ZONE_FP_HOOKPHASE05ENGINE_19C1BC95_V1,WAVE_09_HIGH_RISK_COMPOSITE,BLOCKED,,false,false,sha256:39bf7f5e7ec3cb50b1aa6bac8074cb4274835ba218ff29e913106c6dd034f45b
CTX_FLAG_COUNTING_NDS_HOOK_ZONE_FP_HOOKPHASE05EXPORT_1C97F8F7_V1,WAVE_09_HIGH_RISK_COMPOSITE,BLOCKED,,false,false,sha256:1e769759c745290db3c04499dad92d0c05b20b8983fc8b2a4958c3d047caf694
CTX_FLAG_COUNTING_NDS_HOOK_ZONE_FP_HOOKPHASE05RULES_4A55F1DF_V1,WAVE_09_HIGH_RISK_COMPOSITE,BLOCKED,,false,false,sha256:3460bbbaae6e5507c00e6389424517d547a868df796c14dbf008d5bcded7161d
CTX_FLAG_COUNTING_NDS_HOOK_ZONE_FP_HOOKPHASE05TYPES_4D5F45BF_V1,WAVE_09_HIGH_RISK_COMPOSITE,BLOCKED,,false,false,sha256:40a3fbe8540608f7c55ac84e4acce3c948d811079369720652f16b5b6782975a
CTX_FLAG_COUNTING_NDS_HOOK_ZONE_FP_HOOKPHASE06ENGINE_60671B23_V1,WAVE_09_HIGH_RISK_COMPOSITE,BLOCKED,,false,false,sha256:f1c1798d826cf65ba3e70bb2bb70bc1dfec973716426e2f04bc2f985fb401645
CTX_FLAG_COUNTING_NDS_HOOK_ZONE_FP_HOOKPHASE06EXPORT_CC5767CB_V1,WAVE_09_HIGH_RISK_COMPOSITE,BLOCKED,,false,false,sha256:417759c5700fe77d782e2cbb6618ebc10317071eaa675dc1caa922ac5d5afe12
CTX_FLAG_COUNTING_NDS_HOOK_ZONE_FP_HOOKPHASE06RULES_43DB1561_V1,WAVE_09_HIGH_RISK_COMPOSITE,BLOCKED,,false,false,sha256:2b50bdc9def76cbe832f2848a38d3c276c32eefc263c22b0f277a4081e440ab4
CTX_FLAG_COUNTING_NDS_HOOK_ZONE_FP_HOOKPHASE06TYPES_F8303DB8_V1,WAVE_09_HIGH_RISK_COMPOSITE,BLOCKED,,false,false,sha256:768a5b0cc824eae5b9f810acc6094862c8d2e0f58c9a0fb438f50ed8eaa0a5a4
CTX_FLAG_COUNTING_NDS_HOOK_ZONE_FP_HOOKPHASE07ENGINE_AE628414_V1,WAVE_09_HIGH_RISK_COMPOSITE,BLOCKED,,false,false,sha256:0023238d36a9cf475a0c5136aeb8f6d2d9c5a831427f83703cd7d95033e662d2
CTX_FLAG_COUNTING_NDS_HOOK_ZONE_FP_HOOKPHASE07EXPORT_2EFA32F5_V1,WAVE_09_HIGH_RISK_COMPOSITE,BLOCKED,,false,false,sha256:e2e97a8b2d5998d41cdbfca46220ad9413f5755af80b05e8769b0718a273494c
CTX_FLAG_COUNTING_NDS_HOOK_ZONE_FP_HOOKPHASE07RULES_F32B22D5_V1,WAVE_09_HIGH_RISK_COMPOSITE,BLOCKED,,false,false,sha256:69c7dad0fcc96b9cba6349510fc66ef4f8be013a5f6d86324604f5e4df519d01
CTX_FLAG_COUNTING_NDS_HOOK_ZONE_FP_HOOKPHASE07TYPES_C6A8041C_V1,WAVE_09_HIGH_RISK_COMPOSITE,BLOCKED,,false,false,sha256:21aa54a1ce6207bf0812685aed895ba87c1c441d54f7c790c6cfde92ef5c78b5
CTX_FLAG_COUNTING_NDS_HOOK_ZONE_FP_HOOKPHASE08ENGINE_1BC69C87_V1,WAVE_09_HIGH_RISK_COMPOSITE,BLOCKED,,false,false,sha256:fe2aa1f95186835e720aac27d7f05df230ecea9032cbb522a0faf0636cc30a66
CTX_FLAG_COUNTING_NDS_HOOK_ZONE_FP_HOOKPHASE08EXPORT_9C3E0F11_V1,WAVE_09_HIGH_RISK_COMPOSITE,BLOCKED,,false,false,sha256:8b81c552021bc1b429d92b9a63015183d4aa02bfdacdf7f9f7e2e2cd141ce05f
CTX_FLAG_COUNTING_NDS_HOOK_ZONE_FP_HOOKPHASE08RULES_44EE95E7_V1,WAVE_09_HIGH_RISK_COMPOSITE,BLOCKED,,false,false,sha256:5b547fa19f7d81c20861e7e4b9d443807d4c160fbb7516ad2629c1219c776fae
CTX_FLAG_COUNTING_NDS_HOOK_ZONE_FP_HOOKPHASE08TYPES_B7033F19_V1,WAVE_09_HIGH_RISK_COMPOSITE,BLOCKED,,false,false,sha256:34e5adef349890214b81eb493dff2d352bb0c2205c6432c3f9990d1f9c2445bc
CTX_FLAG_COUNTING_NDS_HOOK_ZONE_FP_HOOKPHASE09ENGINE_70784B1F_V1,WAVE_09_HIGH_RISK_COMPOSITE,BLOCKED,,false,false,sha256:bd52c57c8c073c8f4bd216f1712421214ee3cee6c81bff59c19fe716477079e2
CTX_FLAG_COUNTING_NDS_HOOK_ZONE_FP_HOOKPHASE09EXPORT_4B2808AC_V1,WAVE_09_HIGH_RISK_COMPOSITE,BLOCKED,,false,false,sha256:ad29fbf5484a2ca5f843cd04ebaa10c6c59f801a2e992851eba59cfe5e3a9d68
CTX_FLAG_COUNTING_NDS_HOOK_ZONE_FP_HOOKPHASE09RULES_8A0CD11A_V1,WAVE_09_HIGH_RISK_COMPOSITE,BLOCKED,,false,false,sha256:195dc4107e54b70d87753eb47be113ff2a1f554c2f08c63d50280f67f08487f8
CTX_FLAG_COUNTING_NDS_HOOK_ZONE_FP_HOOKPHASE09TYPES_6AF406E6_V1,WAVE_09_HIGH_RISK_COMPOSITE,BLOCKED,,false,false,sha256:47f8c8a65fca79cbdd43040b727d36fc690ed19ddc962c4401b07df762dcd27b
CTX_FLAG_COUNTING_NDS_HOOK_ZONE_FP_HOOKPHASE10ENGINE_260213EC_V1,WAVE_09_HIGH_RISK_COMPOSITE,BLOCKED,,false,false,sha256:6f936cf5e557cfb1a38e5999d7204bdc437a4f489daae33c2406d78276b9813b
CTX_FLAG_COUNTING_NDS_HOOK_ZONE_FP_HOOKPHASE10EXPORT_6E63F743_V1,WAVE_09_HIGH_RISK_COMPOSITE,BLOCKED,,false,false,sha256:c4e5037c1be96cf465ea048b095d252de32a20b7f26bbf5a0720840b3ba625aa
CTX_FLAG_COUNTING_NDS_HOOK_ZONE_FP_HOOKPHASE10RULES_135B2B56_V1,WAVE_09_HIGH_RISK_COMPOSITE,BLOCKED,,false,false,sha256:eb5f66e21e2554b493ad5a196b1fab650ebe8605393a909833d22187b459e138
CTX_FLAG_COUNTING_NDS_HOOK_ZONE_FP_HOOKPHASE10TYPES_9FBDD94B_V1,WAVE_09_HIGH_RISK_COMPOSITE,BLOCKED,,false,false,sha256:90317e8df5ceb182e630e584548a03b6d0e84455b60639c7541ef0773ec838b3
CTX_FLAG_COUNTING_NDS_HOOK_ZONE_FP_IDENTITYAUDIT_FB6D71A5_V1,WAVE_09_HIGH_RISK_COMPOSITE,BLOCKED,,false,false,sha256:640bb355ab9efeb1f0c794b3cf27614960076255785f1a09558980e48aa7bc6a
CTX_FLAG_COUNTING_NDS_HOOK_ZONE_FP_IDENTITY_60C41F89_V1,WAVE_09_HIGH_RISK_COMPOSITE,BLOCKED,,false,false,sha256:85bd85f6029ec77c1078f80612b3375e4c4db21581c5cc1796b104caa33cd8b0
CTX_FLAG_COUNTING_NDS_HOOK_ZONE_FP_INTERFACEAUDIT_722028D5_V1,WAVE_09_HIGH_RISK_COMPOSITE,BLOCKED,,false,false,sha256:dd6dc91c214f781ba3cd78c7c7380f1a983fcbc61b116df5b55a5659e2a19fc5
CTX_FLAG_COUNTING_NDS_HOOK_ZONE_FP_INTERFACERULES_6C332479_V1,WAVE_09_HIGH_RISK_COMPOSITE,BLOCKED,,false,false,sha256:1bdbf553b8a3b0979b1f58bd631bebafce2212553aec234f599bdffda04cb644
CTX_FLAG_COUNTING_NDS_HOOK_ZONE_FP_INTERFACETYPES_2BF59584_V1,WAVE_09_HIGH_RISK_COMPOSITE,BLOCKED,,false,false,sha256:51dee49ac601ec5771d75aec840fadf6f098656f369f0aeb8dae494d0e44caf3
CTX_FLAG_COUNTING_NDS_HOOK_ZONE_FP_INTERNALCOUNTAUDIT_A30589C5_V1,WAVE_09_HIGH_RISK_COMPOSITE,BLOCKED,,false,false,sha256:9f896c15da45fe8303ecabeca4c45f025128c480766943c58f828c1410277c7d
CTX_FLAG_COUNTING_NDS_HOOK_ZONE_FP_INTERNALCOUNTENGINE_35FEA409_V1,WAVE_09_HIGH_RISK_COMPOSITE,BLOCKED,,false,false,sha256:1711b3d154fb094cc7a26a25750031f978711ff4c0059b40122bd1d595700676
CTX_FLAG_COUNTING_NDS_HOOK_ZONE_FP_INTERNALCOUNTRULES_CB659730_V1,WAVE_09_HIGH_RISK_COMPOSITE,BLOCKED,,false,false,sha256:4f9a61b630b7ab15d4ff48813597559e5c075f2bfe6a17be0cb805db0ad67894
CTX_FLAG_COUNTING_NDS_HOOK_ZONE_FP_LICENSEAUDIT_913DE19F_V1,WAVE_09_HIGH_RISK_COMPOSITE,BLOCKED,,false,false,sha256:f058121ea5325b1ec995c6bc0007df777038e4d98a1d81fbb46973233eb581a4
CTX_FLAG_COUNTING_NDS_HOOK_ZONE_FP_LICENSECRYPTO_51982893_V1,WAVE_09_HIGH_RISK_COMPOSITE,BLOCKED,,false,false,sha256:c24589de6e91c5a900a13b2394f20c8176f62f4a9f592c3fe991273f0a2ca0e7
CTX_FLAG_COUNTING_NDS_HOOK_ZONE_FP_LICENSETYPES_2141B7D2_V1,WAVE_09_HIGH_RISK_COMPOSITE,BLOCKED,,false,false,sha256:a51b9aabebdcc8d8a594365283baa7638976410624be19b5639382211390d3aa
CTX_FLAG_COUNTING_NDS_HOOK_ZONE_FP_NDSBACKTESTENGINE_B7A6BB08_V1,WAVE_09_HIGH_RISK_COMPOSITE,BLOCKED,,false,false,sha256:6de6f1db98d6f063141f6edc1c1a6ab57f4b20206a96c83fe5fc6c38af8ea351
CTX_FLAG_COUNTING_NDS_HOOK_ZONE_FP_NDSBACKTESTTYPES_BA580D7B_V1,WAVE_09_HIGH_RISK_COMPOSITE,BLOCKED,,false,false,sha256:703896e44d0d247bd632a69282e48ada3eecea6c0a40835be0a342a5014857d1
CTX_FLAG_COUNTING_NDS_HOOK_ZONE_FP_NDSF2FASTDETECTOR_63F9FAD9_V1,WAVE_09_HIGH_RISK_COMPOSITE,BLOCKED,,false,false,sha256:b0f229701c064185b41566067d62c35996dd4c1608401d499da7cf823ac299db
CTX_FLAG_COUNTING_NDS_HOOK_ZONE_FP_NDSF2HIGHERTIMEFRAMEPHASEFILTER_A010F9F7_V1,WAVE_09_HIGH_RISK_COMPOSITE,BLOCKED,,false,false,sha256:c22c5d9281db044870652fa25b8773dd080324a947b69f437ce9b3f0350bdfe1
CTX_FLAG_COUNTING_NDS_HOOK_ZONE_FP_NDSF2WAISTBACKTESTENGINE_2B91604A_V1,WAVE_09_HIGH_RISK_COMPOSITE,BLOCKED,,false,false,sha256:4dcf890167a7aa71fb6a40c8371b03f40a3fabeda5299fb43ff92c3f28696ee3
CTX_FLAG_COUNTING_NDS_HOOK_ZONE_FP_NDSF2WAISTBACKTESTTYPES_9FC62FD3_V1,WAVE_09_HIGH_RISK_COMPOSITE,BLOCKED,,false,false,sha256:6ff820f3355d331a6f2969eb021267acbaa77d2fc9e4e26da1aa4d547d86598e
CTX_FLAG_COUNTING_NDS_HOOK_ZONE_FP_NDSF2WAISTTRADEENGINE_55DBE333_V1,WAVE_09_HIGH_RISK_COMPOSITE,BLOCKED,,false,false,sha256:bf3335c7bc2a14236d3af48b21cee1efcf50c0d61370e48ec715a372ed99f600
CTX_FLAG_COUNTING_NDS_HOOK_ZONE_FP_NDSF2WAISTTRADETYPES_7E9F3796_V1,WAVE_09_HIGH_RISK_COMPOSITE,BLOCKED,,false,false,sha256:319152482104271d6939f16f534394aecae76fab64cb2c8d9d7bc7acd178b21f
CTX_FLAG_COUNTING_NDS_HOOK_ZONE_FP_NDSHOOK864CYCLER1EVIDENCEENGINE_1FB2474B_V1,WAVE_09_HIGH_RISK_COMPOSITE,BLOCKED,,false,false,sha256:bfb8a6be38ca194e3f22655a92b2514836ddcd94ea01dfba126712ebc6adca03
CTX_FLAG_COUNTING_NDS_HOOK_ZONE_FP_NDSHOOK864CYCLER1EVIDENCE_D12EA315_V1,WAVE_09_HIGH_RISK_COMPOSITE,BLOCKED,,false,false,sha256:56bfc05f4830ebb92d32d738842593ff56f6f961c29b729ab048ddd3c85cd515
CTX_FLAG_COUNTING_NDS_HOOK_ZONE_FP_NDSHOOK864CYCLER1RULES_FBF91DDE_V1,WAVE_09_HIGH_RISK_COMPOSITE,BLOCKED,,false,false,sha256:2f84c1310b9557277ee211fdf7f09ac9ecf2e0c70e4d1c26af5e24518b6ef6c8
CTX_FLAG_COUNTING_NDS_HOOK_ZONE_FP_NDSHOOKTRADEENGINE_59407325_V1,WAVE_09_HIGH_RISK_COMPOSITE,BLOCKED,,false,false,sha256:34cce44850c288333e4d44c11617f198bce99b62d8cbf9b264e5f64be7760081
CTX_FLAG_COUNTING_NDS_HOOK_ZONE_FP_NDSHOOKTRADEEXECUTIONCORE_4F0424C5_V1,WAVE_09_HIGH_RISK_COMPOSITE,BLOCKED,,false,false,sha256:3642e5e973e0f856cf04bf9593ec72758b30f255adff9642f366fc72497a8eb8
CTX_FLAG_COUNTING_NDS_HOOK_ZONE_FP_NDSHOOKTRADEEXPORT_11E7CE44_V1,WAVE_09_HIGH_RISK_COMPOSITE,BLOCKED,,false,false,sha256:f9b0df64a707ad1e5e0e4e8077d93967709aaaeb982111b652cd61de44588742
CTX_FLAG_COUNTING_NDS_HOOK_ZONE_FP_NDSHOOKTRADETYPES_B524589F_V1,WAVE_09_HIGH_RISK_COMPOSITE,BLOCKED,,false,false,sha256:5635e6a4917c78edb63f9b566b9a092d91a2bb8a7839412609561802f59dce48
CTX_FLAG_COUNTING_NDS_HOOK_ZONE_FP_NDSSTRUCTURESNAPSHOT_42C101F0_V1,WAVE_09_HIGH_RISK_COMPOSITE,BLOCKED,,false,false,sha256:518374b1ee6b20586d280a6c62aa65b3ddf921ee38f6634103c841f30acaf336
CTX_FLAG_COUNTING_NDS_HOOK_ZONE_FP_NODEAUDIT_A08FB26F_V1,WAVE_09_HIGH_RISK_COMPOSITE,BLOCKED,,false,false,sha256:a7294f761132155e94b4c3c41219ff65fb30e266675bbd7db751154b55372557
CTX_FLAG_COUNTING_NDS_HOOK_ZONE_FP_NODECANONICALIZER_5597B0D8_V1,WAVE_09_HIGH_RISK_COMPOSITE,BLOCKED,,false,false,sha256:6cf5c94e0d118d14916e8d2a9cfd1c73d74fb288a8bc65d3d49f0430a6be6c04
CTX_FLAG_COUNTING_NDS_HOOK_ZONE_FP_NODECLEARANCE_B19CA1AB_V1,WAVE_09_HIGH_RISK_COMPOSITE,BLOCKED,,false,false,sha256:403907180332af1b9349e0bcc8d807b090c5c58d9c8647a9a8f13512d3fddf7a
CTX_FLAG_COUNTING_NDS_HOOK_ZONE_FP_NODEENGINE_BB846A32_V1,WAVE_09_HIGH_RISK_COMPOSITE,BLOCKED,,false,false,sha256:a0e9275f069e26ebd35c8cc6834bba2017edd6dc19d6155778e336018f78a261
CTX_FLAG_COUNTING_NDS_HOOK_ZONE_FP_NODEEXTRACTTYPES_847423CA_V1,WAVE_09_HIGH_RISK_COMPOSITE,BLOCKED,,false,false,sha256:b0441dac97679362a71dda2b56e89f009fd104287d32b7ac544967cb231a9d18
CTX_FLAG_COUNTING_NDS_HOOK_ZONE_FP_NODEPLATEAU_1F4054D3_V1,WAVE_09_HIGH_RISK_COMPOSITE,BLOCKED,,false,false,sha256:4bcd4a6a0481900fdb058bacb623fc8ef0c64807633c60f82ef16e0122de6a81
CTX_FLAG_COUNTING_NDS_HOOK_ZONE_FP_NODESCALELIST_9A9368B4_V1,WAVE_09_HIGH_RISK_COMPOSITE,BLOCKED,,false,false,sha256:374d63c2c387ec1564308e9d77777bf6e139a17845b1014dcef608055f36316e
CTX_FLAG_COUNTING_NDS_HOOK_ZONE_FP_NOSENDCONTEXTENGINE_2EDF107F_V1,WAVE_09_HIGH_RISK_COMPOSITE,BLOCKED,,false,false,sha256:7b3793067e4d4fda36266ed67d59baa89a4334dbd75ba79d2802c3c46f78d5fc
CTX_FLAG_COUNTING_NDS_HOOK_ZONE_FP_NOSENDCONTEXTEXPORT_CAA3B098_V1,WAVE_09_HIGH_RISK_COMPOSITE,BLOCKED,,false,false,sha256:76c570653c500ebeeda427abf6ae516c34316e49f7316aba0ce13dc136e098c7
CTX_FLAG_COUNTING_NDS_HOOK_ZONE_FP_NOSENDCONTEXTRULES_32237E91_V1,WAVE_09_HIGH_RISK_COMPOSITE,BLOCKED,,false,false,sha256:a9dca52c9db9a860b72c7913755c90ada066586c1b6d01e3e54bdaa31f3c4ded
CTX_FLAG_COUNTING_NDS_HOOK_ZONE_FP_OWNERSHIPAUDIT_50881373_V1,WAVE_09_HIGH_RISK_COMPOSITE,BLOCKED,,false,false,sha256:d363bc808708d82bd796ae4ec6a064ce4d86d5ae9eb409e55c7f283dd922bc71
CTX_FLAG_COUNTING_NDS_HOOK_ZONE_FP_OWNERSHIPENGINE_AA1CBBE7_V1,WAVE_09_HIGH_RISK_COMPOSITE,BLOCKED,,false,false,sha256:b5c5c9ea27026bca30e9efea374b440cf4ebc706bf70ed359673c56732ee313e
CTX_FLAG_COUNTING_NDS_HOOK_ZONE_FP_OWNERSHIPRULES_8E16DC7D_V1,WAVE_09_HIGH_RISK_COMPOSITE,BLOCKED,,false,false,sha256:2e2ffbe28d71a60eca5ab7aadced7a32947e7d7cd6419e085e3ca70a79c66508
CTX_FLAG_COUNTING_NDS_HOOK_ZONE_FP_OWNERSHIPTYPES_D196F96E_V1,WAVE_09_HIGH_RISK_COMPOSITE,BLOCKED,,false,false,sha256:727320fe24dcb4b4ea6dd38120faca58c5d76f0d21e9e930259a50590ae67824
CTX_FLAG_COUNTING_NDS_HOOK_ZONE_FP_PAPERBROKERADAPTERENGINE_1A8CE7BD_V1,WAVE_09_HIGH_RISK_COMPOSITE,BLOCKED,,false,false,sha256:37ecf38c1d69130fcbb93b9428f21bcea085689b9f7157262db2a38546315b73
CTX_FLAG_COUNTING_NDS_HOOK_ZONE_FP_PAPERBROKERADAPTEREXPORT_9B0E0BEE_V1,WAVE_09_HIGH_RISK_COMPOSITE,BLOCKED,,false,false,sha256:78404298a865ebc1cd7087f6af7deb9894f1c237ffea5529b1c1e6b071935062
CTX_FLAG_COUNTING_NDS_HOOK_ZONE_FP_PAPERBROKERADAPTERRULES_BF835F57_V1,WAVE_09_HIGH_RISK_COMPOSITE,BLOCKED,,false,false,sha256:f004bb4925b49b68ea482ef59c0ef5a1ddfb7d1adf63d9488261d3ca5ef65bd7
CTX_FLAG_COUNTING_NDS_HOOK_ZONE_FP_PAPERBROKERLIFECYCLEENGINE_BA645145_V1,WAVE_09_HIGH_RISK_COMPOSITE,BLOCKED,,false,false,sha256:ccb82bc01b0644e334a638fc751a30eed2a5efb11b44170d6ae0f48132697829
CTX_FLAG_COUNTING_NDS_HOOK_ZONE_FP_PAPERBROKERLIFECYCLEEXPORT_AC88B78D_V1,WAVE_09_HIGH_RISK_COMPOSITE,BLOCKED,,false,false,sha256:00ddd8dd8f26996db464dc26a56b3f7ca8fede3868d356f4b35c851c96d467c1
CTX_FLAG_COUNTING_NDS_HOOK_ZONE_FP_PAPERBROKERLIFECYCLERULES_7B62E906_V1,WAVE_09_HIGH_RISK_COMPOSITE,BLOCKED,,false,false,sha256:c9b83dd210bd569324ec182a4acf0085c00d84f2bccd60838987cdce798eb419
CTX_FLAG_COUNTING_NDS_HOOK_ZONE_FP_PAPERINTENTEXPORT_DB4D04AD_V1,WAVE_09_HIGH_RISK_COMPOSITE,BLOCKED,,false,false,sha256:b03366b945663831315837a7ff5b1ed0ed5a941b8f6ddb122fe7259911300f52
CTX_FLAG_COUNTING_NDS_HOOK_ZONE_FP_PAPERINTENTRULES_E8312CFB_V1,WAVE_09_HIGH_RISK_COMPOSITE,BLOCKED,,false,false,sha256:23e9af28140fca4519ed478bbc0595adde46107d22d266e71586f530e1ba8cb6
CTX_FLAG_COUNTING_NDS_HOOK_ZONE_FP_PAPERINTENTTYPES_3A1FFB0A_V1,WAVE_09_HIGH_RISK_COMPOSITE,BLOCKED,,false,false,sha256:d0eebcb7da86473e860ac1431a030a31a74e3f8b259efb4b6809d954760ef3b4
CTX_FLAG_COUNTING_NDS_HOOK_ZONE_FP_PAPERLIFECYCLEEXPORT_293A2948_V1,WAVE_09_HIGH_RISK_COMPOSITE,BLOCKED,,false,false,sha256:78ec2d8658a93b1906a3fe2cefcdb66b7bc936d3f4b798984f00e5c73d00fea5
CTX_FLAG_COUNTING_NDS_HOOK_ZONE_FP_PAPERLIFECYCLERULES_B32D3587_V1,WAVE_09_HIGH_RISK_COMPOSITE,BLOCKED,,false,false,sha256:866e79b88118521f2f3e418d09947f4cca7e164d5bde2c3d797786749ab1b0f3
CTX_FLAG_COUNTING_NDS_HOOK_ZONE_FP_PAPERLIFECYCLETYPES_0DA48132_V1,WAVE_09_HIGH_RISK_COMPOSITE,BLOCKED,,false,false,sha256:2583dcd40cf52df38c6a667de257115c9e01175189c589d47f47888f24858841
CTX_FLAG_COUNTING_NDS_HOOK_ZONE_FP_PAPERPERFORMANCEENGINE_2854497B_V1,WAVE_09_HIGH_RISK_COMPOSITE,BLOCKED,,false,false,sha256:68eb11e5888f568615c85e018bc560c7c9ac7a3dbee33e3a7570dedf2b1a8c1d
CTX_FLAG_COUNTING_NDS_HOOK_ZONE_FP_PAPERPERFORMANCEEXPORT_A86D54E4_V1,WAVE_09_HIGH_RISK_COMPOSITE,BLOCKED,,false,false,sha256:47586c161e1d2c144630f0a476a7bcca34181ae69139afdca0183df092cb1e6f
CTX_FLAG_COUNTING_NDS_HOOK_ZONE_FP_PAPERPERFORMANCERULES_334E6638_V1,WAVE_09_HIGH_RISK_COMPOSITE,BLOCKED,,false,false,sha256:c3a29cb5c6c7d132226baf86079fa11ca67f3e8761478cd9688590ce214a9f78
CTX_FLAG_COUNTING_NDS_HOOK_ZONE_FP_PAPERPERFORMANCETYPES_B43C34FC_V1,WAVE_09_HIGH_RISK_COMPOSITE,BLOCKED,,false,false,sha256:6777701093f7e9b6845b539cc0b104a1aa346826176b691c1ca9eb76996d605b
CTX_FLAG_COUNTING_NDS_HOOK_ZONE_FP_RELEASEAUDIT_85F8C30D_V1,WAVE_09_HIGH_RISK_COMPOSITE,BLOCKED,,false,false,sha256:9811d2f480582d79b9f73d33cd7afc3b6d73062d9e99df1df7595b8ce743912f
CTX_FLAG_COUNTING_NDS_HOOK_ZONE_FP_RELEASERULES_BB0FCF42_V1,WAVE_09_HIGH_RISK_COMPOSITE,BLOCKED,,false,false,sha256:3cf89ad8f9e579645f1652c655941ed518600c018e5ce5e1ae2d60920494073f
CTX_FLAG_COUNTING_NDS_HOOK_ZONE_FP_RELEASETYPES_B22F08B4_V1,WAVE_09_HIGH_RISK_COMPOSITE,BLOCKED,,false,false,sha256:92501a9a1bf880dff581880e039dcf32fa6fdeeab1cdbe1f16d7cd88ace45ce1
CTX_FLAG_COUNTING_NDS_HOOK_ZONE_FP_RENDERAUDIT_2BF1256D_V1,WAVE_09_HIGH_RISK_COMPOSITE,BLOCKED,,false,false,sha256:957c8e06bf530a7aa6e41bba46d265e71ced0a0976f9135b2d4e06c56addfb28
CTX_FLAG_COUNTING_NDS_HOOK_ZONE_FP_RENDERRULES_D623D9BA_V1,WAVE_09_HIGH_RISK_COMPOSITE,BLOCKED,,false,false,sha256:8410b1c260491f659dc98ef045c76e20f74da4a6ab9b41c2ed6c6d1cde2588de
CTX_FLAG_COUNTING_NDS_HOOK_ZONE_FP_RENDERTYPES_D0A512CA_V1,WAVE_09_HIGH_RISK_COMPOSITE,BLOCKED,,false,false,sha256:cde9b993755594b75c2fb9073cc05aecc095eb09814695398168eb693a2ce3a3
CTX_FLAG_COUNTING_NDS_HOOK_ZONE_FP_RUNTIMEHEALTHSUMMARYEXPORT_340BF4B3_V1,WAVE_09_HIGH_RISK_COMPOSITE,BLOCKED,,false,false,sha256:ae3cbadce897e839801969f05e865512c7b4735107f18ab59bc954959c47137f
CTX_FLAG_COUNTING_NDS_HOOK_ZONE_FP_RUNTIMEHEALTHSUMMARYRULES_E2E4106A_V1,WAVE_09_HIGH_RISK_COMPOSITE,BLOCKED,,false,false,sha256:5b474637ceff2d9a87e29c07ba863a01f5a1dc1e1d3116276e6d358cd22e377a
CTX_FLAG_COUNTING_NDS_HOOK_ZONE_FP_SAFETYGATEEXPORT_D74D4F04_V1,WAVE_09_HIGH_RISK_COMPOSITE,BLOCKED,,false,false,sha256:3bf39a48c7b4abf056487182debd131d00cdd6b25be3ec2355be01f6c51a8536
CTX_FLAG_COUNTING_NDS_HOOK_ZONE_FP_SAFETYGATERULES_B468B054_V1,WAVE_09_HIGH_RISK_COMPOSITE,BLOCKED,,false,false,sha256:8346fc8418b887666c81ff1c99ac5e01d2682f3ba8d2a50324c0d42648ba69c9
CTX_FLAG_COUNTING_NDS_HOOK_ZONE_FP_SAFETYGATETYPES_FD7FC4F5_V1,WAVE_09_HIGH_RISK_COMPOSITE,BLOCKED,,false,false,sha256:d78c51118ef64683410e0f5bd25eb9f2919cc4f2e879b35de9fcdd18a330ea8a
CTX_FLAG_COUNTING_NDS_HOOK_ZONE_FP_SEQUENCEENGINE_FA5A8E5D_V1,WAVE_09_HIGH_RISK_COMPOSITE,BLOCKED,,false,false,sha256:5164b8d902a6fc52383c40d4765e7934f199a9684604506bc6008bf51390ec4c
CTX_FLAG_COUNTING_NDS_HOOK_ZONE_FP_SERIESCONTRACT_B47FECA9_V1,WAVE_09_HIGH_RISK_COMPOSITE,BLOCKED,,false,false,sha256:a70c4949448afedfae740db39637bde4936c51735f37c45a11c0d0eaa7ca2090
CTX_FLAG_COUNTING_NDS_HOOK_ZONE_FP_STATEGATEEXPORT_847C6DF9_V1,WAVE_09_HIGH_RISK_COMPOSITE,BLOCKED,,false,false,sha256:703d24c2d1b2ae5aad4cbca3a2f8b933fbe223cd398152e7228bdcd47473b996
CTX_FLAG_COUNTING_NDS_HOOK_ZONE_FP_STATEGATERULES_4DA70898_V1,WAVE_09_HIGH_RISK_COMPOSITE,BLOCKED,,false,false,sha256:8aa78f1d77e66b72d32fab15470a29bb126ca4b8c212347d28bbabb77194beb2
CTX_FLAG_COUNTING_NDS_HOOK_ZONE_FP_STATEGATETYPES_AC978921_V1,WAVE_09_HIGH_RISK_COMPOSITE,BLOCKED,,false,false,sha256:5350d6bfe128244a7b56e3770c7205e4b2074b469004f151cf6e2c569ea14145
CTX_FLAG_COUNTING_NDS_HOOK_ZONE_FP_STATICQAAUDIT_C12FB952_V1,WAVE_09_HIGH_RISK_COMPOSITE,BLOCKED,,false,false,sha256:4258085b00eb628befcacf0bbc732e65b3e20afd74f2db49ad3845fb9c62d6c1
CTX_FLAG_COUNTING_NDS_HOOK_ZONE_FP_STATICQARULES_37BFD5F7_V1,WAVE_09_HIGH_RISK_COMPOSITE,BLOCKED,,false,false,sha256:9fb1e742bad01621529066e71b929aa670d16b6441b1a1ca63f5d7cb63b30a87
CTX_FLAG_COUNTING_NDS_HOOK_ZONE_FP_STATICQATYPES_5985E046_V1,WAVE_09_HIGH_RISK_COMPOSITE,BLOCKED,,false,false,sha256:f6d349b6775f33c9a385e74e03b0cb8a6f4e884d22e54c1d536f7b8650f7dae0
CTX_FLAG_COUNTING_NDS_HOOK_ZONE_FP_TIMEBASETYPES_CB84AF3C_V1,WAVE_09_HIGH_RISK_COMPOSITE,BLOCKED,,false,false,sha256:fcfcfbb7796a46664b9141257c3d7d2f5f8ad38833d8940ef90fbf790416eb71
CTX_FLAG_COUNTING_NDS_HOOK_ZONE_FP_TIMEBASE_62A7E441_V1,WAVE_09_HIGH_RISK_COMPOSITE,BLOCKED,,false,false,sha256:d45f4f273ec0d6d65a205b15cb689c65f1ec5e086c81cabe43804e5927ff4463
CTX_FLAG_COUNTING_NDS_HOOK_ZONE_FP_TYPES_13141332_V1,WAVE_09_HIGH_RISK_COMPOSITE,BLOCKED,,false,false,sha256:71d39760c30a18ae3b28d8e95a3f481ccf792cdd801da9bde97bab0a29983d8c
CTX_FLAG_COUNTING_NDS_HOOK_ZONE_FP_VALIDATIONAUDIT_21A2D32D_V1,WAVE_09_HIGH_RISK_COMPOSITE,BLOCKED,,false,false,sha256:ce8b98da9c626cc91e41cb9fb3d7392b5cec491110aecf334527fd1e2a92e26e
CTX_FLAG_COUNTING_NDS_HOOK_ZONE_FP_VALIDATIONRULES_942F829E_V1,WAVE_09_HIGH_RISK_COMPOSITE,BLOCKED,,false,false,sha256:33311671f2c7c4e33f6e97e522b727d328e9ef732ce3f884994c2a6c71856a3e
CTX_FLAG_COUNTING_NDS_HOOK_ZONE_FP_VALIDATIONTYPES_EEB0E6F8_V1,WAVE_09_HIGH_RISK_COMPOSITE,BLOCKED,,false,false,sha256:4f71f81b46c319537495cbcd04fa9f47f03afabb905b64dc4849313bf3e4f55f
CTX_FLAG_COUNTING_NDS_HOOK_ZONE_M0007_FLAGCOUNTINGF1_B932EB66_V1,WAVE_09_HIGH_RISK_COMPOSITE,BLOCKED,,false,false,sha256:9699fea80be67e66af436093fc3dd223a885ae60d11fbbfe575425a974f88e75
CTX_FLAG_COUNTING_NDS_HOOK_ZONE_NDSF2WAISTLIMITBACKTEST_6A1AF0EE_V1,WAVE_09_HIGH_RISK_COMPOSITE,BLOCKED,,false,false,sha256:5391ed9e8a2aeb7b3132c0371b09435d263bbc25d5e862058f7ebdda0b390751
CTX_FLAG_COUNTING_NDS_HOOK_ZONE_NDSHOOK864CYCLER1CONTRACTSELFTEST_4C03B359_V1,WAVE_09_HIGH_RISK_COMPOSITE,BLOCKED,,false,false,sha256:fed041c6f611d4e196c5e83993a76ce2907ce25b7195f431582811eaf1cb306e
CTX_FLAG_COUNTING_NDS_HOOK_ZONE_NDSHOOKLIMITF123BACKTEST_060FD667_V1,WAVE_09_HIGH_RISK_COMPOSITE,BLOCKED,,false,false,sha256:9edfc6d435f89bea75ce6668b4ded820cc1c94a7a4fa175f33e1428c1a8cb948
CTX_FLAG_COUNTING_NDS_HOOK_ZONE_NDS_F2_CANONICAL_FREQUENCY_RECOVERY_CONT_697A9B27_V1,WAVE_09_HIGH_RISK_COMPOSITE,BLOCKED,,false,false,sha256:cc056b954a4369d5818a74f2568968f3aadace5ff8d78fa3dd241f2e9d1099a9
CTX_FLAG_COUNTING_NDS_HOOK_ZONE_NDS_F2_CANONICAL_POINT2_PROJECTION_ROOT__E0D0C570_V1,BLOCKED_UNRESOLVED,BLOCKED,,false,false,sha256:2bd1691461ddd83618bef0156a84285de2b7a84fa4cc6a7ef5b698ab6eb1bd8a
CTX_FLAG_COUNTING_NDS_HOOK_ZONE_NDS_F2_HTF_F1_TO_F2_WINDOW_CONTRACT_QA_B248989F_V1,WAVE_09_HIGH_RISK_COMPOSITE,BLOCKED,,false,false,sha256:39998830a605a1f8ea7e66509cdbbc8c4da5a514cb834b4414c6b9963b9e4fd3
CTX_FLAG_COUNTING_NDS_HOOK_ZONE_NDS_F2_HTF_F_PHASE_FILTER_CONTRACT_QA_BCC88952_V1,WAVE_09_HIGH_RISK_COMPOSITE,BLOCKED,,false,false,sha256:d687f5184aa0a89a96769df27feddf36c2034c54d43f2b9a8719bd399686b179
CTX_FLAG_COUNTING_NDS_HOOK_ZONE_NDS_F2_OVERLAP_WIDER_RR_REPRICE_CONTRACT_72665DB0_V1,WAVE_09_HIGH_RISK_COMPOSITE,BLOCKED,,false,false,sha256:f20569cb453cf594d6dea0000a5dafda52b923f7686dd8ea9108a725c15043cb
CTX_FLAG_COUNTING_NDS_HOOK_ZONE_NDS_F2_RR_PARALLEL_CONTEXT_CONTRACT_QA_F9F2943E_V1,WAVE_09_HIGH_RISK_COMPOSITE,BLOCKED,,false,false,sha256:61eff2f225129ed49af24e4f9b1e3045951edf2e231291e739060441eea98ec9
CTX_FLAG_COUNTING_NDS_HOOK_ZONE_NDS_F2_WAIST_BACKTEST_CONTRACT_QA_46EF7F25_V1,WAVE_09_HIGH_RISK_COMPOSITE,BLOCKED,,false,false,sha256:4cd17ab35a76943e21cace05f56ceff9e631a52ac75f5595642af57e3d5badb3
CTX_FLAG_COUNTING_NDS_HOOK_ZONE_NDS_F2_WAIST_BREAK_POINT2_CONTRACT_QA_40E621BF_V1,WAVE_09_HIGH_RISK_COMPOSITE,BLOCKED,,false,false,sha256:ee6271c0850e3e1b39125577e14fc0b64457abf803d02b565ae5e79b0a5239c3
CTX_FLAG_COUNTING_NDS_HOOK_ZONE_NDS_HOOK_864_CYCLE_R1_CONTRACT_QA_058D5E0C_V1,WAVE_09_HIGH_RISK_COMPOSITE,BLOCKED,,false,false,sha256:943a159d0daf48bf931340b788c179f9bfef4edb18b3229fb5145184a097d3f6
CTX_FLAG_COUNTING_NDS_HOOK_ZONE_NDS_HOOK_CONTRACT_QA_D6ABBEED_V1,WAVE_09_HIGH_RISK_COMPOSITE,BLOCKED,,false,false,sha256:2ab9c3bc6c1e432030505fcf345ba25c7151545f8304a0ac65d8bcb5add961d1
CTX_FLAG_COUNTING_NDS_HOOK_ZONE_NDS_HOOK_TRADE_CONTRACT_QA_1B20B4BF_V1,WAVE_09_HIGH_RISK_COMPOSITE,BLOCKED,,false,false,sha256:694800b7ceb9252e458057d973c9d4cb3881975e3f9c9f24e919054a39c4e8a3
CTX_FLAG_COUNTING_NDS_HOOK_ZONE_NDS_LIGHTWEIGHT_BACKTEST_CONTRACT_QA_A4FCDAA7_V1,WAVE_09_HIGH_RISK_COMPOSITE,BLOCKED,,false,false,sha256:1ba89456ca11a67402ae0f819d484b956f077fa88d44be4d5c52dba2ea5000cd
CTX_FLAG_COUNTING_NDS_HOOK_ZONE_NDS_TESTER_ONINIT_CONTRACT_QA_A42756E1_V1,WAVE_09_HIGH_RISK_COMPOSITE,BLOCKED,,false,false,sha256:ba4f14514957b1b6e1ef6e705d06d174daa202521a2abeccbf973b4941e57566
CTX_FLAG_COUNTING_NDS_HOOK_ZONE_OFFLINE_LICENSE_KEYGEN_A5BAA6BA_V1,BLOCKED_UNRESOLVED,BLOCKED,,false,false,sha256:561d9e31aab03a0343c9e84411492cdbed8b4b6ee1a421b855ce4dec5c2b7053
CTX_FLAG_COUNTING_NDS_HOOK_ZONE_RUN_NDS_HOOK_864_CYCLE_R1_TESTS_49CABCBF_V1,BLOCKED_UNRESOLVED,BLOCKED,,false,false,sha256:57931801fc9ab41323772859512abafe652c30c52519b61a5a14661fceaa222d
CTX_FLAG_COUNTING_NDS_HOOK_ZONE_STATIC_QA_AAF8BE24_V1,BLOCKED_UNRESOLVED,BLOCKED,,false,false,sha256:5b4c1bf1d0b76cf5a38b4980e83757d87364e02740cd5cd6c31a2b3bd4b0220b
CTX_M_SERIES_CONTEXTS_DAL_M0001AUDITSTATE_466E915C_V1,WAVE_01_LOW_RISK_PILOT,BLOCKED,,false,false,sha256:55c7c6f6da0f44209b79c7ae615a747d68131e8b381efd69871881e34cfb0ca9
