family_candidate,identity_kind,identity_candidate_count,protected_platform_count,security_review_blocked_count,human_semantic_approval_complete,automatic_merge_allowed,family_identity_status,family_identity_digest
ACL_OS_PLATFORM,ENGINE,426,426,47,false,false,PROVISIONAL_UNMERGED,sha256:1e769f6762692e0414109fd0145c4f4298eb72511ad7afdb93ff4c59d90bb2c8
ASTRO_RESEARCH_EXECUTION,ADAPTER,3,0,2,false,false,PROVISIONAL_UNMERGED,sha256:38d6f3f3f8b1232dbbcf872f298acd989d16072b8d65bc2bb505e72b70cd4c12
ASTRO_RESEARCH_EXECUTION,CONTEXT,2,0,0,false,false,PROVISIONAL_UNMERGED,sha256:e4d0e434559fdade7856833d62bd80a3d93b06daff379a8d02f5f3eec23fd43d
ASTRO_RESEARCH_EXECUTION,SETUP,3,0,0,false,false,PROVISIONAL_UNMERGED,sha256:da937b03e844c1262e400e8f281f8841ca4aeb27ff0db6c99847ed748cff5399
ASTRO_RESEARCH_EXECUTION,SUPPORT_ARTIFACT,16,0,0,false,false,PROVISIONAL_UNMERGED,sha256:3912ee7fafa61a98485fa3e51c592655452c4f8f07f358e0c685abbbfc68decd
ASTRO_RESEARCH_EXECUTION,TREATMENT,3,0,0,false,false,PROVISIONAL_UNMERGED,sha256:145d9dcf55308372850ed514fa614136242eca42c099d4723408a6adca772a67
ASTRO_RESEARCH_EXECUTION,VISUALIZER,3,0,0,false,false,PROVISIONAL_UNMERGED,sha256:ebca766644c68ec636d1a9476c7646671c51de5df192292bf8c35464420dbe27
DOCUMENTATION_OTHER,ENGINE,2,0,2,false,false,PROVISIONAL_UNMERGED,sha256:18629d1416168b1d8f424955dce82bca78fb8f2515410c72aa737a92fda2624a
EXECUTION_E_SERIES,ADAPTER,35,0,15,false,false,PROVISIONAL_UNMERGED,sha256:30334c2c01c2a338c249d11a67a00496be2ed35d61e683edf9c4db20a1b9e5a0
EXP0015_INTERMARKET_TIME,CONTEXT,8,0,0,false,false,PROVISIONAL_UNMERGED,sha256:a75ac89b10fe6197f3b5f9bd964fb654a59ff1e82fe639a87bf53bf5dbff828f
EXP0016_INTERMARKET_EXECUTION,ADAPTER,29,0,4,false,false,PROVISIONAL_UNMERGED,sha256:f4b3c1b127c06cde5a78c36e029a576e9dc39d0fe62afc776d1f1fc043f78495
EXP0017_CYCLE_GROUP,ADAPTER,1,0,1,false,false,PROVISIONAL_UNMERGED,sha256:c5bafd25e629539f3ef74b4314b0b68aa72ae043e806a27ac5f758f6986182ff
EXP0017_CYCLE_GROUP,CONTEXT,79,0,0,false,false,PROVISIONAL_UNMERGED,sha256:a0e14a363ffaebab723c6c5ad8b157a23e3a7271541d65b9a901fb1214b594f4
EXP0017_CYCLE_GROUP,SETUP,3,0,0,false,false,PROVISIONAL_UNMERGED,sha256:f1ead99ff649f4ad683292fb89bb4455264ec90caa759a0a1ae8e75a9c67c189
EXP0017_CYCLE_GROUP,SUPPORT_ARTIFACT,12,0,0,false,false,PROVISIONAL_UNMERGED,sha256:bb23eb486c2ea45cc5b221a177a40ec5ffffd6393221a73766e034ad85c4679a
EXP0017_CYCLE_GROUP,TREATMENT,5,0,0,false,false,PROVISIONAL_UNMERGED,sha256:dc32d3c917973c9ed2fabc44a72b180bc567f335793fd29cbc69397daf955833
EXP0017_CYCLE_GROUP,VISUALIZER,2,0,0,false,false,PROVISIONAL_UNMERGED,sha256:5864bc5f5e5395a0c67e8da33d67454e0856ba4cc96877f7c41217fe45c9f438
EXP0018_DAYE_TRADER,CONTEXT,31,0,0,false,false,PROVISIONAL_UNMERGED,sha256:9d7df4d9c924fa915b28f4a1b6869c007101723402940e1989045970f615b9ce
EXP0018_DAYE_TRADER,ENGINE,7,0,0,false,false,PROVISIONAL_UNMERGED,sha256:94944fa5713587a163f5af881016dce38fa221d05c5a568fcd8d8ca05df27804
EXP0018_DAYE_TRADER,SETUP,9,0,0,false,false,PROVISIONAL_UNMERGED,sha256:22accb0974224d1fa6d5ac17ad6b07115384d58e628a7a9c649d6cacc2361290
EXP0018_DAYE_TRADER,SUPPORT_ARTIFACT,19,0,0,false,false,PROVISIONAL_UNMERGED,sha256:9b67235b860848d1b90c8b57b013499506f9eb9e65ed6ec0b7942fc1ddfad6a4
EXP0018_DAYE_TRADER,VISUALIZER,5,0,0,false,false,PROVISIONAL_UNMERGED,sha256:487934b263fd380c75a55d84aa0fc4cdd84d9878302d29eb9e4a1ee394cd220d
EXP0019_FAERIE_PROTOCOL,ADAPTER,24,0,1,false,false,PROVISIONAL_UNMERGED,sha256:af20340baa1c96ab2463f2af044c740bb10e4b986df447b4b4215cfdda8fbd77
EXP0019_FAERIE_PROTOCOL,CONTEXT,8,0,0,false,false,PROVISIONAL_UNMERGED,sha256:56abc6f0f53f4cea609d386541c3c548aa906de74f23cef444b46c275806fa80
EXP0019_FAERIE_PROTOCOL,ENGINE,27,0,1,false,false,PROVISIONAL_UNMERGED,sha256:ee4ae7ffd09ad2ca97f0af6c27e46c0479531126b59692ddcc3e0dc8e0f90e8b
EXP0019_FAERIE_PROTOCOL,SETUP,24,0,0,false,false,PROVISIONAL_UNMERGED,sha256:9c3ca8725ac7ab5a5e92eeea03e391f1f316de2e96df4d4239432a5816096ffb
EXP0019_FAERIE_PROTOCOL,SUPPORT_ARTIFACT,42,0,1,false,false,PROVISIONAL_UNMERGED,sha256:882fc1bd3a9a2c5fc5800c23b0925a3fe0762cdb468846f4c5eb522b0c4fbdf0
EXP0019_FAERIE_PROTOCOL,TREATMENT,1,0,0,false,false,PROVISIONAL_UNMERGED,sha256:4f4f395f45a9611b6cd32b6ffed78c562f43b25e591766a6431f56ad49259aa0
EXP0019_FAERIE_PROTOCOL,VISUALIZER,8,0,0,false,false,PROVISIONAL_UNMERGED,sha256:4331e8d1acbcb36aee393308a51252b53062c6d26aceb4c40b1d7211a8b3e0f6
FLAG_COUNTING_NDS_HOOK_ZONE,ADAPTER,15,0,15,false,false,PROVISIONAL_UNMERGED,sha256:16030cba4fe0be7327c22a600537ad24145168c6758089c030e079859ba7d538
FLAG_COUNTING_NDS_HOOK_ZONE,CONTEXT,192,0,6,false,false,PROVISIONAL_UNMERGED,sha256:530460574a3730e3beba490ff76d6ed564489a6398bac2550558e6aab2c03604
FLAG_COUNTING_NDS_HOOK_ZONE,SETUP,2,0,0,false,false,PROVISIONAL_UNMERGED,sha256:de01b1f854fc1ec9e4d256ff362a9b97142435ac96d7e6b1b953b2450c5e0f84
FLAG_COUNTING_NDS_HOOK_ZONE,TREATMENT,11,0,0,false,false,PROVISIONAL_UNMERGED,sha256:88589ec6675d15d78dc07984f2df8c767c75d4c68089797aeeda9757d332de36
FLAG_COUNTING_NDS_HOOK_ZONE,VISUALIZER,12,0,0,false,false,PROVISIONAL_UNMERGED,sha256:c0418ef3cd83152ab39598b5b1f199b9c059492858401015770ae066d6cc7403
ICT_STRUCTURAL_NODES,ENGINE,1,0,0,false,false,PROVISIONAL_UNMERGED,sha256:9ef622b138437f5af806baa5c0bed60c470a6daf082671dcdd891aaac0a35597
LAB_OTHER,ADAPTER,41,0,0,false,false,PROVISIONAL_UNMERGED,sha256:a9dd5fb86c766744df6b26e3bd9c14bf0c913ed1d61beb13ad8c2a1bc54cedb9
LAB_OTHER,ENGINE,14,0,3,false,false,PROVISIONAL_UNMERGED,sha256:f14b685d8db1aebef6ff991ec709ed5f91dbdb54672ea92794140c7f97842b22
LAB_OTHER,SETUP,19,0,0,false,false,PROVISIONAL_UNMERGED,sha256:ee00967c54f4dfbc8eff5d1296c4dec542289146d8ceb2fa2334774d57aef233
LAB_OTHER,SUPPORT_ARTIFACT,12,0,0,false,false,PROVISIONAL_UNMERGED,sha256:7d00e13198cdac5f7bee7264e073560015971cc9f29629a431d1ae47271d9e97
LAB_OTHER,TREATMENT,142,0,8,false,false,PROVISIONAL_UNMERGED,sha256:e64aa2a29e4348a0251f6fa167e6becdedbc8b929667f0c58b48bc234c834588
MQL5_OTHER,ADAPTER,1,0,0,false,false,PROVISIONAL_UNMERGED,sha256:feed92224ec72bf1aa7a0b63818d3bfa030304b3c3fa84971223db8ae1e8b39e
MQL5_OTHER,ENGINE,4,0,0,false,false,PROVISIONAL_UNMERGED,sha256:7d838b31162ece774a7c2a64102a416f1b4322f2c49f3315cc7c388bb898979a
MQL5_OTHER,SUPPORT_ARTIFACT,44,0,0,false,false,PROVISIONAL_UNMERGED,sha256:064ab78e5f1cd28623435bf630cbb257ee7575615ce588ad5e58aeef0b19c524
M_SERIES_CONTEXTS,CONTEXT,1,0,0,false,false,PROVISIONAL_UNMERGED,sha256:74477ebf76f30155f5b0e023696c41adf014221b8d31ff4e3b275313b0d6dbea
M_SERIES_CONTEXTS,ENGINE,2,0,0,false,false,PROVISIONAL_UNMERGED,sha256:b247bb8d101ab61c860f4c187e083c20928fd71b5e428ee4580637c60348b40b
M_SERIES_CONTEXTS,TREATMENT,2,0,0,false,false,PROVISIONAL_UNMERGED,sha256:2a7aefef98146850305fe7d6d08819bbbf79c6baf393011dc8b036163e7cc337
M_SERIES_CONTEXTS,VISUALIZER,5,0,0,false,false,PROVISIONAL_UNMERGED,sha256:ea37273059420a0758238154e42587552cfb3b8eedcdc2cc1f3e52cc8c7ea3af
PRODUCT_LAB,SUPPORT_ARTIFACT,1,0,0,false,false,PROVISIONAL_UNMERGED,sha256:571169adba065e67059c0d033aa77af307b412c7e2b73e19b69e58c571a02e15
PRODUCT_LAB,VISUALIZER,18,0,4,false,false,PROVISIONAL_UNMERGED,sha256:8db21e3ccb99d8941423bb62edcee72cd53e026f540180419e5586c135f14dd3
RESEARCH_EXPERIMENTS,SUPPORT_ARTIFACT,55,0,0,false,false,PROVISIONAL_UNMERGED,sha256:9925d22aba7e211edf60380cff4f52a715ac592961bc64cf830758feca56aa27
STRATEGY_FACTORY_PLATFORM,ENGINE,1349,1349,2,false,false,PROVISIONAL_UNMERGED,sha256:e557c8e73ea24dd7331f354243ea7e9ec303a701200d6f1ef00f177f38ba419a
TOOLING_OTHER,ADAPTER,7,0,3,false,false,PROVISIONAL_UNMERGED,sha256:5fc944d536eb74daa65a89f8f0df10b0f8c65c4521e758f47d6d55fe9ef2a362
TOOLING_OTHER,ENGINE,4,0,2,false,false,PROVISIONAL_UNMERGED,sha256:672f5ce69a90442a759c42d1fea830a9e765423450c55f1ab072a83dfb94196b
TOOLING_OTHER,SUPPORT_ARTIFACT,1,0,0,false,false,PROVISIONAL_UNMERGED,sha256:1fdce553235e81034eba4da3e9a078b009d3012049586116c52b3a96424550a5
