phase,path,category,evidence_class,authority_class
SAED_V4_21,COMMIT_MESSAGE.md,delivery_metadata,local_deterministic_synthetic_reference,research_only_nonproduction
SAED_V4_21,EXPAND_REMOVE_SAED_V4_21_PATCH.ps1,delivery_metadata,local_deterministic_synthetic_reference,research_only_nonproduction
SAED_V4_21,INSTALL_SAED_V4_21_ROBUST_OPTIMIZATION_REGRET.md,delivery_metadata,local_deterministic_synthetic_reference,research_only_nonproduction
SAED_V4_21,README_SAED_V4_21_ROBUST_OPTIMIZATION_REGRET.md,delivery_metadata,local_deterministic_synthetic_reference,research_only_nonproduction
SAED_V4_21,SAED_V4_21_ARTIFACT_INVENTORY.csv,delivery_metadata,local_deterministic_synthetic_reference,research_only_nonproduction
SAED_V4_21,SAED_V4_21_FILE_HASHES.sha256,delivery_metadata,local_deterministic_synthetic_reference,research_only_nonproduction
SAED_V4_21,SAED_V4_21_FILE_INDEX.txt,delivery_metadata,local_deterministic_synthetic_reference,research_only_nonproduction
SAED_V4_21,SAED_V4_21_PATCH_MANIFEST.json,delivery_metadata,local_deterministic_synthetic_reference,research_only_nonproduction
SAED_V4_21,SAED_V4_21_QA_REPORT.json,delivery_metadata,local_deterministic_synthetic_reference,research_only_nonproduction
SAED_V4_21,docs/strategy_factory_sovereign_context_intelligence_v4/60_IMPLEMENTATION_PROGRAM_V4/V4_21_Robust_Optimization_And_Regret.md,obsidian_documentation,local_deterministic_synthetic_reference,research_only_nonproduction
SAED_V4_21,docs/strategy_factory_sovereign_context_intelligence_v4/62_PHASE_DELIVERIES_V4/V4_21/00_MOC_V4_21_Robust_Optimization_And_Regret.md,obsidian_documentation,local_deterministic_synthetic_reference,research_only_nonproduction
SAED_V4_21,docs/strategy_factory_sovereign_context_intelligence_v4/62_PHASE_DELIVERIES_V4/V4_21/01_Executive_Delivery_Summary.md,obsidian_documentation,local_deterministic_synthetic_reference,research_only_nonproduction
SAED_V4_21,docs/strategy_factory_sovereign_context_intelligence_v4/62_PHASE_DELIVERIES_V4/V4_21/02_Phase_Mission_and_Non_Goals.md,obsidian_documentation,local_deterministic_synthetic_reference,research_only_nonproduction
SAED_V4_21,docs/strategy_factory_sovereign_context_intelligence_v4/62_PHASE_DELIVERIES_V4/V4_21/03_Authority_and_UCEE_Boundary.md,obsidian_documentation,local_deterministic_synthetic_reference,research_only_nonproduction
SAED_V4_21,docs/strategy_factory_sovereign_context_intelligence_v4/62_PHASE_DELIVERIES_V4/V4_21/04_Immutable_V4_20_Intake.md,obsidian_documentation,local_deterministic_synthetic_reference,research_only_nonproduction
SAED_V4_21,docs/strategy_factory_sovereign_context_intelligence_v4/62_PHASE_DELIVERIES_V4/V4_21/05_Selection_Certificate_Hash_Verification.md,obsidian_documentation,local_deterministic_synthetic_reference,research_only_nonproduction
SAED_V4_21,docs/strategy_factory_sovereign_context_intelligence_v4/62_PHASE_DELIVERIES_V4/V4_21/06_Selection_Registry_Verification.md,obsidian_documentation,local_deterministic_synthetic_reference,research_only_nonproduction
SAED_V4_21,docs/strategy_factory_sovereign_context_intelligence_v4/62_PHASE_DELIVERIES_V4/V4_21/07_Exposure_Ledger_Verification.md,obsidian_documentation,local_deterministic_synthetic_reference,research_only_nonproduction
SAED_V4_21,docs/strategy_factory_sovereign_context_intelligence_v4/62_PHASE_DELIVERIES_V4/V4_21/08_Research_Claim_Ceiling.md,obsidian_documentation,local_deterministic_synthetic_reference,research_only_nonproduction
SAED_V4_21,docs/strategy_factory_sovereign_context_intelligence_v4/62_PHASE_DELIVERIES_V4/V4_21/09_Known_Time_Discipline.md,obsidian_documentation,local_deterministic_synthetic_reference,research_only_nonproduction
SAED_V4_21,docs/strategy_factory_sovereign_context_intelligence_v4/62_PHASE_DELIVERIES_V4/V4_21/100_Negative_Hash_Mismatch_Fixture.md,obsidian_documentation,local_deterministic_synthetic_reference,research_only_nonproduction
SAED_V4_21,docs/strategy_factory_sovereign_context_intelligence_v4/62_PHASE_DELIVERIES_V4/V4_21/101_Negative_Runtime_Flag_Fixture.md,obsidian_documentation,local_deterministic_synthetic_reference,research_only_nonproduction
SAED_V4_21,docs/strategy_factory_sovereign_context_intelligence_v4/62_PHASE_DELIVERIES_V4/V4_21/102_Negative_Hidden_Evaluation_Fixture.md,obsidian_documentation,local_deterministic_synthetic_reference,research_only_nonproduction
SAED_V4_21,docs/strategy_factory_sovereign_context_intelligence_v4/62_PHASE_DELIVERIES_V4/V4_21/103_Mutation_Test_Matrix.md,obsidian_documentation,local_deterministic_synthetic_reference,research_only_nonproduction
SAED_V4_21,docs/strategy_factory_sovereign_context_intelligence_v4/62_PHASE_DELIVERIES_V4/V4_21/104_Invariant_Acceptance_Matrix.md,obsidian_documentation,local_deterministic_synthetic_reference,research_only_nonproduction
SAED_V4_21,docs/strategy_factory_sovereign_context_intelligence_v4/62_PHASE_DELIVERIES_V4/V4_21/105_Model_Risk_Review.md,obsidian_documentation,local_deterministic_synthetic_reference,research_only_nonproduction
SAED_V4_21,docs/strategy_factory_sovereign_context_intelligence_v4/62_PHASE_DELIVERIES_V4/V4_21/106_Security_Review.md,obsidian_documentation,local_deterministic_synthetic_reference,research_only_nonproduction
SAED_V4_21,docs/strategy_factory_sovereign_context_intelligence_v4/62_PHASE_DELIVERIES_V4/V4_21/107_Static_MQL5_Mirror.md,obsidian_documentation,local_deterministic_synthetic_reference,research_only_nonproduction
SAED_V4_21,docs/strategy_factory_sovereign_context_intelligence_v4/62_PHASE_DELIVERIES_V4/V4_21/108_MetaEditor_Evidence_Boundary.md,obsidian_documentation,local_deterministic_synthetic_reference,research_only_nonproduction
SAED_V4_21,docs/strategy_factory_sovereign_context_intelligence_v4/62_PHASE_DELIVERIES_V4/V4_21/109_Python_MQL5_Parity_Boundary.md,obsidian_documentation,local_deterministic_synthetic_reference,research_only_nonproduction
SAED_V4_21,docs/strategy_factory_sovereign_context_intelligence_v4/62_PHASE_DELIVERIES_V4/V4_21/10_Future_Suffix_Prohibition.md,obsidian_documentation,local_deterministic_synthetic_reference,research_only_nonproduction
SAED_V4_21,docs/strategy_factory_sovereign_context_intelligence_v4/62_PHASE_DELIVERIES_V4/V4_21/110_Operational_Non_Claims.md,obsidian_documentation,local_deterministic_synthetic_reference,research_only_nonproduction
SAED_V4_21,docs/strategy_factory_sovereign_context_intelligence_v4/62_PHASE_DELIVERIES_V4/V4_21/111_V4_22_Handoff.md,obsidian_documentation,local_deterministic_synthetic_reference,research_only_nonproduction
SAED_V4_21,docs/strategy_factory_sovereign_context_intelligence_v4/62_PHASE_DELIVERIES_V4/V4_21/112_Handoff_Entry_Gates.md,obsidian_documentation,local_deterministic_synthetic_reference,research_only_nonproduction
SAED_V4_21,docs/strategy_factory_sovereign_context_intelligence_v4/62_PHASE_DELIVERIES_V4/V4_21/113_Generative_Stress_Scope.md,obsidian_documentation,local_deterministic_synthetic_reference,research_only_nonproduction
SAED_V4_21,docs/strategy_factory_sovereign_context_intelligence_v4/62_PHASE_DELIVERIES_V4/V4_21/114_Independent_Reproduction_Procedure.md,obsidian_documentation,local_deterministic_synthetic_reference,research_only_nonproduction
SAED_V4_21,docs/strategy_factory_sovereign_context_intelligence_v4/62_PHASE_DELIVERIES_V4/V4_21/115_Installation_and_QA.md,obsidian_documentation,local_deterministic_synthetic_reference,research_only_nonproduction
SAED_V4_21,docs/strategy_factory_sovereign_context_intelligence_v4/62_PHASE_DELIVERIES_V4/V4_21/116_File_Inventory_and_Hash_Ledger.md,obsidian_documentation,local_deterministic_synthetic_reference,research_only_nonproduction
SAED_V4_21,docs/strategy_factory_sovereign_context_intelligence_v4/62_PHASE_DELIVERIES_V4/V4_21/117_Acceptance_Decision.md,obsidian_documentation,local_deterministic_synthetic_reference,research_only_nonproduction
SAED_V4_21,docs/strategy_factory_sovereign_context_intelligence_v4/62_PHASE_DELIVERIES_V4/V4_21/11_Protected_Evidence_Firewall.md,obsidian_documentation,local_deterministic_synthetic_reference,research_only_nonproduction
SAED_V4_21,docs/strategy_factory_sovereign_context_intelligence_v4/62_PHASE_DELIVERIES_V4/V4_21/12_Closed_Treatment_Universe_Intake.md,obsidian_documentation,local_deterministic_synthetic_reference,research_only_nonproduction
SAED_V4_21,docs/strategy_factory_sovereign_context_intelligence_v4/62_PHASE_DELIVERIES_V4/V4_21/13_Candidate_Score_Table_Intake.md,obsidian_documentation,local_deterministic_synthetic_reference,research_only_nonproduction
SAED_V4_21,docs/strategy_factory_sovereign_context_intelligence_v4/62_PHASE_DELIVERIES_V4/V4_21/14_Scenario_Contract.md,obsidian_documentation,local_deterministic_synthetic_reference,research_only_nonproduction
SAED_V4_21,docs/strategy_factory_sovereign_context_intelligence_v4/62_PHASE_DELIVERIES_V4/V4_21/15_Native_Scenario_Preservation.md,obsidian_documentation,local_deterministic_synthetic_reference,research_only_nonproduction
SAED_V4_21,docs/strategy_factory_sovereign_context_intelligence_v4/62_PHASE_DELIVERIES_V4/V4_21/16_Cost_Shock_Scenario.md,obsidian_documentation,local_deterministic_synthetic_reference,research_only_nonproduction
SAED_V4_21,docs/strategy_factory_sovereign_context_intelligence_v4/62_PHASE_DELIVERIES_V4/V4_21/17_Tail_Shock_Scenario.md,obsidian_documentation,local_deterministic_synthetic_reference,research_only_nonproduction
SAED_V4_21,docs/strategy_factory_sovereign_context_intelligence_v4/62_PHASE_DELIVERIES_V4/V4_21/18_Support_Shock_Scenario.md,obsidian_documentation,local_deterministic_synthetic_reference,research_only_nonproduction
SAED_V4_21,docs/strategy_factory_sovereign_context_intelligence_v4/62_PHASE_DELIVERIES_V4/V4_21/19_Latency_Shock_Scenario.md,obsidian_documentation,local_deterministic_synthetic_reference,research_only_nonproduction
SAED_V4_21,docs/strategy_factory_sovereign_context_intelligence_v4/62_PHASE_DELIVERIES_V4/V4_21/20_Calibration_Shock_Scenario.md,obsidian_documentation,local_deterministic_synthetic_reference,research_only_nonproduction
SAED_V4_21,docs/strategy_factory_sovereign_context_intelligence_v4/62_PHASE_DELIVERIES_V4/V4_21/21_Joint_Adverse_Scenario.md,obsidian_documentation,local_deterministic_synthetic_reference,research_only_nonproduction
SAED_V4_21,docs/strategy_factory_sovereign_context_intelligence_v4/62_PHASE_DELIVERIES_V4/V4_21/22_Benign_Control_Scenario.md,obsidian_documentation,local_deterministic_synthetic_reference,research_only_nonproduction
SAED_V4_21,docs/strategy_factory_sovereign_context_intelligence_v4/62_PHASE_DELIVERIES_V4/V4_21/23_Scenario_Budget.md,obsidian_documentation,local_deterministic_synthetic_reference,research_only_nonproduction
SAED_V4_21,docs/strategy_factory_sovereign_context_intelligence_v4/62_PHASE_DELIVERIES_V4/V4_21/24_Scenario_Identity_and_Hashing.md,obsidian_documentation,local_deterministic_synthetic_reference,research_only_nonproduction
SAED_V4_21,docs/strategy_factory_sovereign_context_intelligence_v4/62_PHASE_DELIVERIES_V4/V4_21/25_Scenario_Probability_Semantics.md,obsidian_documentation,local_deterministic_synthetic_reference,research_only_nonproduction
SAED_V4_21,docs/strategy_factory_sovereign_context_intelligence_v4/62_PHASE_DELIVERIES_V4/V4_21/26_Ambiguity_Set_Contract.md,obsidian_documentation,local_deterministic_synthetic_reference,research_only_nonproduction
SAED_V4_21,docs/strategy_factory_sovereign_context_intelligence_v4/62_PHASE_DELIVERIES_V4/V4_21/27_Scenario_Convex_Hull.md,obsidian_documentation,local_deterministic_synthetic_reference,research_only_nonproduction
SAED_V4_21,docs/strategy_factory_sovereign_context_intelligence_v4/62_PHASE_DELIVERIES_V4/V4_21/28_Wasserstein_L1_Reference_Ball.md,obsidian_documentation,local_deterministic_synthetic_reference,research_only_nonproduction
SAED_V4_21,docs/strategy_factory_sovereign_context_intelligence_v4/62_PHASE_DELIVERIES_V4/V4_21/29_KL_Ball_Reference_Boundary.md,obsidian_documentation,local_deterministic_synthetic_reference,research_only_nonproduction
SAED_V4_21,docs/strategy_factory_sovereign_context_intelligence_v4/62_PHASE_DELIVERIES_V4/V4_21/30_Moment_Box_Boundary.md,obsidian_documentation,local_deterministic_synthetic_reference,research_only_nonproduction
SAED_V4_21,docs/strategy_factory_sovereign_context_intelligence_v4/62_PHASE_DELIVERIES_V4/V4_21/31_Hybrid_Ambiguity_Set.md,obsidian_documentation,local_deterministic_synthetic_reference,research_only_nonproduction
SAED_V4_21,docs/strategy_factory_sovereign_context_intelligence_v4/62_PHASE_DELIVERIES_V4/V4_21/32_Probability_Floor.md,obsidian_documentation,local_deterministic_synthetic_reference,research_only_nonproduction
SAED_V4_21,docs/strategy_factory_sovereign_context_intelligence_v4/62_PHASE_DELIVERIES_V4/V4_21/33_Closed_Support_Requirement.md,obsidian_documentation,local_deterministic_synthetic_reference,research_only_nonproduction
SAED_V4_21,docs/strategy_factory_sovereign_context_intelligence_v4/62_PHASE_DELIVERIES_V4/V4_21/34_Ambiguity_Radius_Freeze.md,obsidian_documentation,local_deterministic_synthetic_reference,research_only_nonproduction
SAED_V4_21,docs/strategy_factory_sovereign_context_intelligence_v4/62_PHASE_DELIVERIES_V4/V4_21/35_No_Data_Dependent_Radius.md,obsidian_documentation,local_deterministic_synthetic_reference,research_only_nonproduction
SAED_V4_21,docs/strategy_factory_sovereign_context_intelligence_v4/62_PHASE_DELIVERIES_V4/V4_21/36_Ambiguity_Vertex_Compiler.md,obsidian_documentation,local_deterministic_synthetic_reference,research_only_nonproduction
SAED_V4_21,docs/strategy_factory_sovereign_context_intelligence_v4/62_PHASE_DELIVERIES_V4/V4_21/37_Adverse_Aggregate_Distribution.md,obsidian_documentation,local_deterministic_synthetic_reference,research_only_nonproduction
SAED_V4_21,docs/strategy_factory_sovereign_context_intelligence_v4/62_PHASE_DELIVERIES_V4/V4_21/38_Allocation_Universe_Contract.md,obsidian_documentation,local_deterministic_synthetic_reference,research_only_nonproduction
SAED_V4_21,docs/strategy_factory_sovereign_context_intelligence_v4/62_PHASE_DELIVERIES_V4/V4_21/39_Pure_Treatment_Allocations.md,obsidian_documentation,local_deterministic_synthetic_reference,research_only_nonproduction
SAED_V4_21,docs/strategy_factory_sovereign_context_intelligence_v4/62_PHASE_DELIVERIES_V4/V4_21/40_Bounded_Mixture_Allocations.md,obsidian_documentation,local_deterministic_synthetic_reference,research_only_nonproduction
SAED_V4_21,docs/strategy_factory_sovereign_context_intelligence_v4/62_PHASE_DELIVERIES_V4/V4_21/41_Simplex_Grid.md,obsidian_documentation,local_deterministic_synthetic_reference,research_only_nonproduction
SAED_V4_21,docs/strategy_factory_sovereign_context_intelligence_v4/62_PHASE_DELIVERIES_V4/V4_21/42_Maximum_Active_Treatments.md,obsidian_documentation,local_deterministic_synthetic_reference,research_only_nonproduction
SAED_V4_21,docs/strategy_factory_sovereign_context_intelligence_v4/62_PHASE_DELIVERIES_V4/V4_21/43_Allocation_Identity.md,obsidian_documentation,local_deterministic_synthetic_reference,research_only_nonproduction
SAED_V4_21,docs/strategy_factory_sovereign_context_intelligence_v4/62_PHASE_DELIVERIES_V4/V4_21/44_Weighted_Complexity.md,obsidian_documentation,local_deterministic_synthetic_reference,research_only_nonproduction
SAED_V4_21,docs/strategy_factory_sovereign_context_intelligence_v4/62_PHASE_DELIVERIES_V4/V4_21/45_Diversification_Penalty.md,obsidian_documentation,local_deterministic_synthetic_reference,research_only_nonproduction
SAED_V4_21,docs/strategy_factory_sovereign_context_intelligence_v4/62_PHASE_DELIVERIES_V4/V4_21/46_Robust_Optimization_Contract.md,obsidian_documentation,local_deterministic_synthetic_reference,research_only_nonproduction
SAED_V4_21,docs/strategy_factory_sovereign_context_intelligence_v4/62_PHASE_DELIVERIES_V4/V4_21/47_Maximin_Utility.md,obsidian_documentation,local_deterministic_synthetic_reference,research_only_nonproduction
SAED_V4_21,docs/strategy_factory_sovereign_context_intelligence_v4/62_PHASE_DELIVERIES_V4/V4_21/48_Minimax_Regret.md,obsidian_documentation,local_deterministic_synthetic_reference,research_only_nonproduction
SAED_V4_21,docs/strategy_factory_sovereign_context_intelligence_v4/62_PHASE_DELIVERIES_V4/V4_21/49_Distributionally_Robust_Utility.md,obsidian_documentation,local_deterministic_synthetic_reference,research_only_nonproduction
SAED_V4_21,docs/strategy_factory_sovereign_context_intelligence_v4/62_PHASE_DELIVERIES_V4/V4_21/50_Robust_CVaR.md,obsidian_documentation,local_deterministic_synthetic_reference,research_only_nonproduction
SAED_V4_21,docs/strategy_factory_sovereign_context_intelligence_v4/62_PHASE_DELIVERIES_V4/V4_21/51_Lexicographic_Objective.md,obsidian_documentation,local_deterministic_synthetic_reference,research_only_nonproduction
SAED_V4_21,docs/strategy_factory_sovereign_context_intelligence_v4/62_PHASE_DELIVERIES_V4/V4_21/52_Deterministic_Tie_Break.md,obsidian_documentation,local_deterministic_synthetic_reference,research_only_nonproduction
SAED_V4_21,docs/strategy_factory_sovereign_context_intelligence_v4/62_PHASE_DELIVERIES_V4/V4_21/53_Objective_Freeze.md,obsidian_documentation,local_deterministic_synthetic_reference,research_only_nonproduction
SAED_V4_21,docs/strategy_factory_sovereign_context_intelligence_v4/62_PHASE_DELIVERIES_V4/V4_21/54_Regret_Contract.md,obsidian_documentation,local_deterministic_synthetic_reference,research_only_nonproduction
SAED_V4_21,docs/strategy_factory_sovereign_context_intelligence_v4/62_PHASE_DELIVERIES_V4/V4_21/55_Scenario_Regret_Matrix.md,obsidian_documentation,local_deterministic_synthetic_reference,research_only_nonproduction
SAED_V4_21,docs/strategy_factory_sovereign_context_intelligence_v4/62_PHASE_DELIVERIES_V4/V4_21/56_Oracle_Utility_Envelope.md,obsidian_documentation,local_deterministic_synthetic_reference,research_only_nonproduction
SAED_V4_21,docs/strategy_factory_sovereign_context_intelligence_v4/62_PHASE_DELIVERIES_V4/V4_21/57_Maximum_Regret.md,obsidian_documentation,local_deterministic_synthetic_reference,research_only_nonproduction
SAED_V4_21,docs/strategy_factory_sovereign_context_intelligence_v4/62_PHASE_DELIVERIES_V4/V4_21/58_Mean_Regret.md,obsidian_documentation,local_deterministic_synthetic_reference,research_only_nonproduction
SAED_V4_21,docs/strategy_factory_sovereign_context_intelligence_v4/62_PHASE_DELIVERIES_V4/V4_21/59_Total_Regret.md,obsidian_documentation,local_deterministic_synthetic_reference,research_only_nonproduction
SAED_V4_21,docs/strategy_factory_sovereign_context_intelligence_v4/62_PHASE_DELIVERIES_V4/V4_21/60_Dynamic_Regret.md,obsidian_documentation,local_deterministic_synthetic_reference,research_only_nonproduction
SAED_V4_21,docs/strategy_factory_sovereign_context_intelligence_v4/62_PHASE_DELIVERIES_V4/V4_21/61_Baseline_Relative_Regret.md,obsidian_documentation,local_deterministic_synthetic_reference,research_only_nonproduction
SAED_V4_21,docs/strategy_factory_sovereign_context_intelligence_v4/62_PHASE_DELIVERIES_V4/V4_21/62_Regret_Budget.md,obsidian_documentation,local_deterministic_synthetic_reference,research_only_nonproduction
SAED_V4_21,docs/strategy_factory_sovereign_context_intelligence_v4/62_PHASE_DELIVERIES_V4/V4_21/63_Robust_Margin.md,obsidian_documentation,local_deterministic_synthetic_reference,research_only_nonproduction
SAED_V4_21,docs/strategy_factory_sovereign_context_intelligence_v4/62_PHASE_DELIVERIES_V4/V4_21/64_Manual_Baseline_Contract.md,obsidian_documentation,local_deterministic_synthetic_reference,research_only_nonproduction
SAED_V4_21,docs/strategy_factory_sovereign_context_intelligence_v4/62_PHASE_DELIVERIES_V4/V4_21/65_Canonical_Manual_Baseline.md,obsidian_documentation,local_deterministic_synthetic_reference,research_only_nonproduction
SAED_V4_21,docs/strategy_factory_sovereign_context_intelligence_v4/62_PHASE_DELIVERIES_V4/V4_21/66_Skip_Treatment_Preservation.md,obsidian_documentation,local_deterministic_synthetic_reference,research_only_nonproduction
SAED_V4_21,docs/strategy_factory_sovereign_context_intelligence_v4/62_PHASE_DELIVERIES_V4/V4_21/67_Worst_Case_Non_Inferiority.md,obsidian_documentation,local_deterministic_synthetic_reference,research_only_nonproduction
SAED_V4_21,docs/strategy_factory_sovereign_context_intelligence_v4/62_PHASE_DELIVERIES_V4/V4_21/68_CVaR_Non_Inferiority.md,obsidian_documentation,local_deterministic_synthetic_reference,research_only_nonproduction
SAED_V4_21,docs/strategy_factory_sovereign_context_intelligence_v4/62_PHASE_DELIVERIES_V4/V4_21/69_Complexity_Increase_Gate.md,obsidian_documentation,local_deterministic_synthetic_reference,research_only_nonproduction
SAED_V4_21,docs/strategy_factory_sovereign_context_intelligence_v4/62_PHASE_DELIVERIES_V4/V4_21/70_Fail_Closed_Skip.md,obsidian_documentation,local_deterministic_synthetic_reference,research_only_nonproduction
SAED_V4_21,docs/strategy_factory_sovereign_context_intelligence_v4/62_PHASE_DELIVERIES_V4/V4_21/71_Feasibility_Compilation.md,obsidian_documentation,local_deterministic_synthetic_reference,research_only_nonproduction
SAED_V4_21,docs/strategy_factory_sovereign_context_intelligence_v4/62_PHASE_DELIVERIES_V4/V4_21/72_No_Feasible_Allocation_Behavior.md,obsidian_documentation,local_deterministic_synthetic_reference,research_only_nonproduction
SAED_V4_21,docs/strategy_factory_sovereign_context_intelligence_v4/62_PHASE_DELIVERIES_V4/V4_21/73_Research_Recommendation_Semantics.md,obsidian_documentation,local_deterministic_synthetic_reference,research_only_nonproduction
SAED_V4_21,docs/strategy_factory_sovereign_context_intelligence_v4/62_PHASE_DELIVERIES_V4/V4_21/74_Abstention_Semantics.md,obsidian_documentation,local_deterministic_synthetic_reference,research_only_nonproduction
SAED_V4_21,docs/strategy_factory_sovereign_context_intelligence_v4/62_PHASE_DELIVERIES_V4/V4_21/75_Bounded_Adversary.md,obsidian_documentation,local_deterministic_synthetic_reference,research_only_nonproduction
SAED_V4_21,docs/strategy_factory_sovereign_context_intelligence_v4/62_PHASE_DELIVERIES_V4/V4_21/76_Adversarial_Step_Budget.md,obsidian_documentation,local_deterministic_synthetic_reference,research_only_nonproduction
SAED_V4_21,docs/strategy_factory_sovereign_context_intelligence_v4/62_PHASE_DELIVERIES_V4/V4_21/77_Shock_Bound.md,obsidian_documentation,local_deterministic_synthetic_reference,research_only_nonproduction
SAED_V4_21,docs/strategy_factory_sovereign_context_intelligence_v4/62_PHASE_DELIVERIES_V4/V4_21/78_Adversarial_Trace.md,obsidian_documentation,local_deterministic_synthetic_reference,research_only_nonproduction
SAED_V4_21,docs/strategy_factory_sovereign_context_intelligence_v4/62_PHASE_DELIVERIES_V4/V4_21/79_Leave_One_Scenario_Out.md,obsidian_documentation,local_deterministic_synthetic_reference,research_only_nonproduction
SAED_V4_21,docs/strategy_factory_sovereign_context_intelligence_v4/62_PHASE_DELIVERIES_V4/V4_21/80_Radius_Sensitivity.md,obsidian_documentation,local_deterministic_synthetic_reference,research_only_nonproduction
SAED_V4_21,docs/strategy_factory_sovereign_context_intelligence_v4/62_PHASE_DELIVERIES_V4/V4_21/81_Stability_Spread.md,obsidian_documentation,local_deterministic_synthetic_reference,research_only_nonproduction
SAED_V4_21,docs/strategy_factory_sovereign_context_intelligence_v4/62_PHASE_DELIVERIES_V4/V4_21/82_Sensitivity_Monotonicity.md,obsidian_documentation,local_deterministic_synthetic_reference,research_only_nonproduction
SAED_V4_21,docs/strategy_factory_sovereign_context_intelligence_v4/62_PHASE_DELIVERIES_V4/V4_21/83_Optimization_Budget.md,obsidian_documentation,local_deterministic_synthetic_reference,research_only_nonproduction
SAED_V4_21,docs/strategy_factory_sovereign_context_intelligence_v4/62_PHASE_DELIVERIES_V4/V4_21/84_Candidate_Budget.md,obsidian_documentation,local_deterministic_synthetic_reference,research_only_nonproduction
SAED_V4_21,docs/strategy_factory_sovereign_context_intelligence_v4/62_PHASE_DELIVERIES_V4/V4_21/85_Scenario_Budget_Accounting.md,obsidian_documentation,local_deterministic_synthetic_reference,research_only_nonproduction
SAED_V4_21,docs/strategy_factory_sovereign_context_intelligence_v4/62_PHASE_DELIVERIES_V4/V4_21/86_Ambiguity_Distribution_Accounting.md,obsidian_documentation,local_deterministic_synthetic_reference,research_only_nonproduction
SAED_V4_21,docs/strategy_factory_sovereign_context_intelligence_v4/62_PHASE_DELIVERIES_V4/V4_21/87_Allocation_Accounting.md,obsidian_documentation,local_deterministic_synthetic_reference,research_only_nonproduction
SAED_V4_21,docs/strategy_factory_sovereign_context_intelligence_v4/62_PHASE_DELIVERIES_V4/V4_21/88_Objective_Evaluation_Accounting.md,obsidian_documentation,local_deterministic_synthetic_reference,research_only_nonproduction
SAED_V4_21,docs/strategy_factory_sovereign_context_intelligence_v4/62_PHASE_DELIVERIES_V4/V4_21/89_Hidden_Evaluation_Query_Zero.md,obsidian_documentation,local_deterministic_synthetic_reference,research_only_nonproduction
SAED_V4_21,docs/strategy_factory_sovereign_context_intelligence_v4/62_PHASE_DELIVERIES_V4/V4_21/90_Protected_Evidence_Exposure_Zero.md,obsidian_documentation,local_deterministic_synthetic_reference,research_only_nonproduction
SAED_V4_21,docs/strategy_factory_sovereign_context_intelligence_v4/62_PHASE_DELIVERIES_V4/V4_21/91_Budget_Ledger_Hash.md,obsidian_documentation,local_deterministic_synthetic_reference,research_only_nonproduction
SAED_V4_21,docs/strategy_factory_sovereign_context_intelligence_v4/62_PHASE_DELIVERIES_V4/V4_21/92_Robust_Certificate.md,obsidian_documentation,local_deterministic_synthetic_reference,research_only_nonproduction
SAED_V4_21,docs/strategy_factory_sovereign_context_intelligence_v4/62_PHASE_DELIVERIES_V4/V4_21/93_Certificate_Content_Addressing.md,obsidian_documentation,local_deterministic_synthetic_reference,research_only_nonproduction
SAED_V4_21,docs/strategy_factory_sovereign_context_intelligence_v4/62_PHASE_DELIVERIES_V4/V4_21/94_Certificate_Authority_Denials.md,obsidian_documentation,local_deterministic_synthetic_reference,research_only_nonproduction
SAED_V4_21,docs/strategy_factory_sovereign_context_intelligence_v4/62_PHASE_DELIVERIES_V4/V4_21/95_Replay_Receipt.md,obsidian_documentation,local_deterministic_synthetic_reference,research_only_nonproduction
SAED_V4_21,docs/strategy_factory_sovereign_context_intelligence_v4/62_PHASE_DELIVERIES_V4/V4_21/96_Deterministic_Replay.md,obsidian_documentation,local_deterministic_synthetic_reference,research_only_nonproduction
SAED_V4_21,docs/strategy_factory_sovereign_context_intelligence_v4/62_PHASE_DELIVERIES_V4/V4_21/97_Reference_Run_Hash.md,obsidian_documentation,local_deterministic_synthetic_reference,research_only_nonproduction
SAED_V4_21,docs/strategy_factory_sovereign_context_intelligence_v4/62_PHASE_DELIVERIES_V4/V4_21/98_Golden_Fixture_Suite.md,obsidian_documentation,local_deterministic_synthetic_reference,research_only_nonproduction
SAED_V4_21,docs/strategy_factory_sovereign_context_intelligence_v4/62_PHASE_DELIVERIES_V4/V4_21/99_Negative_Unknown_Field_Fixture.md,obsidian_documentation,local_deterministic_synthetic_reference,research_only_nonproduction
SAED_V4_21,docs/strategy_factory_sovereign_context_intelligence_v4/63_ATOMIC_CONCEPTS_V4/V4_21/01_Ambiguity_Radius.md,obsidian_documentation,local_deterministic_synthetic_reference,research_only_nonproduction
SAED_V4_21,docs/strategy_factory_sovereign_context_intelligence_v4/63_ATOMIC_CONCEPTS_V4/V4_21/02_Ambiguity_Vertex.md,obsidian_documentation,local_deterministic_synthetic_reference,research_only_nonproduction
SAED_V4_21,docs/strategy_factory_sovereign_context_intelligence_v4/63_ATOMIC_CONCEPTS_V4/V4_21/03_Closed_Support.md,obsidian_documentation,local_deterministic_synthetic_reference,research_only_nonproduction
SAED_V4_21,docs/strategy_factory_sovereign_context_intelligence_v4/63_ATOMIC_CONCEPTS_V4/V4_21/04_Nominal_Distribution.md,obsidian_documentation,local_deterministic_synthetic_reference,research_only_nonproduction
SAED_V4_21,docs/strategy_factory_sovereign_context_intelligence_v4/63_ATOMIC_CONCEPTS_V4/V4_21/05_Adverse_Distribution.md,obsidian_documentation,local_deterministic_synthetic_reference,research_only_nonproduction
SAED_V4_21,docs/strategy_factory_sovereign_context_intelligence_v4/63_ATOMIC_CONCEPTS_V4/V4_21/06_Scenario_Utility.md,obsidian_documentation,local_deterministic_synthetic_reference,research_only_nonproduction
SAED_V4_21,docs/strategy_factory_sovereign_context_intelligence_v4/63_ATOMIC_CONCEPTS_V4/V4_21/07_Oracle_Utility.md,obsidian_documentation,local_deterministic_synthetic_reference,research_only_nonproduction
SAED_V4_21,docs/strategy_factory_sovereign_context_intelligence_v4/63_ATOMIC_CONCEPTS_V4/V4_21/08_Scenario_Regret.md,obsidian_documentation,local_deterministic_synthetic_reference,research_only_nonproduction
SAED_V4_21,docs/strategy_factory_sovereign_context_intelligence_v4/63_ATOMIC_CONCEPTS_V4/V4_21/09_Maximum_Regret.md,obsidian_documentation,local_deterministic_synthetic_reference,research_only_nonproduction
SAED_V4_21,docs/strategy_factory_sovereign_context_intelligence_v4/63_ATOMIC_CONCEPTS_V4/V4_21/10_Mean_Regret.md,obsidian_documentation,local_deterministic_synthetic_reference,research_only_nonproduction
SAED_V4_21,docs/strategy_factory_sovereign_context_intelligence_v4/63_ATOMIC_CONCEPTS_V4/V4_21/11_Dynamic_Regret.md,obsidian_documentation,local_deterministic_synthetic_reference,research_only_nonproduction
SAED_V4_21,docs/strategy_factory_sovereign_context_intelligence_v4/63_ATOMIC_CONCEPTS_V4/V4_21/12_Worst_Case_Utility.md,obsidian_documentation,local_deterministic_synthetic_reference,research_only_nonproduction
SAED_V4_21,docs/strategy_factory_sovereign_context_intelligence_v4/63_ATOMIC_CONCEPTS_V4/V4_21/13_Robust_CVaR.md,obsidian_documentation,local_deterministic_synthetic_reference,research_only_nonproduction
SAED_V4_21,docs/strategy_factory_sovereign_context_intelligence_v4/63_ATOMIC_CONCEPTS_V4/V4_21/14_Distributionally_Robust_Utility.md,obsidian_documentation,local_deterministic_synthetic_reference,research_only_nonproduction
SAED_V4_21,docs/strategy_factory_sovereign_context_intelligence_v4/63_ATOMIC_CONCEPTS_V4/V4_21/15_Pure_Allocation.md,obsidian_documentation,local_deterministic_synthetic_reference,research_only_nonproduction
SAED_V4_21,docs/strategy_factory_sovereign_context_intelligence_v4/63_ATOMIC_CONCEPTS_V4/V4_21/16_Mixture_Allocation.md,obsidian_documentation,local_deterministic_synthetic_reference,research_only_nonproduction
SAED_V4_21,docs/strategy_factory_sovereign_context_intelligence_v4/63_ATOMIC_CONCEPTS_V4/V4_21/17_Simplex_Grid.md,obsidian_documentation,local_deterministic_synthetic_reference,research_only_nonproduction
SAED_V4_21,docs/strategy_factory_sovereign_context_intelligence_v4/63_ATOMIC_CONCEPTS_V4/V4_21/18_Active_Treatment_Bound.md,obsidian_documentation,local_deterministic_synthetic_reference,research_only_nonproduction
SAED_V4_21,docs/strategy_factory_sovereign_context_intelligence_v4/63_ATOMIC_CONCEPTS_V4/V4_21/19_Diversification_Penalty.md,obsidian_documentation,local_deterministic_synthetic_reference,research_only_nonproduction
SAED_V4_21,docs/strategy_factory_sovereign_context_intelligence_v4/63_ATOMIC_CONCEPTS_V4/V4_21/20_Weighted_Complexity.md,obsidian_documentation,local_deterministic_synthetic_reference,research_only_nonproduction
SAED_V4_21,docs/strategy_factory_sovereign_context_intelligence_v4/63_ATOMIC_CONCEPTS_V4/V4_21/21_Baseline_Non_Inferiority.md,obsidian_documentation,local_deterministic_synthetic_reference,research_only_nonproduction
SAED_V4_21,docs/strategy_factory_sovereign_context_intelligence_v4/63_ATOMIC_CONCEPTS_V4/V4_21/22_Robust_Margin.md,obsidian_documentation,local_deterministic_synthetic_reference,research_only_nonproduction
SAED_V4_21,docs/strategy_factory_sovereign_context_intelligence_v4/63_ATOMIC_CONCEPTS_V4/V4_21/23_Fail_Closed_Skip.md,obsidian_documentation,local_deterministic_synthetic_reference,research_only_nonproduction
SAED_V4_21,docs/strategy_factory_sovereign_context_intelligence_v4/63_ATOMIC_CONCEPTS_V4/V4_21/24_Research_Recommendation.md,obsidian_documentation,local_deterministic_synthetic_reference,research_only_nonproduction
SAED_V4_21,docs/strategy_factory_sovereign_context_intelligence_v4/63_ATOMIC_CONCEPTS_V4/V4_21/25_Robust_Certificate.md,obsidian_documentation,local_deterministic_synthetic_reference,research_only_nonproduction
SAED_V4_21,docs/strategy_factory_sovereign_context_intelligence_v4/63_ATOMIC_CONCEPTS_V4/V4_21/26_Replay_Receipt.md,obsidian_documentation,local_deterministic_synthetic_reference,research_only_nonproduction
SAED_V4_21,docs/strategy_factory_sovereign_context_intelligence_v4/63_ATOMIC_CONCEPTS_V4/V4_21/27_Budget_Ledger.md,obsidian_documentation,local_deterministic_synthetic_reference,research_only_nonproduction
SAED_V4_21,docs/strategy_factory_sovereign_context_intelligence_v4/63_ATOMIC_CONCEPTS_V4/V4_21/28_Objective_Freeze.md,obsidian_documentation,local_deterministic_synthetic_reference,research_only_nonproduction
SAED_V4_21,docs/strategy_factory_sovereign_context_intelligence_v4/63_ATOMIC_CONCEPTS_V4/V4_21/29_Ambiguity_Freeze.md,obsidian_documentation,local_deterministic_synthetic_reference,research_only_nonproduction
SAED_V4_21,docs/strategy_factory_sovereign_context_intelligence_v4/63_ATOMIC_CONCEPTS_V4/V4_21/30_Protected_Evidence_Firewall.md,obsidian_documentation,local_deterministic_synthetic_reference,research_only_nonproduction
SAED_V4_21,docs/strategy_factory_sovereign_context_intelligence_v4/63_ATOMIC_CONCEPTS_V4/V4_21/31_Future_Suffix_Invariance.md,obsidian_documentation,local_deterministic_synthetic_reference,research_only_nonproduction
SAED_V4_21,docs/strategy_factory_sovereign_context_intelligence_v4/63_ATOMIC_CONCEPTS_V4/V4_21/32_Bounded_Adversary.md,obsidian_documentation,local_deterministic_synthetic_reference,research_only_nonproduction
SAED_V4_21,docs/strategy_factory_sovereign_context_intelligence_v4/63_ATOMIC_CONCEPTS_V4/V4_21/33_Shock_Bound.md,obsidian_documentation,local_deterministic_synthetic_reference,research_only_nonproduction
SAED_V4_21,docs/strategy_factory_sovereign_context_intelligence_v4/63_ATOMIC_CONCEPTS_V4/V4_21/34_Stability_Spread.md,obsidian_documentation,local_deterministic_synthetic_reference,research_only_nonproduction
SAED_V4_21,docs/strategy_factory_sovereign_context_intelligence_v4/63_ATOMIC_CONCEPTS_V4/V4_21/35_Leave_One_Out.md,obsidian_documentation,local_deterministic_synthetic_reference,research_only_nonproduction
SAED_V4_21,docs/strategy_factory_sovereign_context_intelligence_v4/63_ATOMIC_CONCEPTS_V4/V4_21/36_Radius_Sensitivity.md,obsidian_documentation,local_deterministic_synthetic_reference,research_only_nonproduction
SAED_V4_21,docs/strategy_factory_sovereign_context_intelligence_v4/63_ATOMIC_CONCEPTS_V4/V4_21/37_Authority_Denial.md,obsidian_documentation,local_deterministic_synthetic_reference,research_only_nonproduction
SAED_V4_21,docs/strategy_factory_sovereign_context_intelligence_v4/63_ATOMIC_CONCEPTS_V4/V4_21/38_Synthetic_Evidence_Ceiling.md,obsidian_documentation,local_deterministic_synthetic_reference,research_only_nonproduction
SAED_V4_21,docs/strategy_factory_sovereign_context_intelligence_v4/63_ATOMIC_CONCEPTS_V4/V4_21/39_V4_22_Handoff.md,obsidian_documentation,local_deterministic_synthetic_reference,research_only_nonproduction
SAED_V4_21,docs/strategy_factory_sovereign_context_intelligence_v4/63_ATOMIC_CONCEPTS_V4/V4_21/40_Production_Non_Authorization.md,obsidian_documentation,local_deterministic_synthetic_reference,research_only_nonproduction
SAED_V4_21,lab/11_strategy_factory/artifacts/saed_v4_21/AMBIGUITY_FREEZE_RECORD.JSON,golden_evidence,local_deterministic_synthetic_reference,research_only_nonproduction
SAED_V4_21,lab/11_strategy_factory/artifacts/saed_v4_21/AUTHORITY_BOUNDARY.JSON,golden_evidence,local_deterministic_synthetic_reference,research_only_nonproduction
SAED_V4_21,lab/11_strategy_factory/artifacts/saed_v4_21/BASELINE_PRESERVATION_MATRIX.JSON,golden_evidence,local_deterministic_synthetic_reference,research_only_nonproduction
SAED_V4_21,lab/11_strategy_factory/artifacts/saed_v4_21/CONTRACT_VALIDATION_MAP.JSON,golden_evidence,local_deterministic_synthetic_reference,research_only_nonproduction
SAED_V4_21,lab/11_strategy_factory/artifacts/saed_v4_21/DETERMINISM_REPORT.JSON,golden_evidence,local_deterministic_synthetic_reference,research_only_nonproduction
SAED_V4_21,lab/11_strategy_factory/artifacts/saed_v4_21/FUTURE_SUFFIX_INVARIANCE_REPORT.JSON,golden_evidence,local_deterministic_synthetic_reference,research_only_nonproduction
SAED_V4_21,lab/11_strategy_factory/artifacts/saed_v4_21/GOLDEN_ADVERSARY_REPORT.JSON,golden_evidence,local_deterministic_synthetic_reference,research_only_nonproduction
SAED_V4_21,lab/11_strategy_factory/artifacts/saed_v4_21/GOLDEN_ALLOCATION_UNIVERSE.JSON,golden_evidence,local_deterministic_synthetic_reference,research_only_nonproduction
SAED_V4_21,lab/11_strategy_factory/artifacts/saed_v4_21/GOLDEN_AMBIGUITY_SET.JSON,golden_evidence,local_deterministic_synthetic_reference,research_only_nonproduction
SAED_V4_21,lab/11_strategy_factory/artifacts/saed_v4_21/GOLDEN_BUDGET_SNAPSHOT.JSON,golden_evidence,local_deterministic_synthetic_reference,research_only_nonproduction
SAED_V4_21,lab/11_strategy_factory/artifacts/saed_v4_21/GOLDEN_CLAIM_TIER_REPORT.JSON,golden_evidence,local_deterministic_synthetic_reference,research_only_nonproduction
SAED_V4_21,lab/11_strategy_factory/artifacts/saed_v4_21/GOLDEN_RADIUS_SENSITIVITY.JSON,golden_evidence,local_deterministic_synthetic_reference,research_only_nonproduction
SAED_V4_21,lab/11_strategy_factory/artifacts/saed_v4_21/GOLDEN_REPLAY_RECEIPT.JSON,golden_evidence,local_deterministic_synthetic_reference,research_only_nonproduction
SAED_V4_21,lab/11_strategy_factory/artifacts/saed_v4_21/GOLDEN_ROBUST_CERTIFICATE.JSON,golden_evidence,local_deterministic_synthetic_reference,research_only_nonproduction
SAED_V4_21,lab/11_strategy_factory/artifacts/saed_v4_21/GOLDEN_ROBUST_OPTIMIZATION_REPORT.JSON,golden_evidence,local_deterministic_synthetic_reference,research_only_nonproduction
SAED_V4_21,lab/11_strategy_factory/artifacts/saed_v4_21/GOLDEN_SCENARIO_SET.JSON,golden_evidence,local_deterministic_synthetic_reference,research_only_nonproduction
SAED_V4_21,lab/11_strategy_factory/artifacts/saed_v4_21/GOLDEN_STABILITY_REPORT.JSON,golden_evidence,local_deterministic_synthetic_reference,research_only_nonproduction
SAED_V4_21,lab/11_strategy_factory/artifacts/saed_v4_21/GOLDEN_UPSTREAM_RECEIPT.JSON,golden_evidence,local_deterministic_synthetic_reference,research_only_nonproduction
SAED_V4_21,lab/11_strategy_factory/artifacts/saed_v4_21/MODEL_RISK_REVIEW.JSON,golden_evidence,local_deterministic_synthetic_reference,research_only_nonproduction
SAED_V4_21,lab/11_strategy_factory/artifacts/saed_v4_21/NEGATIVE_AUTHORITY_ESCALATION.JSON,golden_evidence,local_deterministic_synthetic_reference,research_only_nonproduction
SAED_V4_21,lab/11_strategy_factory/artifacts/saed_v4_21/NEGATIVE_DATA_DEPENDENT_RADIUS.JSON,golden_evidence,local_deterministic_synthetic_reference,research_only_nonproduction
SAED_V4_21,lab/11_strategy_factory/artifacts/saed_v4_21/NEGATIVE_FUTURE_SUFFIX.JSON,golden_evidence,local_deterministic_synthetic_reference,research_only_nonproduction
SAED_V4_21,lab/11_strategy_factory/artifacts/saed_v4_21/NEGATIVE_HIDDEN_EVALUATION_BUDGET.JSON,golden_evidence,local_deterministic_synthetic_reference,research_only_nonproduction
SAED_V4_21,lab/11_strategy_factory/artifacts/saed_v4_21/NEGATIVE_PROTECTED_EVIDENCE_BUDGET.JSON,golden_evidence,local_deterministic_synthetic_reference,research_only_nonproduction
SAED_V4_21,lab/11_strategy_factory/artifacts/saed_v4_21/NEGATIVE_RUNTIME_EXECUTABLE.JSON,golden_evidence,local_deterministic_synthetic_reference,research_only_nonproduction
SAED_V4_21,lab/11_strategy_factory/artifacts/saed_v4_21/NEGATIVE_UNKNOWN_FIELD.JSON,golden_evidence,local_deterministic_synthetic_reference,research_only_nonproduction
SAED_V4_21,lab/11_strategy_factory/artifacts/saed_v4_21/NEGATIVE_UPSTREAM_HASH_MISMATCH.JSON,golden_evidence,local_deterministic_synthetic_reference,research_only_nonproduction
SAED_V4_21,lab/11_strategy_factory/artifacts/saed_v4_21/OBJECTIVE_FREEZE_RECORD.JSON,golden_evidence,local_deterministic_synthetic_reference,research_only_nonproduction
SAED_V4_21,lab/11_strategy_factory/artifacts/saed_v4_21/PROTECTED_EVIDENCE_FIREWALL_REPORT.JSON,golden_evidence,local_deterministic_synthetic_reference,research_only_nonproduction
SAED_V4_21,lab/11_strategy_factory/artifacts/saed_v4_21/REGRET_ACCEPTANCE_MATRIX.JSON,golden_evidence,local_deterministic_synthetic_reference,research_only_nonproduction
SAED_V4_21,lab/11_strategy_factory/artifacts/saed_v4_21/SECURITY_REVIEW.JSON,golden_evidence,local_deterministic_synthetic_reference,research_only_nonproduction
SAED_V4_21,lab/11_strategy_factory/artifacts/saed_v4_21/V4_21_TO_V4_22_HANDOFF.JSON,golden_evidence,local_deterministic_synthetic_reference,research_only_nonproduction
SAED_V4_21,lab/11_strategy_factory/examples/saed_v4_21/AMBIGUITY_SET_CONTRACT.JSON,contract_example,local_deterministic_synthetic_reference,research_only_nonproduction
SAED_V4_21,lab/11_strategy_factory/examples/saed_v4_21/BASELINE_CONTRACT.JSON,contract_example,local_deterministic_synthetic_reference,research_only_nonproduction
SAED_V4_21,lab/11_strategy_factory/examples/saed_v4_21/FULL_REFERENCE_CONFIG.JSON,contract_example,local_deterministic_synthetic_reference,research_only_nonproduction
SAED_V4_21,lab/11_strategy_factory/examples/saed_v4_21/GOLDEN_CANDIDATE_SCORE_TABLE.JSON,contract_example,local_deterministic_synthetic_reference,research_only_nonproduction
SAED_V4_21,lab/11_strategy_factory/examples/saed_v4_21/OPTIMIZATION_BUDGET.JSON,contract_example,local_deterministic_synthetic_reference,research_only_nonproduction
SAED_V4_21,lab/11_strategy_factory/examples/saed_v4_21/REGRET_CONTRACT.JSON,contract_example,local_deterministic_synthetic_reference,research_only_nonproduction
SAED_V4_21,lab/11_strategy_factory/examples/saed_v4_21/ROBUST_OPTIMIZATION_CONTRACT.JSON,contract_example,local_deterministic_synthetic_reference,research_only_nonproduction
SAED_V4_21,lab/11_strategy_factory/examples/saed_v4_21/SCENARIO_CONTRACT.JSON,contract_example,local_deterministic_synthetic_reference,research_only_nonproduction
SAED_V4_21,lab/11_strategy_factory/examples/saed_v4_21/UPSTREAM_INTAKE_CONTRACT.JSON,contract_example,local_deterministic_synthetic_reference,research_only_nonproduction
SAED_V4_21,lab/11_strategy_factory/examples/saed_v4_21/UPSTREAM_V4_20_DOCUMENTS.JSON,contract_example,local_deterministic_synthetic_reference,research_only_nonproduction
SAED_V4_21,lab/11_strategy_factory/phase_status/SAED_V4_21.json,phase_status,local_deterministic_synthetic_reference,research_only_nonproduction
SAED_V4_21,lab/11_strategy_factory/python/saed_v4_robust_optimization_regret/__init__.py,python_source,local_deterministic_synthetic_reference,research_only_nonproduction
SAED_V4_21,lab/11_strategy_factory/python/saed_v4_robust_optimization_regret/adversary.py,python_source,local_deterministic_synthetic_reference,research_only_nonproduction
SAED_V4_21,lab/11_strategy_factory/python/saed_v4_robust_optimization_regret/allocations.py,python_source,local_deterministic_synthetic_reference,research_only_nonproduction
SAED_V4_21,lab/11_strategy_factory/python/saed_v4_robust_optimization_regret/ambiguity.py,python_source,local_deterministic_synthetic_reference,research_only_nonproduction
SAED_V4_21,lab/11_strategy_factory/python/saed_v4_robust_optimization_regret/authority.py,python_source,local_deterministic_synthetic_reference,research_only_nonproduction
SAED_V4_21,lab/11_strategy_factory/python/saed_v4_robust_optimization_regret/baselines.py,python_source,local_deterministic_synthetic_reference,research_only_nonproduction
SAED_V4_21,lab/11_strategy_factory/python/saed_v4_robust_optimization_regret/budget.py,python_source,local_deterministic_synthetic_reference,research_only_nonproduction
SAED_V4_21,lab/11_strategy_factory/python/saed_v4_robust_optimization_regret/canonical.py,python_source,local_deterministic_synthetic_reference,research_only_nonproduction
SAED_V4_21,lab/11_strategy_factory/python/saed_v4_robust_optimization_regret/certificates.py,python_source,local_deterministic_synthetic_reference,research_only_nonproduction
SAED_V4_21,lab/11_strategy_factory/python/saed_v4_robust_optimization_regret/cli.py,python_source,local_deterministic_synthetic_reference,research_only_nonproduction
SAED_V4_21,lab/11_strategy_factory/python/saed_v4_robust_optimization_regret/contracts.py,python_source,local_deterministic_synthetic_reference,research_only_nonproduction
SAED_V4_21,lab/11_strategy_factory/python/saed_v4_robust_optimization_regret/errors.py,python_source,local_deterministic_synthetic_reference,research_only_nonproduction
SAED_V4_21,lab/11_strategy_factory/python/saed_v4_robust_optimization_regret/handoff.py,python_source,local_deterministic_synthetic_reference,research_only_nonproduction
SAED_V4_21,lab/11_strategy_factory/python/saed_v4_robust_optimization_regret/numerics.py,python_source,local_deterministic_synthetic_reference,research_only_nonproduction
SAED_V4_21,lab/11_strategy_factory/python/saed_v4_robust_optimization_regret/objectives.py,python_source,local_deterministic_synthetic_reference,research_only_nonproduction
SAED_V4_21,lab/11_strategy_factory/python/saed_v4_robust_optimization_regret/optimizer.py,python_source,local_deterministic_synthetic_reference,research_only_nonproduction
SAED_V4_21,lab/11_strategy_factory/python/saed_v4_robust_optimization_regret/regret.py,python_source,local_deterministic_synthetic_reference,research_only_nonproduction
SAED_V4_21,lab/11_strategy_factory/python/saed_v4_robust_optimization_regret/replay.py,python_source,local_deterministic_synthetic_reference,research_only_nonproduction
SAED_V4_21,lab/11_strategy_factory/python/saed_v4_robust_optimization_regret/scenarios.py,python_source,local_deterministic_synthetic_reference,research_only_nonproduction
SAED_V4_21,lab/11_strategy_factory/python/saed_v4_robust_optimization_regret/security.py,python_source,local_deterministic_synthetic_reference,research_only_nonproduction
SAED_V4_21,lab/11_strategy_factory/python/saed_v4_robust_optimization_regret/service.py,python_source,local_deterministic_synthetic_reference,research_only_nonproduction
SAED_V4_21,lab/11_strategy_factory/python/saed_v4_robust_optimization_regret/stability.py,python_source,local_deterministic_synthetic_reference,research_only_nonproduction
SAED_V4_21,lab/11_strategy_factory/python/saed_v4_robust_optimization_regret/upstream.py,python_source,local_deterministic_synthetic_reference,research_only_nonproduction
SAED_V4_21,lab/11_strategy_factory/python/saed_v4_robust_optimization_regret/version.py,python_source,local_deterministic_synthetic_reference,research_only_nonproduction
SAED_V4_21,lab/11_strategy_factory/schemas/saed_v4_21/AMBIGUITY_FREEZE_RECORD.SCHEMA.JSON,closed_json_schema,local_deterministic_synthetic_reference,research_only_nonproduction
SAED_V4_21,lab/11_strategy_factory/schemas/saed_v4_21/AMBIGUITY_SET_CONTRACT.SCHEMA.JSON,closed_json_schema,local_deterministic_synthetic_reference,research_only_nonproduction
SAED_V4_21,lab/11_strategy_factory/schemas/saed_v4_21/AUTHORITY_BOUNDARY.SCHEMA.JSON,closed_json_schema,local_deterministic_synthetic_reference,research_only_nonproduction
SAED_V4_21,lab/11_strategy_factory/schemas/saed_v4_21/BASELINE_CONTRACT.SCHEMA.JSON,closed_json_schema,local_deterministic_synthetic_reference,research_only_nonproduction
SAED_V4_21,lab/11_strategy_factory/schemas/saed_v4_21/BASELINE_PRESERVATION_MATRIX.SCHEMA.JSON,closed_json_schema,local_deterministic_synthetic_reference,research_only_nonproduction
SAED_V4_21,lab/11_strategy_factory/schemas/saed_v4_21/CONTRACT_VALIDATION_MAP.SCHEMA.JSON,closed_json_schema,local_deterministic_synthetic_reference,research_only_nonproduction
SAED_V4_21,lab/11_strategy_factory/schemas/saed_v4_21/DETERMINISM_REPORT.SCHEMA.JSON,closed_json_schema,local_deterministic_synthetic_reference,research_only_nonproduction
SAED_V4_21,lab/11_strategy_factory/schemas/saed_v4_21/FULL_REFERENCE_CONFIG.SCHEMA.JSON,closed_json_schema,local_deterministic_synthetic_reference,research_only_nonproduction
SAED_V4_21,lab/11_strategy_factory/schemas/saed_v4_21/FUTURE_SUFFIX_INVARIANCE_REPORT.SCHEMA.JSON,closed_json_schema,local_deterministic_synthetic_reference,research_only_nonproduction
SAED_V4_21,lab/11_strategy_factory/schemas/saed_v4_21/GOLDEN_ADVERSARY_REPORT.SCHEMA.JSON,closed_json_schema,local_deterministic_synthetic_reference,research_only_nonproduction
SAED_V4_21,lab/11_strategy_factory/schemas/saed_v4_21/GOLDEN_ALLOCATION_UNIVERSE.SCHEMA.JSON,closed_json_schema,local_deterministic_synthetic_reference,research_only_nonproduction
SAED_V4_21,lab/11_strategy_factory/schemas/saed_v4_21/GOLDEN_AMBIGUITY_SET.SCHEMA.JSON,closed_json_schema,local_deterministic_synthetic_reference,research_only_nonproduction
SAED_V4_21,lab/11_strategy_factory/schemas/saed_v4_21/GOLDEN_BUDGET_SNAPSHOT.SCHEMA.JSON,closed_json_schema,local_deterministic_synthetic_reference,research_only_nonproduction
SAED_V4_21,lab/11_strategy_factory/schemas/saed_v4_21/GOLDEN_CANDIDATE_SCORE_TABLE.SCHEMA.JSON,closed_json_schema,local_deterministic_synthetic_reference,research_only_nonproduction
SAED_V4_21,lab/11_strategy_factory/schemas/saed_v4_21/GOLDEN_CLAIM_TIER_REPORT.SCHEMA.JSON,closed_json_schema,local_deterministic_synthetic_reference,research_only_nonproduction
SAED_V4_21,lab/11_strategy_factory/schemas/saed_v4_21/GOLDEN_RADIUS_SENSITIVITY.SCHEMA.JSON,closed_json_schema,local_deterministic_synthetic_reference,research_only_nonproduction
SAED_V4_21,lab/11_strategy_factory/schemas/saed_v4_21/GOLDEN_REPLAY_RECEIPT.SCHEMA.JSON,closed_json_schema,local_deterministic_synthetic_reference,research_only_nonproduction
SAED_V4_21,lab/11_strategy_factory/schemas/saed_v4_21/GOLDEN_ROBUST_CERTIFICATE.SCHEMA.JSON,closed_json_schema,local_deterministic_synthetic_reference,research_only_nonproduction
SAED_V4_21,lab/11_strategy_factory/schemas/saed_v4_21/GOLDEN_ROBUST_OPTIMIZATION_REPORT.SCHEMA.JSON,closed_json_schema,local_deterministic_synthetic_reference,research_only_nonproduction
SAED_V4_21,lab/11_strategy_factory/schemas/saed_v4_21/GOLDEN_SCENARIO_SET.SCHEMA.JSON,closed_json_schema,local_deterministic_synthetic_reference,research_only_nonproduction
SAED_V4_21,lab/11_strategy_factory/schemas/saed_v4_21/GOLDEN_STABILITY_REPORT.SCHEMA.JSON,closed_json_schema,local_deterministic_synthetic_reference,research_only_nonproduction
SAED_V4_21,lab/11_strategy_factory/schemas/saed_v4_21/GOLDEN_UPSTREAM_RECEIPT.SCHEMA.JSON,closed_json_schema,local_deterministic_synthetic_reference,research_only_nonproduction
SAED_V4_21,lab/11_strategy_factory/schemas/saed_v4_21/MODEL_RISK_REVIEW.SCHEMA.JSON,closed_json_schema,local_deterministic_synthetic_reference,research_only_nonproduction
SAED_V4_21,lab/11_strategy_factory/schemas/saed_v4_21/NEGATIVE_AUTHORITY_ESCALATION.SCHEMA.JSON,closed_json_schema,local_deterministic_synthetic_reference,research_only_nonproduction
SAED_V4_21,lab/11_strategy_factory/schemas/saed_v4_21/NEGATIVE_DATA_DEPENDENT_RADIUS.SCHEMA.JSON,closed_json_schema,local_deterministic_synthetic_reference,research_only_nonproduction
SAED_V4_21,lab/11_strategy_factory/schemas/saed_v4_21/NEGATIVE_FUTURE_SUFFIX.SCHEMA.JSON,closed_json_schema,local_deterministic_synthetic_reference,research_only_nonproduction
SAED_V4_21,lab/11_strategy_factory/schemas/saed_v4_21/NEGATIVE_HIDDEN_EVALUATION_BUDGET.SCHEMA.JSON,closed_json_schema,local_deterministic_synthetic_reference,research_only_nonproduction
SAED_V4_21,lab/11_strategy_factory/schemas/saed_v4_21/NEGATIVE_PROTECTED_EVIDENCE_BUDGET.SCHEMA.JSON,closed_json_schema,local_deterministic_synthetic_reference,research_only_nonproduction
SAED_V4_21,lab/11_strategy_factory/schemas/saed_v4_21/NEGATIVE_RUNTIME_EXECUTABLE.SCHEMA.JSON,closed_json_schema,local_deterministic_synthetic_reference,research_only_nonproduction
SAED_V4_21,lab/11_strategy_factory/schemas/saed_v4_21/NEGATIVE_UNKNOWN_FIELD.SCHEMA.JSON,closed_json_schema,local_deterministic_synthetic_reference,research_only_nonproduction
SAED_V4_21,lab/11_strategy_factory/schemas/saed_v4_21/NEGATIVE_UPSTREAM_HASH_MISMATCH.SCHEMA.JSON,closed_json_schema,local_deterministic_synthetic_reference,research_only_nonproduction
SAED_V4_21,lab/11_strategy_factory/schemas/saed_v4_21/OBJECTIVE_FREEZE_RECORD.SCHEMA.JSON,closed_json_schema,local_deterministic_synthetic_reference,research_only_nonproduction
SAED_V4_21,lab/11_strategy_factory/schemas/saed_v4_21/OPTIMIZATION_BUDGET.SCHEMA.JSON,closed_json_schema,local_deterministic_synthetic_reference,research_only_nonproduction
SAED_V4_21,lab/11_strategy_factory/schemas/saed_v4_21/PROTECTED_EVIDENCE_FIREWALL_REPORT.SCHEMA.JSON,closed_json_schema,local_deterministic_synthetic_reference,research_only_nonproduction
SAED_V4_21,lab/11_strategy_factory/schemas/saed_v4_21/REGRET_ACCEPTANCE_MATRIX.SCHEMA.JSON,closed_json_schema,local_deterministic_synthetic_reference,research_only_nonproduction
SAED_V4_21,lab/11_strategy_factory/schemas/saed_v4_21/REGRET_CONTRACT.SCHEMA.JSON,closed_json_schema,local_deterministic_synthetic_reference,research_only_nonproduction
SAED_V4_21,lab/11_strategy_factory/schemas/saed_v4_21/ROBUST_OPTIMIZATION_CONTRACT.SCHEMA.JSON,closed_json_schema,local_deterministic_synthetic_reference,research_only_nonproduction
SAED_V4_21,lab/11_strategy_factory/schemas/saed_v4_21/SCENARIO_CONTRACT.SCHEMA.JSON,closed_json_schema,local_deterministic_synthetic_reference,research_only_nonproduction
SAED_V4_21,lab/11_strategy_factory/schemas/saed_v4_21/SECURITY_REVIEW.SCHEMA.JSON,closed_json_schema,local_deterministic_synthetic_reference,research_only_nonproduction
SAED_V4_21,lab/11_strategy_factory/schemas/saed_v4_21/UPSTREAM_INTAKE_CONTRACT.SCHEMA.JSON,closed_json_schema,local_deterministic_synthetic_reference,research_only_nonproduction
SAED_V4_21,lab/11_strategy_factory/schemas/saed_v4_21/UPSTREAM_V4_20_DOCUMENTS.SCHEMA.JSON,closed_json_schema,local_deterministic_synthetic_reference,research_only_nonproduction
SAED_V4_21,lab/11_strategy_factory/schemas/saed_v4_21/V4_21_TO_V4_22_HANDOFF.SCHEMA.JSON,closed_json_schema,local_deterministic_synthetic_reference,research_only_nonproduction
SAED_V4_21,lab/11_strategy_factory/tests/phase_saed_v4_21_robust_optimization_regret/conftest.py,python_test,local_deterministic_synthetic_reference,research_only_nonproduction
SAED_V4_21,lab/11_strategy_factory/tests/phase_saed_v4_21_robust_optimization_regret/test_adversary_stability.py,python_test,local_deterministic_synthetic_reference,research_only_nonproduction
SAED_V4_21,lab/11_strategy_factory/tests/phase_saed_v4_21_robust_optimization_regret/test_allocations_regret.py,python_test,local_deterministic_synthetic_reference,research_only_nonproduction
SAED_V4_21,lab/11_strategy_factory/tests/phase_saed_v4_21_robust_optimization_regret/test_artifacts_schemas.py,python_test,local_deterministic_synthetic_reference,research_only_nonproduction
SAED_V4_21,lab/11_strategy_factory/tests/phase_saed_v4_21_robust_optimization_regret/test_budget_fail_closed.py,python_test,local_deterministic_synthetic_reference,research_only_nonproduction
SAED_V4_21,lab/11_strategy_factory/tests/phase_saed_v4_21_robust_optimization_regret/test_certificate_replay_handoff.py,python_test,local_deterministic_synthetic_reference,research_only_nonproduction
SAED_V4_21,lab/11_strategy_factory/tests/phase_saed_v4_21_robust_optimization_regret/test_contracts_authority.py,python_test,local_deterministic_synthetic_reference,research_only_nonproduction
SAED_V4_21,lab/11_strategy_factory/tests/phase_saed_v4_21_robust_optimization_regret/test_optimizer_baseline.py,python_test,local_deterministic_synthetic_reference,research_only_nonproduction
SAED_V4_21,lab/11_strategy_factory/tests/phase_saed_v4_21_robust_optimization_regret/test_scenarios_ambiguity.py,python_test,local_deterministic_synthetic_reference,research_only_nonproduction
SAED_V4_21,lab/11_strategy_factory/tests/phase_saed_v4_21_robust_optimization_regret/test_upstream_security.py,python_test,local_deterministic_synthetic_reference,research_only_nonproduction
SAED_V4_21,mql5/Experts/DecisionAlphaLab/StrategyFactory/SAED/V4_21/SAEDV421StaticConformance.mq5,mql5_static_mirror,local_deterministic_synthetic_reference,research_only_nonproduction
SAED_V4_21,mql5/Include/DecisionAlphaLab/StrategyFactory/SAED/V4_21/SAEDV421Adversary.mqh,mql5_static_mirror,local_deterministic_synthetic_reference,research_only_nonproduction
SAED_V4_21,mql5/Include/DecisionAlphaLab/StrategyFactory/SAED/V4_21/SAEDV421Allocations.mqh,mql5_static_mirror,local_deterministic_synthetic_reference,research_only_nonproduction
SAED_V4_21,mql5/Include/DecisionAlphaLab/StrategyFactory/SAED/V4_21/SAEDV421Ambiguity.mqh,mql5_static_mirror,local_deterministic_synthetic_reference,research_only_nonproduction
SAED_V4_21,mql5/Include/DecisionAlphaLab/StrategyFactory/SAED/V4_21/SAEDV421Authority.mqh,mql5_static_mirror,local_deterministic_synthetic_reference,research_only_nonproduction
SAED_V4_21,mql5/Include/DecisionAlphaLab/StrategyFactory/SAED/V4_21/SAEDV421Baseline.mqh,mql5_static_mirror,local_deterministic_synthetic_reference,research_only_nonproduction
SAED_V4_21,mql5/Include/DecisionAlphaLab/StrategyFactory/SAED/V4_21/SAEDV421Budget.mqh,mql5_static_mirror,local_deterministic_synthetic_reference,research_only_nonproduction
SAED_V4_21,mql5/Include/DecisionAlphaLab/StrategyFactory/SAED/V4_21/SAEDV421CVaR.mqh,mql5_static_mirror,local_deterministic_synthetic_reference,research_only_nonproduction
SAED_V4_21,mql5/Include/DecisionAlphaLab/StrategyFactory/SAED/V4_21/SAEDV421Certificate.mqh,mql5_static_mirror,local_deterministic_synthetic_reference,research_only_nonproduction
SAED_V4_21,mql5/Include/DecisionAlphaLab/StrategyFactory/SAED/V4_21/SAEDV421Fallback.mqh,mql5_static_mirror,local_deterministic_synthetic_reference,research_only_nonproduction
SAED_V4_21,mql5/Include/DecisionAlphaLab/StrategyFactory/SAED/V4_21/SAEDV421Handoff.mqh,mql5_static_mirror,local_deterministic_synthetic_reference,research_only_nonproduction
SAED_V4_21,mql5/Include/DecisionAlphaLab/StrategyFactory/SAED/V4_21/SAEDV421Optimizer.mqh,mql5_static_mirror,local_deterministic_synthetic_reference,research_only_nonproduction
SAED_V4_21,mql5/Include/DecisionAlphaLab/StrategyFactory/SAED/V4_21/SAEDV421Regret.mqh,mql5_static_mirror,local_deterministic_synthetic_reference,research_only_nonproduction
SAED_V4_21,mql5/Include/DecisionAlphaLab/StrategyFactory/SAED/V4_21/SAEDV421Replay.mqh,mql5_static_mirror,local_deterministic_synthetic_reference,research_only_nonproduction
SAED_V4_21,mql5/Include/DecisionAlphaLab/StrategyFactory/SAED/V4_21/SAEDV421RobustUtility.mqh,mql5_static_mirror,local_deterministic_synthetic_reference,research_only_nonproduction
SAED_V4_21,mql5/Include/DecisionAlphaLab/StrategyFactory/SAED/V4_21/SAEDV421Scenarios.mqh,mql5_static_mirror,local_deterministic_synthetic_reference,research_only_nonproduction
SAED_V4_21,mql5/Include/DecisionAlphaLab/StrategyFactory/SAED/V4_21/SAEDV421Stability.mqh,mql5_static_mirror,local_deterministic_synthetic_reference,research_only_nonproduction
SAED_V4_21,mql5/Include/DecisionAlphaLab/StrategyFactory/SAED/V4_21/SAEDV421Types.mqh,mql5_static_mirror,local_deterministic_synthetic_reference,research_only_nonproduction
SAED_V4_21,mql5/Include/DecisionAlphaLab/StrategyFactory/SAED/V4_21/SAEDV421Version.mqh,mql5_static_mirror,local_deterministic_synthetic_reference,research_only_nonproduction
SAED_V4_21,tools/strategy_factory/saed_v4_21/_schema_validator.py,qa_tooling,local_deterministic_synthetic_reference,research_only_nonproduction
SAED_V4_21,tools/strategy_factory/saed_v4_21/check_saed_v4_21_boundaries.py,qa_tooling,local_deterministic_synthetic_reference,research_only_nonproduction
SAED_V4_21,tools/strategy_factory/saed_v4_21/reproduce_saed_v4_21_golden.py,qa_tooling,local_deterministic_synthetic_reference,research_only_nonproduction
SAED_V4_21,tools/strategy_factory/saed_v4_21/run_saed_v4_21_full_qa.py,qa_tooling,local_deterministic_synthetic_reference,research_only_nonproduction
SAED_V4_21,tools/strategy_factory/saed_v4_21/run_saed_v4_21_tests.py,qa_tooling,local_deterministic_synthetic_reference,research_only_nonproduction
SAED_V4_21,tools/strategy_factory/saed_v4_21/validate_saed_v4_21_contracts.py,qa_tooling,local_deterministic_synthetic_reference,research_only_nonproduction
SAED_V4_21,tools/strategy_factory/saed_v4_21/validate_saed_v4_21_delivery.py,qa_tooling,local_deterministic_synthetic_reference,research_only_nonproduction
SAED_V4_21,tools/strategy_factory/saed_v4_21/validate_saed_v4_21_mql5_static.py,qa_tooling,local_deterministic_synthetic_reference,research_only_nonproduction
SAED_V4_21,tools/strategy_factory/saed_v4_21/validate_saed_v4_21_obsidian.py,qa_tooling,local_deterministic_synthetic_reference,research_only_nonproduction
SAED_V4_21,tools/strategy_factory/saed_v4_21/validate_saed_v4_21_status.py,qa_tooling,local_deterministic_synthetic_reference,research_only_nonproduction
