path,sha256,size_bytes,change_type,context_version,documentation_language
COMMIT_MESSAGE_RTHP_CONTEXT.md,sha256:e76c818052a29fddfcf38d9880169c66fabd7b7900b1f71e3460e247f726e635,363,ADDED_OR_REPLACED,1.0.1,English
INSTALL_ALPHA_LAB_RTHP_CONTEXT.md,sha256:78e4ef98a721196315a446e783e5e6f0d72b99a84f5a77e5f5fdb066466c4fef,325,ADDED_OR_REPLACED,1.0.1,English
README_ALPHA_LAB_RTHP_CONTEXT.md,sha256:e3146af288a3e6430acefa864c4bdef6f1f25d0d18f9f99be17b3f903836568a,394,ADDED_OR_REPLACED,1.0.1,English
ROLLBACK_ALPHA_LAB_RTHP_CONTEXT.md,sha256:43f434c369b10c9ad8542d5977ecae6c65bf793935b1c92fa9eb0f55b12d3efe,279,ADDED_OR_REPLACED,1.0.1,English
RTHP_CONTEXT_FILE_INDEX.txt,sha256:d37c44296dcead3344df3871af4927f22e313261035973006944e0aa8553e903,10821,ADDED_OR_REPLACED,1.0.1,English
RTHP_CONTEXT_PATCH_CONTENTS_TREE.txt,sha256:c7fada23107fa5b3a6f6732d5b3c825240d94bf5151adbad43486c6d5ec4a395,10863,ADDED_OR_REPLACED,1.0.1,English
RTHP_CONTEXT_PATCH_MANIFEST.json,sha256:48e8dcd1aa6aca07296ea21d5e73071e66c195ec5c943776fc7f9e1b13bb6d2b,2075,ADDED_OR_REPLACED,1.0.1,English
RTHP_CONTEXT_QA_REPORT.json,sha256:9a88f36f01b1fa97e8fe76eb08f68282a02954f1b4e713b1961db6e7f8ea7b88,1680,ADDED_OR_REPLACED,1.0.1,English
docs/alpha_lab_master_architecture/context_lifecycle_os/12_PHASE_DELIVERIES/ACL_02/RTHP/00_RTHP_MOC.md,sha256:13dc22e6821b5a203b5dff1069f009b6457f85bad84496697bfc2d98f7ab672e,941,ADDED_OR_REPLACED,1.0.1,English
docs/alpha_lab_master_architecture/context_lifecycle_os/12_PHASE_DELIVERIES/ACL_02/RTHP/01_Context_Boundary.md,sha256:20d55f2f7acdd5cdbe8d95e8bc5d34e5aee061c24d2f10709e06c2aa40a517a3,621,ADDED_OR_REPLACED,1.0.1,English
docs/alpha_lab_master_architecture/context_lifecycle_os/12_PHASE_DELIVERIES/ACL_02/RTHP/02_Doctrine_and_Invariants.md,sha256:b3865199569b965aea7c4d89fbbdb939714dc18aecbeed4d3d24e9342676b093,691,ADDED_OR_REPLACED,1.0.1,English
docs/alpha_lab_master_architecture/context_lifecycle_os/12_PHASE_DELIVERIES/ACL_02/RTHP/03_Time_and_Cycles.md,sha256:be028936af79486e535ee04f95e41ee396b623322be95ead477f6393ed8b2e6f,595,ADDED_OR_REPLACED,1.0.1,English
docs/alpha_lab_master_architecture/context_lifecycle_os/12_PHASE_DELIVERIES/ACL_02/RTHP/04_Data_Contract.md,sha256:9f9073ef99fe6ea42e1fc72e5bd5a53967cd605a5041a094e5fee23c18e7ddd8,603,ADDED_OR_REPLACED,1.0.1,English
docs/alpha_lab_master_architecture/context_lifecycle_os/12_PHASE_DELIVERIES/ACL_02/RTHP/05_Reference_Levels_and_Touch.md,sha256:5fe1f7b645522ae22676c4ad941680f844d402ae23299bd37f657bfc20df357d,678,ADDED_OR_REPLACED,1.0.1,English
docs/alpha_lab_master_architecture/context_lifecycle_os/12_PHASE_DELIVERIES/ACL_02/RTHP/06_State_Machine.md,sha256:7bc2a81247947167c8dfc11f81cd9ba0fdf04f504b78b3afdeb032cd079c79e5,692,ADDED_OR_REPLACED,1.0.1,English
docs/alpha_lab_master_architecture/context_lifecycle_os/12_PHASE_DELIVERIES/ACL_02/RTHP/07_Relationship_Families.md,sha256:919db7fd5b2f062adf9a62e30ec38e719b5bf8deddc5d82d5ecc047279d3f715,566,ADDED_OR_REPLACED,1.0.1,English
docs/alpha_lab_master_architecture/context_lifecycle_os/12_PHASE_DELIVERIES/ACL_02/RTHP/08_Identity_and_Deduplication.md,sha256:d9ac37dea940e43248d0e8b0fcc4231bdef6a9d2b3ef75a2ff28852cf2f35a44,680,ADDED_OR_REPLACED,1.0.1,English
docs/alpha_lab_master_architecture/context_lifecycle_os/12_PHASE_DELIVERIES/ACL_02/RTHP/09_Missing_Data_and_UNKNOWN.md,sha256:bde8ed0a8a002a3eaab40555fefea979bf1d92cd9a8cf9f38acf31337c7af7e7,684,ADDED_OR_REPLACED,1.0.1,English
docs/alpha_lab_master_architecture/context_lifecycle_os/12_PHASE_DELIVERIES/ACL_02/RTHP/10_Historical_Live_Parity.md,sha256:f7dd0dcc465ba789c8a0ae5f99109316df50125c0cee163d2940a54e61492c7d,577,ADDED_OR_REPLACED,1.0.1,English
docs/alpha_lab_master_architecture/context_lifecycle_os/12_PHASE_DELIVERIES/ACL_02/RTHP/11_Visualization_Boundary.md,sha256:a61b74ea5d16d379faea136d94214952a48ff7b0ae535d8350fa021215cd7439,599,ADDED_OR_REPLACED,1.0.1,English
docs/alpha_lab_master_architecture/context_lifecycle_os/12_PHASE_DELIVERIES/ACL_02/RTHP/12_Acceptance_and_Fixtures.md,sha256:6378185c0c809cf65ba142a5d3b663e0380641a62d9d91531265166bbc169f75,642,ADDED_OR_REPLACED,1.0.1,English
docs/alpha_lab_master_architecture/context_lifecycle_os/12_PHASE_DELIVERIES/ACL_02/RTHP/13_Provenance_and_Versioning.md,sha256:5001334ca609d340dfc98a3c51afde92b4219f0296caeb5d68aa0dbc010b18ba,649,ADDED_OR_REPLACED,1.0.1,English
docs/alpha_lab_master_architecture/context_lifecycle_os/12_PHASE_DELIVERIES/ACL_02/RTHP/14_Handoff_to_Research.md,sha256:ca79b934881fb7effd05e7fb5598252487f869962123a1cab07de98d24abf5f9,617,ADDED_OR_REPLACED,1.0.1,English
docs/alpha_lab_master_architecture/context_lifecycle_os/13_ATOMIC_CONCEPTS/ACL_02/RTHP/01_Corresponding_Level.md,sha256:0b598c745da47d868ce25897daebbe5e0a91c9eed4531ead3dcd678143631b4f,248,ADDED_OR_REPLACED,1.0.1,English
docs/alpha_lab_master_architecture/context_lifecycle_os/13_ATOMIC_CONCEPTS/ACL_02/RTHP/02_Touch_Without_Close.md,sha256:28fc93e071af6b3572b44b7a3ce41642808aa39242d10ae403d455b9a8a4de6d,278,ADDED_OR_REPLACED,1.0.1,English
docs/alpha_lab_master_architecture/context_lifecycle_os/13_ATOMIC_CONCEPTS/ACL_02/RTHP/03_Polarity_Without_Trade.md,sha256:bd035f347f1e67ac6b92e21cd94ea5806121fca2c5befeb6791aa4b3762098a2,240,ADDED_OR_REPLACED,1.0.1,English
docs/alpha_lab_master_architecture/context_lifecycle_os/13_ATOMIC_CONCEPTS/ACL_02/RTHP/04_Stale_Data_Cannot_Confirm.md,sha256:d0271b319a59d1a547482ffedd995485094d484f32b4f81a368b7ea77eb9c9a3,260,ADDED_OR_REPLACED,1.0.1,English
docs/alpha_lab_master_architecture/context_lifecycle_os/13_ATOMIC_CONCEPTS/ACL_02/RTHP/05_Reference_Exhaustion.md,sha256:6f681f5fc21e9f96affe373867d208be3111a3e6956765db268dab70b983286e,322,ADDED_OR_REPLACED,1.0.1,English
lab/11_strategy_factory/contexts/CTX_RTHP_CROSS_SYMBOL_CYCLE_DIVERGENCE_V1/AGENTS.md,sha256:1867f3264b3e0f9fa7e3146b1fad4b5b12339388a677a9c5f8cf7fdc85d772d8,266,ADDED_OR_REPLACED,1.0.1,English
lab/11_strategy_factory/contexts/CTX_RTHP_CROSS_SYMBOL_CYCLE_DIVERGENCE_V1/README.md,sha256:1a42865761ae60cf7d64a38b7ff4e9eab5bade9ed36e258095ebe5423f1d1d0c,589,ADDED_OR_REPLACED,1.0.1,English
lab/11_strategy_factory/contexts/CTX_RTHP_CROSS_SYMBOL_CYCLE_DIVERGENCE_V1/adapters/README.md,sha256:b0edf5b3b137e24a848e58a24106fe2196fbc83860751fce4ef418a07330fe5b,178,ADDED_OR_REPLACED,1.0.1,English
lab/11_strategy_factory/contexts/CTX_RTHP_CROSS_SYMBOL_CYCLE_DIVERGENCE_V1/context_manifest.yaml,sha256:be2ab07ffe1082edebf4d8405c9284fc6286529db3bd67da1030d719d7989dd9,1322,ADDED_OR_REPLACED,1.0.1,English
lab/11_strategy_factory/contexts/CTX_RTHP_CROSS_SYMBOL_CYCLE_DIVERGENCE_V1/contracts/acceptance_gates.yaml,sha256:e2f883b82ca56467f22ee13520a4da6012bec261cf98f9c435faae02d9fe09ec,878,ADDED_OR_REPLACED,1.0.1,English
lab/11_strategy_factory/contexts/CTX_RTHP_CROSS_SYMBOL_CYCLE_DIVERGENCE_V1/contracts/calendar_contract.yaml,sha256:48343b8737e0c27e66059046542410d467cf7ef5db863ac6be1151b79ff077bc,605,ADDED_OR_REPLACED,1.0.1,English
lab/11_strategy_factory/contexts/CTX_RTHP_CROSS_SYMBOL_CYCLE_DIVERGENCE_V1/contracts/causal_clock.yaml,sha256:7a31803b8b736324eccd3a516e70f3be4c76cdafb81b7eaff087975f6b95b760,1537,ADDED_OR_REPLACED,1.0.1,English
lab/11_strategy_factory/contexts/CTX_RTHP_CROSS_SYMBOL_CYCLE_DIVERGENCE_V1/contracts/cycle_registry.yaml,sha256:637ed4ab7f0ad54b0f27e1521c174620c2f9f71d8527162f3ab4150a41879969,842,ADDED_OR_REPLACED,1.0.1,English
lab/11_strategy_factory/contexts/CTX_RTHP_CROSS_SYMBOL_CYCLE_DIVERGENCE_V1/contracts/data_contract.yaml,sha256:e89eeaaf534b8a2abfca311b84bf529e4139c3fa8d1db52c27ab5eb290ead995,1509,ADDED_OR_REPLACED,1.0.1,English
lab/11_strategy_factory/contexts/CTX_RTHP_CROSS_SYMBOL_CYCLE_DIVERGENCE_V1/contracts/feature_views.yaml,sha256:715a20aabf74408ebdea3cf977651c8bb4a308cde3d3a345d11018f99114b1eb,861,ADDED_OR_REPLACED,1.0.1,English
lab/11_strategy_factory/contexts/CTX_RTHP_CROSS_SYMBOL_CYCLE_DIVERGENCE_V1/contracts/historical_live_parity.yaml,sha256:f5d99c2218b87c249d9d72c3e3733e627a3b53b11976d6ecd41029133f9df669,574,ADDED_OR_REPLACED,1.0.1,English
lab/11_strategy_factory/contexts/CTX_RTHP_CROSS_SYMBOL_CYCLE_DIVERGENCE_V1/contracts/lookback_policy.yaml,sha256:a05ed5bb219675b35144abd1f0ae19667e159472de12919f876d98246b6c9c27,410,ADDED_OR_REPLACED,1.0.1,English
lab/11_strategy_factory/contexts/CTX_RTHP_CROSS_SYMBOL_CYCLE_DIVERGENCE_V1/contracts/missingness_and_unknown.yaml,sha256:c94f74b3f493246f462adb90e5a6537008ee3df55b37108a3a474bebb88f7500,531,ADDED_OR_REPLACED,1.0.1,English
lab/11_strategy_factory/contexts/CTX_RTHP_CROSS_SYMBOL_CYCLE_DIVERGENCE_V1/contracts/occurrence_contract.yaml,sha256:4e0a3998d1010ad5f8f022cd391db0a6ec30b71c4ab8822be1f4000918d74a29,1260,ADDED_OR_REPLACED,1.0.1,English
lab/11_strategy_factory/contexts/CTX_RTHP_CROSS_SYMBOL_CYCLE_DIVERGENCE_V1/contracts/ontology.yaml,sha256:86f47961e0700817a2e1d8397d72a80fba2f968caebee1ac5d61ab04be6e6483,2113,ADDED_OR_REPLACED,1.0.1,English
lab/11_strategy_factory/contexts/CTX_RTHP_CROSS_SYMBOL_CYCLE_DIVERGENCE_V1/contracts/price_basis_contract.yaml,sha256:c083ab2b137aff31b41a7ed74f6feb2ae05a98174cd901f6aaedd8b3533ec34d,203,ADDED_OR_REPLACED,1.0.1,English
lab/11_strategy_factory/contexts/CTX_RTHP_CROSS_SYMBOL_CYCLE_DIVERGENCE_V1/contracts/reference_contract.yaml,sha256:8823bcb62576a99937e65f04d7ec3d83650dfa2875f4d9fa35ede43daf2d022b,1249,ADDED_OR_REPLACED,1.0.1,English
lab/11_strategy_factory/contexts/CTX_RTHP_CROSS_SYMBOL_CYCLE_DIVERGENCE_V1/contracts/revision_policy.yaml,sha256:5fa2d2cd4fd59aa764bed7b5e56dea74593ce4eff33ee857ac50cf5dd3ea7974,336,ADDED_OR_REPLACED,1.0.1,English
lab/11_strategy_factory/contexts/CTX_RTHP_CROSS_SYMBOL_CYCLE_DIVERGENCE_V1/contracts/rthp_extension_manifest.yaml,sha256:b4c7e27c13f31788fbbb3408414fd917a6d7593cd00c7a6d1bda3877ee250868,600,ADDED_OR_REPLACED,1.0.1,English
lab/11_strategy_factory/contexts/CTX_RTHP_CROSS_SYMBOL_CYCLE_DIVERGENCE_V1/contracts/scope.yaml,sha256:ef53064b7809f869979bb1fa3dcb03376237fedd2458c6b9a45316939def3219,640,ADDED_OR_REPLACED,1.0.1,English
lab/11_strategy_factory/contexts/CTX_RTHP_CROSS_SYMBOL_CYCLE_DIVERGENCE_V1/contracts/signal_family_registry.yaml,sha256:13ebf48f1d729a1b33e9f48a826bb9b233ba45b8ac9e5a28f1b24c94acd7233a,1020,ADDED_OR_REPLACED,1.0.1,English
lab/11_strategy_factory/contexts/CTX_RTHP_CROSS_SYMBOL_CYCLE_DIVERGENCE_V1/contracts/state_machine.yaml,sha256:005b4ebda322fbfe490e91b16a0d92f6ecdfb390b8be95e3724d9baca7d69334,1604,ADDED_OR_REPLACED,1.0.1,English
lab/11_strategy_factory/contexts/CTX_RTHP_CROSS_SYMBOL_CYCLE_DIVERGENCE_V1/contracts/symbol_pair_contract.yaml,sha256:56e9dce3f13091e28ee1b679d69da97a36a055a5329227952a47919fb846a673,487,ADDED_OR_REPLACED,1.0.1,English
lab/11_strategy_factory/contexts/CTX_RTHP_CROSS_SYMBOL_CYCLE_DIVERGENCE_V1/contracts/touch_contract.yaml,sha256:e6ef5c745416784d8b8b7d201ad129fa902bc27f4e3ae81d780a874d6ec16a7f,303,ADDED_OR_REPLACED,1.0.1,English
lab/11_strategy_factory/contexts/CTX_RTHP_CROSS_SYMBOL_CYCLE_DIVERGENCE_V1/contracts/treatment_envelope.yaml,sha256:bfd44ff42685caf2c0befa7089fef660978a940d379ce27fae7dab45ae562546,370,ADDED_OR_REPLACED,1.0.1,English
lab/11_strategy_factory/contexts/CTX_RTHP_CROSS_SYMBOL_CYCLE_DIVERGENCE_V1/contracts/visual_projection_boundary.yaml,sha256:8c5f5c9087875ffba05ee67b31f0f272697e7d627c3d42f35b7c067fd2fb8181,207,ADDED_OR_REPLACED,1.0.1,English
lab/11_strategy_factory/contexts/CTX_RTHP_CROSS_SYMBOL_CYCLE_DIVERGENCE_V1/doctrine/context_doctrine.md,sha256:6a47440853ae2ca5334252156897a20294db3f453d49c40449da97bfc5d89f8d,1795,ADDED_OR_REPLACED,1.0.1,English
lab/11_strategy_factory/contexts/CTX_RTHP_CROSS_SYMBOL_CYCLE_DIVERGENCE_V1/doctrine/glossary.yaml,sha256:b39eeef69966eda81fa63dba1859bbe3efd19df6ca174f3c01655cf783f962f6,2980,ADDED_OR_REPLACED,1.0.1,English
lab/11_strategy_factory/contexts/CTX_RTHP_CROSS_SYMBOL_CYCLE_DIVERGENCE_V1/fixtures/example_catalog.yaml,sha256:af855ebf49b0c51c435a3fd9a20029d1bb35437dd42d7acc4edcefc4b2ba2a0e,1472,ADDED_OR_REPLACED,1.0.1,English
lab/11_strategy_factory/contexts/CTX_RTHP_CROSS_SYMBOL_CYCLE_DIVERGENCE_V1/fixtures/golden/AMB_STALE_PRIMARY.json,sha256:d53a8f133136b313edb7321ee426fd79b0305114517e24b6c931b4de27687d5e,916,ADDED_OR_REPLACED,1.0.1,English
lab/11_strategy_factory/contexts/CTX_RTHP_CROSS_SYMBOL_CYCLE_DIVERGENCE_V1/fixtures/golden/AMB_STALE_SECONDARY.json,sha256:a0bb3a83a8be40e5c9e9741f40418a723cc3b4bd16f20ae07e24ac23ab439866,919,ADDED_OR_REPLACED,1.0.1,English
lab/11_strategy_factory/contexts/CTX_RTHP_CROSS_SYMBOL_CYCLE_DIVERGENCE_V1/fixtures/golden/NEG_BASIS_MISMATCH.json,sha256:b74f0ed4249415b5fcab35d4404e2a2cb73873e5b3cfa5ca80a77742627bf010,924,ADDED_OR_REPLACED,1.0.1,English
lab/11_strategy_factory/contexts/CTX_RTHP_CROSS_SYMBOL_CYCLE_DIVERGENCE_V1/fixtures/golden/NEG_BOTH_HIGH.json,sha256:6d47643d1b9195370e4cab2be2a3d43818b310bf35113f12aded92e11d471f5d,921,ADDED_OR_REPLACED,1.0.1,English
lab/11_strategy_factory/contexts/CTX_RTHP_CROSS_SYMBOL_CYCLE_DIVERGENCE_V1/fixtures/golden/NEG_NONE_LOW.json,sha256:6dcbe95f66b758703851a8b715e64ed8b5129d65711878f287599933642ff334,875,ADDED_OR_REPLACED,1.0.1,English
lab/11_strategy_factory/contexts/CTX_RTHP_CROSS_SYMBOL_CYCLE_DIVERGENCE_V1/fixtures/golden/NONSEQUENTIAL_M15.json,sha256:7940c26bd6386e74cc86199218350a815ebe7142ec6dc14855210c2abff205fd,933,ADDED_OR_REPLACED,1.0.1,English
lab/11_strategy_factory/contexts/CTX_RTHP_CROSS_SYMBOL_CYCLE_DIVERGENCE_V1/fixtures/golden/PARTIAL_HISTORY.json,sha256:1f1dcf38a973d2a88e978fd5391511b4d559d39780c5826b329ac42e1759de13,918,ADDED_OR_REPLACED,1.0.1,English
lab/11_strategy_factory/contexts/CTX_RTHP_CROSS_SYMBOL_CYCLE_DIVERGENCE_V1/fixtures/golden/POS_HIGH_A_ONLY.json,sha256:dacbae37286174aeaef1e7dafd33a10c880afd879b6545bb32af8288b2012806,917,ADDED_OR_REPLACED,1.0.1,English
lab/11_strategy_factory/contexts/CTX_RTHP_CROSS_SYMBOL_CYCLE_DIVERGENCE_V1/fixtures/golden/POS_LOW_B_ONLY.json,sha256:fed543926086adc15c50cb37b72efcba85755f7dbc25fbbda4958d65ea18c973,915,ADDED_OR_REPLACED,1.0.1,English
lab/11_strategy_factory/contexts/CTX_RTHP_CROSS_SYMBOL_CYCLE_DIVERGENCE_V1/fixtures/golden/RESTART_DEDUP.json,sha256:54a4224ba2746576e43458cac60a2b01dd1a1d4eedba4a65c741587feb94f6f9,914,ADDED_OR_REPLACED,1.0.1,English
lab/11_strategy_factory/contexts/CTX_RTHP_CROSS_SYMBOL_CYCLE_DIVERGENCE_V1/fixtures/golden/SEQUENTIAL_M15.json,sha256:17ea78ea25b606ac9a994a63d78638b6f67e30fc520e4c706fccca0ce40d819a,929,ADDED_OR_REPLACED,1.0.1,English
lab/11_strategy_factory/contexts/CTX_RTHP_CROSS_SYMBOL_CYCLE_DIVERGENCE_V1/fixtures/golden/ZERO_HISTORY.json,sha256:a81e6772d20a44bd908ba36f29bae2636dfb6a4298bd219abe832a1d307075c4,888,ADDED_OR_REPLACED,1.0.1,English
lab/11_strategy_factory/contexts/CTX_RTHP_CROSS_SYMBOL_CYCLE_DIVERGENCE_V1/generated/ACL02_CONTEXT_INTAKE_READINESS.md,sha256:af4c11e3f6af89f6233216dbcb16b6bd2444bef9d1bd945d0d4f258171c883cc,925,ADDED_OR_REPLACED,1.0.1,English
lab/11_strategy_factory/contexts/CTX_RTHP_CROSS_SYMBOL_CYCLE_DIVERGENCE_V1/generated/acceptance_report.json,sha256:4f42e8b4f3de55af76649004157ea5f9e2b7275381565b89bf3c63b039cda260,1202,ADDED_OR_REPLACED,1.0.1,English
lab/11_strategy_factory/contexts/CTX_RTHP_CROSS_SYMBOL_CYCLE_DIVERGENCE_V1/generated/acl02_context_intake_result.json,sha256:89a1643c1bd1f5daba2193aef5de32820dc558f1cd99dc4cb972130d1cd758d2,5618,ADDED_OR_REPLACED,1.0.1,English
lab/11_strategy_factory/contexts/CTX_RTHP_CROSS_SYMBOL_CYCLE_DIVERGENCE_V1/generated/compiled_context_contract.json,sha256:82b4d78ffe56b8715ee5d100f2c362850c80b446ff1abcec4a76027eb1e3249e,35422,ADDED_OR_REPLACED,1.0.1,English
lab/11_strategy_factory/contexts/CTX_RTHP_CROSS_SYMBOL_CYCLE_DIVERGENCE_V1/governance/amendment_policy.yaml,sha256:3a1ba806e07f289334fe8fade2bab1ae8885897cde81396e33e36f6ffb8efe51,604,ADDED_OR_REPLACED,1.0.1,English
lab/11_strategy_factory/contexts/CTX_RTHP_CROSS_SYMBOL_CYCLE_DIVERGENCE_V1/governance/authority_permit.json,sha256:1d25750ade2ad8516c2c1ef21783f76acf9da444875360d55dc9d32963ac9565,573,ADDED_OR_REPLACED,1.0.1,English
lab/11_strategy_factory/contexts/CTX_RTHP_CROSS_SYMBOL_CYCLE_DIVERGENCE_V1/governance/semantic_approval.json,sha256:0cac666225357be18d75cd15fe57aa357b2325f18af2f2c69f831626b216dbf6,710,ADDED_OR_REPLACED,1.0.1,English
lab/11_strategy_factory/contexts/CTX_RTHP_CROSS_SYMBOL_CYCLE_DIVERGENCE_V1/handoff/RTHP_CONTEXT_TO_RESEARCH_HANDOFF.md,sha256:b95ad57829803006fa4fcd746497e0ad01c8936071079d4adc4ca589e583ad2c,368,ADDED_OR_REPLACED,1.0.1,English
lab/11_strategy_factory/contexts/CTX_RTHP_CROSS_SYMBOL_CYCLE_DIVERGENCE_V1/handoff/research_boundary.yaml,sha256:cfbd9444139e91631a9a209e79718569c8366a700e5669e1d7da508dd2783a98,445,ADDED_OR_REPLACED,1.0.1,English
lab/11_strategy_factory/contexts/CTX_RTHP_CROSS_SYMBOL_CYCLE_DIVERGENCE_V1/intake/decision_ledger.md,sha256:1cf9be0df4f830b1cbe50da896c34a343e4d3245ade127bc5e11f6fc9052fb87,1389,ADDED_OR_REPLACED,1.0.1,English
lab/11_strategy_factory/contexts/CTX_RTHP_CROSS_SYMBOL_CYCLE_DIVERGENCE_V1/intake/owner_decision_registry.json,sha256:2be798f63744bfaf4cb3dc707bae2470d8e690bf808797fbb7e42d22134742a2,1173,ADDED_OR_REPLACED,1.0.1,English
lab/11_strategy_factory/contexts/CTX_RTHP_CROSS_SYMBOL_CYCLE_DIVERGENCE_V1/intake/source/RTHP_CONTEXT_DECISION_QUESTIONNAIRE_EN.html,sha256:4cfacd8736809bb53df5e3c50507c8103e4c10464359f3ce887104bf5bf8cdae,27696,ADDED_OR_REPLACED,1.0.1,English
lab/11_strategy_factory/contexts/CTX_RTHP_CROSS_SYMBOL_CYCLE_DIVERGENCE_V1/intake/source/RTHP_CONTEXT_DECISION_QUESTIONNAIRE_EN.pdf,sha256:909ca0381a9625b743d81a4ce7c29aeaef3afcb79177041eb95f7898223df0cf,37133,ADDED_OR_REPLACED,1.0.1,English
lab/11_strategy_factory/contexts/CTX_RTHP_CROSS_SYMBOL_CYCLE_DIVERGENCE_V1/intake/source/RTHP_RAW_CONTEXT_EN.docx,sha256:1ae141a33f6fb808a76034daae0c46892fb58c1c50d831a03e57793a3ad4b6f4,39169,ADDED_OR_REPLACED,1.0.1,English
lab/11_strategy_factory/contexts/CTX_RTHP_CROSS_SYMBOL_CYCLE_DIVERGENCE_V1/intake/source_manifest.json,sha256:6b1789e9a76f240ad19ad0317d06410ac9debeb3081fe3d972476ca10af99ae2,975,ADDED_OR_REPLACED,1.0.1,English
lab/11_strategy_factory/contexts/CTX_RTHP_CROSS_SYMBOL_CYCLE_DIVERGENCE_V1/intake/source_transcription.md,sha256:e8e08a0d749c55b3e3198fbf79b79b4c01fc39be0e78dd24278acb7bb2b82146,3490,ADDED_OR_REPLACED,1.0.1,English
lab/11_strategy_factory/contexts/CTX_RTHP_CROSS_SYMBOL_CYCLE_DIVERGENCE_V1/owners.yaml,sha256:13812a5a43814469d6bcaffb842d79513bf83fa2003dc77933c7ac5898b32914,347,ADDED_OR_REPLACED,1.0.1,English
lab/11_strategy_factory/contexts/CTX_RTHP_CROSS_SYMBOL_CYCLE_DIVERGENCE_V1/security/security_profile.yaml,sha256:d89a9da1a300411a0e6fae2ccda2ee0ff3dcc423e8e51d2930e90a5ce390ed54,517,ADDED_OR_REPLACED,1.0.1,English
lab/11_strategy_factory/contexts/CTX_RTHP_CROSS_SYMBOL_CYCLE_DIVERGENCE_V1/tests/README.md,sha256:4c27defa7517e9ae7a366cdc27c1125dc5b9ee100e419e4797b9a49fbedd860a,225,ADDED_OR_REPLACED,1.0.1,English
lab/11_strategy_factory/tests/rthp_context/test_acl02_conformance.py,sha256:cb54de0e3dcc5414aaeef41d63096d774edfd2edea4f495642e68b97b326cdd0,806,ADDED_OR_REPLACED,1.0.1,English
lab/11_strategy_factory/tests/rthp_context/test_context_package.py,sha256:eefe0d6fbc84173698fa32770ce7446d5675f3f60ec7deb0eb1ef8f144a9d200,534,ADDED_OR_REPLACED,1.0.1,English
lab/11_strategy_factory/tests/rthp_context/test_detector.py,sha256:94faafd6351fe19cdc8681f914c6b913cd760477a665c4ed5cccc9c65ee4061e,1216,ADDED_OR_REPLACED,1.0.1,English
lab/11_strategy_factory/tests/rthp_context/test_fixtures.py,sha256:65d2dea79b3fee9cba968994f46588dbf69bdd3b7ee46c842074b2c3376777b8,299,ADDED_OR_REPLACED,1.0.1,English
lab/11_strategy_factory/tests/rthp_context/test_mql5_boundary.py,sha256:70103191d001c034af588a8b9127c9a649b708e379a4cb845e8150decc1b689e,282,ADDED_OR_REPLACED,1.0.1,English
lab/11_strategy_factory/tests/rthp_context/test_state_machine.py,sha256:b707cfb3fc8232e388721cfa698e18ac07761d2413d96d53c779a6d35274c67e,398,ADDED_OR_REPLACED,1.0.1,English
mql5/Include/AlphaLab/StrategyFactory/ContextPackage/RTHP/RTHP_All.mqh,sha256:3ce52087b0a7c81c2bea8b1d33a67fa065f09884e40db129993014966c3b11db,124,ADDED_OR_REPLACED,1.0.1,English
mql5/Include/AlphaLab/StrategyFactory/ContextPackage/RTHP/RTHP_Detector.mqh,sha256:40e094e5a72bda34634af5cec72746e9fa2f49f7ea2ae917110238ede22ab6cf,966,ADDED_OR_REPLACED,1.0.1,English
mql5/Include/AlphaLab/StrategyFactory/ContextPackage/RTHP/RTHP_Types.mqh,sha256:1b366c6c4fde0a83e316331f94b02f7d9f294656688aca1a803a2e5d4ad7a9da,642,ADDED_OR_REPLACED,1.0.1,English
registry/strategy_factory/contexts/rthp/v1/context_package_registration.json,sha256:f922b0e15b1559ca31ad896ab15bc8064c9b6f8eb64e582c7d017e1cae46162e,976,ADDED_OR_REPLACED,1.0.1,English
registry/strategy_factory/contexts/rthp/v1/reason_code_registry.json,sha256:5af82766786e55ceeff2d35c3df183cf824a08fd87231a3406ab0b00de8380df,292,ADDED_OR_REPLACED,1.0.1,English
registry/strategy_factory/contexts/rthp/v1/rthp_cycle_definition.schema.json,sha256:b77bc311e266f91b56fd3cc8712b74a26831242949fa463e3f7036161eafbb75,560,ADDED_OR_REPLACED,1.0.1,English
registry/strategy_factory/contexts/rthp/v1/rthp_event.schema.json,sha256:4520c70295ebecdd3c6f4ccfbb6dc7218e74a979e7b302ea20e230a4cecd9af5,1467,ADDED_OR_REPLACED,1.0.1,English
registry/strategy_factory/contexts/rthp/v1/rthp_reference_state.schema.json,sha256:21f7f937a1f59a9d2fab8c298b3cf00f547b6d179679c8e644b3dda21a5c9f39,619,ADDED_OR_REPLACED,1.0.1,English
registry/strategy_factory/contexts/rthp/v1/rthp_touch_observation.schema.json,sha256:7aee6033f99a7748e80ade8cb2bf684f4f16af1c4514f2d11c879f1e6e481916,900,ADDED_OR_REPLACED,1.0.1,English
registry/strategy_factory/contexts/rthp/v1/signal_family_registry.json,sha256:2c70665deb2c96de185b7d2c9733173d5c94560c15215d1f0cd4509ea63b2fbc,257,ADDED_OR_REPLACED,1.0.1,English
registry/strategy_factory/contexts/rthp/v1/state_registry.json,sha256:0e9628ff6be6167e7b30be49c5cecb6b4de15e7637fda23fbe6d2c29f5e0529f,182,ADDED_OR_REPLACED,1.0.1,English
tools/strategy_factory/contexts/rthp/__init__.py,sha256:df56a5fe914603f38099f48a01dd3ef7ba46640730d748961d6e1e85aaa388f2,147,ADDED_OR_REPLACED,1.0.1,English
tools/strategy_factory/contexts/rthp/cli.py,sha256:f33ff7ddc3247883b85fd924f461cc0921ffa1cfc32c8a619bf56b1578702103,1849,ADDED_OR_REPLACED,1.0.1,English
tools/strategy_factory/contexts/rthp/compiler.py,sha256:caed4a06d7bb2006bdd5d991f0d4ec638d1544b87fa2856823b37246bc69ccbb,1171,ADDED_OR_REPLACED,1.0.1,English
tools/strategy_factory/contexts/rthp/cycles.py,sha256:dd6b525c68af9e5ebfae6b1b6040b6f45928213035a748d9598e952e804c0d5e,505,ADDED_OR_REPLACED,1.0.1,English
tools/strategy_factory/contexts/rthp/detector.py,sha256:c4d2c70b16bc9625853c7317ac1acf460482d04b6839006bdba29959388e3d3a,1553,ADDED_OR_REPLACED,1.0.1,English
tools/strategy_factory/contexts/rthp/fixtures.py,sha256:3129b17570366157fad3ffbd5bf31cd724925b205ddcc1377a2744ac4888dab5,543,ADDED_OR_REPLACED,1.0.1,English
tools/strategy_factory/contexts/rthp/identity.py,sha256:5efa851603e87f5fee75514c5e67e6e17ed14d45c7d800c4ea93ef7ece6c1cc9,601,ADDED_OR_REPLACED,1.0.1,English
tools/strategy_factory/contexts/rthp/models.py,sha256:63de01dacd9be772b6c281148375145e098061325f5ac0117e8b894487aa259b,864,ADDED_OR_REPLACED,1.0.1,English
tools/strategy_factory/contexts/rthp/patch_verify.py,sha256:3c69e894a67e3f658e1bc880bc28b451dfa29203511d4d12c55156d32331ef4f,474,ADDED_OR_REPLACED,1.0.1,English
tools/strategy_factory/contexts/rthp/state_machine.py,sha256:1dbcf33abdb7a496a0b74a34aaf1779e781fe4027c1e9656bb9cb36fe859a935,853,ADDED_OR_REPLACED,1.0.1,English
tools/strategy_factory/contexts/rthp/validation.py,sha256:fe6318bf0b44f369b79b575e92cd3234df54944d6f691215790fe49eac909923,1503,ADDED_OR_REPLACED,1.0.1,English
