path,artifact_class,owner,authority,language
COMMIT_MESSAGE_RTHP_MT5_ONE_CLICK.md,RELEASE_ENGINEERING,RTHP_CONTEXT_TEAM,NON_TRADING_RESEARCH_INPUT,English
INSTALL_ALPHA_LAB_RTHP_MT5_ONE_CLICK.md,RELEASE_ENGINEERING,RTHP_CONTEXT_TEAM,NON_TRADING_RESEARCH_INPUT,English
README_ALPHA_LAB_RTHP_MT5_ONE_CLICK.md,RELEASE_ENGINEERING,RTHP_CONTEXT_TEAM,NON_TRADING_RESEARCH_INPUT,English
ROLLBACK_ALPHA_LAB_RTHP_MT5_ONE_CLICK.md,RELEASE_ENGINEERING,RTHP_CONTEXT_TEAM,NON_TRADING_RESEARCH_INPUT,English
RTHP_MT5_ONE_CLICK_ARTIFACT_INVENTORY.csv,RELEASE_ENGINEERING,RTHP_CONTEXT_TEAM,NON_TRADING_RESEARCH_INPUT,English
RTHP_MT5_ONE_CLICK_FILE_HASHES.sha256,RELEASE_ENGINEERING,RTHP_CONTEXT_TEAM,NON_TRADING_RESEARCH_INPUT,English
RTHP_MT5_ONE_CLICK_FILE_INDEX.txt,RELEASE_ENGINEERING,RTHP_CONTEXT_TEAM,NON_TRADING_RESEARCH_INPUT,English
RTHP_MT5_ONE_CLICK_PATCH_CONTENTS_TREE.txt,RELEASE_ENGINEERING,RTHP_CONTEXT_TEAM,NON_TRADING_RESEARCH_INPUT,English
RTHP_MT5_ONE_CLICK_PATCH_MANIFEST.json,RELEASE_ENGINEERING,RTHP_CONTEXT_TEAM,NON_TRADING_RESEARCH_INPUT,English
RTHP_MT5_ONE_CLICK_QA_REPORT.json,RELEASE_ENGINEERING,RTHP_CONTEXT_TEAM,NON_TRADING_RESEARCH_INPUT,English
docs/alpha_lab_master_architecture/context_lifecycle_os/12_PHASE_DELIVERIES/RTHP_MT5_AUTOMATION/00_RTHP_MT5_AUTOMATION_MOC.md,OBSIDIAN_DOCUMENTATION,RTHP_CONTEXT_TEAM,NON_TRADING_RESEARCH_INPUT,English
docs/alpha_lab_master_architecture/context_lifecycle_os/12_PHASE_DELIVERIES/RTHP_MT5_AUTOMATION/21_Implementation_Release_and_Operator_Command.md,OBSIDIAN_DOCUMENTATION,RTHP_CONTEXT_TEAM,NON_TRADING_RESEARCH_INPUT,English
docs/alpha_lab_master_architecture/context_lifecycle_os/12_PHASE_DELIVERIES/RTHP_MT5_AUTOMATION/22_M1_Materializer_Parity_and_Interval_Censoring.md,OBSIDIAN_DOCUMENTATION,RTHP_CONTEXT_TEAM,NON_TRADING_RESEARCH_INPUT,English
docs/alpha_lab_master_architecture/context_lifecycle_os/12_PHASE_DELIVERIES/RTHP_MT5_AUTOMATION/23_Read_Only_MT5_API_and_No_Trade_Authority.md,OBSIDIAN_DOCUMENTATION,RTHP_CONTEXT_TEAM,NON_TRADING_RESEARCH_INPUT,English
docs/alpha_lab_master_architecture/context_lifecycle_os/12_PHASE_DELIVERIES/RTHP_MT5_AUTOMATION/24_First_Real_Terminal_Run_Checklist.md,OBSIDIAN_DOCUMENTATION,RTHP_CONTEXT_TEAM,NON_TRADING_RESEARCH_INPUT,English
lab/11_strategy_factory/generated_contexts/rthp_cross_symbol_cycle_divergence/mt5_activation/v1/BOUNDARY.md,GENERATED_CONTEXT_CONFIGURATION_OR_EVIDENCE,RTHP_CONTEXT_TEAM,NON_TRADING_RESEARCH_INPUT,English
lab/11_strategy_factory/generated_contexts/rthp_cross_symbol_cycle_divergence/mt5_activation/v1/COMMANDS.md,GENERATED_CONTEXT_CONFIGURATION_OR_EVIDENCE,RTHP_CONTEXT_TEAM,NON_TRADING_RESEARCH_INPUT,English
lab/11_strategy_factory/generated_contexts/rthp_cross_symbol_cycle_divergence/mt5_activation/v1/README.md,GENERATED_CONTEXT_CONFIGURATION_OR_EVIDENCE,RTHP_CONTEXT_TEAM,NON_TRADING_RESEARCH_INPUT,English
lab/11_strategy_factory/generated_contexts/rthp_cross_symbol_cycle_divergence/mt5_activation/v1/configs/mt5_activation.real.template.v1.json,GENERATED_CONTEXT_CONFIGURATION_OR_EVIDENCE,RTHP_CONTEXT_TEAM,NON_TRADING_RESEARCH_INPUT,English
lab/11_strategy_factory/generated_contexts/rthp_cross_symbol_cycle_divergence/mt5_activation/v1/fixtures/fake_terminal_profile.json,GENERATED_CONTEXT_CONFIGURATION_OR_EVIDENCE,RTHP_CONTEXT_TEAM,NON_TRADING_RESEARCH_INPUT,English
lab/11_strategy_factory/generated_contexts/rthp_cross_symbol_cycle_divergence/mt5_activation/v1/generated/CANONICAL_CONTEXT_IMMUTABILITY_REPORT.json,GENERATED_CONTEXT_CONFIGURATION_OR_EVIDENCE,RTHP_CONTEXT_TEAM,NON_TRADING_RESEARCH_INPUT,English
lab/11_strategy_factory/generated_contexts/rthp_cross_symbol_cycle_divergence/mt5_activation/v1/generated/ENGINE_INVARIANCE_REPORT.json,GENERATED_CONTEXT_CONFIGURATION_OR_EVIDENCE,RTHP_CONTEXT_TEAM,NON_TRADING_RESEARCH_INPUT,English
lab/11_strategy_factory/generated_contexts/rthp_cross_symbol_cycle_divergence/mt5_activation/v1/generated/MT5_IMPLEMENTATION_ACCEPTANCE_REPORT.json,GENERATED_CONTEXT_CONFIGURATION_OR_EVIDENCE,RTHP_CONTEXT_TEAM,NON_TRADING_RESEARCH_INPUT,English
lab/11_strategy_factory/generated_contexts/rthp_cross_symbol_cycle_divergence/mt5_activation/v1/generated/REAL_TERMINAL_EVIDENCE_STATUS.json,GENERATED_CONTEXT_CONFIGURATION_OR_EVIDENCE,RTHP_CONTEXT_TEAM,NON_TRADING_RESEARCH_INPUT,English
lab/11_strategy_factory/generated_contexts/rthp_cross_symbol_cycle_divergence/mt5_activation/v1/requirements-windows.txt,GENERATED_CONTEXT_CONFIGURATION_OR_EVIDENCE,RTHP_CONTEXT_TEAM,NON_TRADING_RESEARCH_INPUT,English
lab/11_strategy_factory/python/strategy_factory_rthp_mt5_activation_v1/__init__.py,MT5_CONTEXT_ADAPTER_CODE,RTHP_CONTEXT_TEAM,NON_TRADING_RESEARCH_INPUT,English
lab/11_strategy_factory/python/strategy_factory_rthp_mt5_activation_v1/__main__.py,MT5_CONTEXT_ADAPTER_CODE,RTHP_CONTEXT_TEAM,NON_TRADING_RESEARCH_INPUT,English
lab/11_strategy_factory/python/strategy_factory_rthp_mt5_activation_v1/acquire.py,MT5_CONTEXT_ADAPTER_CODE,RTHP_CONTEXT_TEAM,NON_TRADING_RESEARCH_INPUT,English
lab/11_strategy_factory/python/strategy_factory_rthp_mt5_activation_v1/canonical.py,MT5_CONTEXT_ADAPTER_CODE,RTHP_CONTEXT_TEAM,NON_TRADING_RESEARCH_INPUT,English
lab/11_strategy_factory/python/strategy_factory_rthp_mt5_activation_v1/cli.py,MT5_CONTEXT_ADAPTER_CODE,RTHP_CONTEXT_TEAM,NON_TRADING_RESEARCH_INPUT,English
lab/11_strategy_factory/python/strategy_factory_rthp_mt5_activation_v1/config.py,MT5_CONTEXT_ADAPTER_CODE,RTHP_CONTEXT_TEAM,NON_TRADING_RESEARCH_INPUT,English
lab/11_strategy_factory/python/strategy_factory_rthp_mt5_activation_v1/errors.py,MT5_CONTEXT_ADAPTER_CODE,RTHP_CONTEXT_TEAM,NON_TRADING_RESEARCH_INPUT,English
lab/11_strategy_factory/python/strategy_factory_rthp_mt5_activation_v1/m1_schema.py,MT5_CONTEXT_ADAPTER_CODE,RTHP_CONTEXT_TEAM,NON_TRADING_RESEARCH_INPUT,English
lab/11_strategy_factory/python/strategy_factory_rthp_mt5_activation_v1/orchestrator.py,MT5_CONTEXT_ADAPTER_CODE,RTHP_CONTEXT_TEAM,NON_TRADING_RESEARCH_INPUT,English
lab/11_strategy_factory/python/strategy_factory_rthp_mt5_activation_v1/provider.py,MT5_CONTEXT_ADAPTER_CODE,RTHP_CONTEXT_TEAM,NON_TRADING_RESEARCH_INPUT,English
lab/11_strategy_factory/python/strategy_factory_rthp_mt5_activation_v1/quality.py,MT5_CONTEXT_ADAPTER_CODE,RTHP_CONTEXT_TEAM,NON_TRADING_RESEARCH_INPUT,English
lab/11_strategy_factory/python/strategy_factory_rthp_mt5_activation_v1/source_binding.py,MT5_CONTEXT_ADAPTER_CODE,RTHP_CONTEXT_TEAM,NON_TRADING_RESEARCH_INPUT,English
lab/11_strategy_factory/python/strategy_factory_rthp_mt5_activation_v1/symbols.py,MT5_CONTEXT_ADAPTER_CODE,RTHP_CONTEXT_TEAM,NON_TRADING_RESEARCH_INPUT,English
lab/11_strategy_factory/python/strategy_factory_rthp_mt5_activation_v1/terminal.py,MT5_CONTEXT_ADAPTER_CODE,RTHP_CONTEXT_TEAM,NON_TRADING_RESEARCH_INPUT,English
lab/11_strategy_factory/python/strategy_factory_rthp_mt5_activation_v1/verify.py,MT5_CONTEXT_ADAPTER_CODE,RTHP_CONTEXT_TEAM,NON_TRADING_RESEARCH_INPUT,English
lab/11_strategy_factory/python/strategy_factory_rthp_train_activation_v1/config.py,RTHP_CONTEXT_ACTIVATION_COMPATIBILITY_CODE,RTHP_CONTEXT_TEAM,NON_TRADING_RESEARCH_INPUT,English
lab/11_strategy_factory/python/strategy_factory_rthp_train_activation_v1/labels.py,RTHP_CONTEXT_ACTIVATION_COMPATIBILITY_CODE,RTHP_CONTEXT_TEAM,NON_TRADING_RESEARCH_INPUT,English
lab/11_strategy_factory/python/strategy_factory_rthp_train_activation_v1/m1_bars.py,RTHP_CONTEXT_ACTIVATION_COMPATIBILITY_CODE,RTHP_CONTEXT_TEAM,NON_TRADING_RESEARCH_INPUT,English
lab/11_strategy_factory/python/strategy_factory_rthp_train_activation_v1/m1_materializer.py,RTHP_CONTEXT_ACTIVATION_COMPATIBILITY_CODE,RTHP_CONTEXT_TEAM,NON_TRADING_RESEARCH_INPUT,English
lab/11_strategy_factory/python/strategy_factory_rthp_train_activation_v1/pipeline.py,RTHP_CONTEXT_ACTIVATION_COMPATIBILITY_CODE,RTHP_CONTEXT_TEAM,NON_TRADING_RESEARCH_INPUT,English
lab/11_strategy_factory/python/strategy_factory_rthp_train_activation_v1/trainer_bridge.py,RTHP_CONTEXT_ACTIVATION_COMPATIBILITY_CODE,RTHP_CONTEXT_TEAM,NON_TRADING_RESEARCH_INPUT,English
lab/11_strategy_factory/tests/rthp_mt5_activation/conftest.py,RTHP_MT5_TEST,RTHP_CONTEXT_TEAM,NON_TRADING_RESEARCH_INPUT,English
lab/11_strategy_factory/tests/rthp_mt5_activation/test_config_and_boundary.py,RTHP_MT5_TEST,RTHP_CONTEXT_TEAM,NON_TRADING_RESEARCH_INPUT,English
lab/11_strategy_factory/tests/rthp_mt5_activation/test_m1_materializer.py,RTHP_MT5_TEST,RTHP_CONTEXT_TEAM,NON_TRADING_RESEARCH_INPUT,English
lab/11_strategy_factory/tests/rthp_mt5_activation/test_orchestrator.py,RTHP_MT5_TEST,RTHP_CONTEXT_TEAM,NON_TRADING_RESEARCH_INPUT,English
lab/11_strategy_factory/tests/rthp_mt5_activation/test_provider_acquisition.py,RTHP_MT5_TEST,RTHP_CONTEXT_TEAM,NON_TRADING_RESEARCH_INPUT,English
lab/11_strategy_factory/tests/rthp_mt5_activation/test_quality_and_freeze.py,RTHP_MT5_TEST,RTHP_CONTEXT_TEAM,NON_TRADING_RESEARCH_INPUT,English
registry/strategy_factory/contexts/rthp/v1/rthp_ai_role_price_path.schema.json,RTHP_REGISTRY_SCHEMA,RTHP_CONTEXT_TEAM,NON_TRADING_RESEARCH_INPUT,English
registry/strategy_factory/contexts/rthp/v1/rthp_mt5_activation_config.schema.json,RTHP_REGISTRY_SCHEMA,RTHP_CONTEXT_TEAM,NON_TRADING_RESEARCH_INPUT,English
registry/strategy_factory/contexts/rthp/v1/rthp_mt5_activation_registration.json,RTHP_REGISTRY_SCHEMA,RTHP_CONTEXT_TEAM,NON_TRADING_RESEARCH_INPUT,English
registry/strategy_factory/contexts/rthp/v1/rthp_mt5_m1_bar.schema.json,RTHP_REGISTRY_SCHEMA,RTHP_CONTEXT_TEAM,NON_TRADING_RESEARCH_INPUT,English
registry/strategy_factory/contexts/rthp/v1/rthp_mt5_reason_codes.json,RTHP_REGISTRY_SCHEMA,RTHP_CONTEXT_TEAM,NON_TRADING_RESEARCH_INPUT,English
registry/strategy_factory/contexts/rthp/v1/rthp_train_activation_config.schema.json,RTHP_REGISTRY_SCHEMA,RTHP_CONTEXT_TEAM,NON_TRADING_RESEARCH_INPUT,English
