path,size_bytes,sha256,kind
COMMIT_MESSAGE.md,833,cf241e8a82c9a31dc3852cbefbf878bf216b77d804d1fb4f43b1d1f4642c16c7,payload
COMMIT_MESSAGE.txt,833,cf241e8a82c9a31dc3852cbefbf878bf216b77d804d1fb4f43b1d1f4642c16c7,payload
INSTALL_ALPHA_LAB_ACL_OS_15.md,611,529f787f485db0b5a78aa0871dc46271e7f8994879ef36acf68b2050c4382766,payload
README_ALPHA_LAB_ACL_OS_15.md,441,9d58c51e6c5f5d93d21667a804a1c7f199fb2bce6eacd72240d27763c798ae75,payload
docs/alpha_lab_master_architecture/context_lifecycle_os/00_START_HERE/04_IMPLEMENTATION_MASTER_PLAN.md,2485,728fa429f5871580bfcbf130e4e0205a9eb754bcadb1e310f4688251c2d6347a,payload
docs/alpha_lab_master_architecture/context_lifecycle_os/11_IMPLEMENTATION_PROGRAM/ACL_15_FLEET_OPERATIONS_AND_CLOSURE.md,1798,e1db2fead658b1ee9fb06d9f89dd4ab8d513ba90c8c9ff3882872cc6ee34922c,payload
docs/alpha_lab_master_architecture/context_lifecycle_os/12_OPERATIONS/00_MOC.md,4453,cf414a5d83258e0188b3f04c58dc072d0c634618447a3e2b9644b29fa94ee644,payload
docs/alpha_lab_master_architecture/context_lifecycle_os/12_OPERATIONS/ACL15_ATOMIC_PUBLICATION.md,932,e45a3ec27d947110bd3815cb1bb745e0ddacb155620b50338d70a06055253909,payload
docs/alpha_lab_master_architecture/context_lifecycle_os/12_OPERATIONS/ACL15_AUTHORITY_MODEL.md,926,6f68a2174ae10892bd417ec9f2e57abbc6dfb63b4b7b942d0f6e84ee4c73e3c0,payload
docs/alpha_lab_master_architecture/context_lifecycle_os/12_OPERATIONS/ACL15_CAPITAL_DENIAL.md,924,98c8be5e3a717c76b8a92798640be9ec29d3a1b2859209d8a77e9472fff7e73d,payload
docs/alpha_lab_master_architecture/context_lifecycle_os/12_OPERATIONS/ACL15_CLAIM_CEILING.md,922,018a3c530513d8f35160e5461f8de5671c9093879e9da8154e14c75b4f629b06,payload
docs/alpha_lab_master_architecture/context_lifecycle_os/12_OPERATIONS/ACL15_CLOSED_HISTORY_IMMUTABILITY.md,950,2f702778a1e6b8181b84c5175d90770802d144f779351e75e946b7ab0b9f5dfb,payload
docs/alpha_lab_master_architecture/context_lifecycle_os/12_OPERATIONS/ACL15_CLOSURE_STATE_REGISTRY.md,940,48fb97f0a69666102b7eae0904207dd4ce4750b3bb9168c34ffc139f381fdf29,payload
docs/alpha_lab_master_architecture/context_lifecycle_os/12_OPERATIONS/ACL15_DECISION_LOG.md,920,9ef266d9c248ee7e468569558520e3096dd80a8b2530d19bca74ca5aa159da46,payload
docs/alpha_lab_master_architecture/context_lifecycle_os/12_OPERATIONS/ACL15_DEFINITION_OF_DONE.md,932,ebfbb80aa294dd1f50ae9415f5d0568410ee39818b38c496440b6eac75c68be3,payload
docs/alpha_lab_master_architecture/context_lifecycle_os/12_OPERATIONS/ACL15_EVENT_AND_PROVENANCE.md,936,7bfca2f1dc5b10c6ec633a5499ac08cd39d91de856d56bc6be8f6d5e52e6ae32,payload
docs/alpha_lab_master_architecture/context_lifecycle_os/12_OPERATIONS/ACL15_EVIDENCE_INVENTORY.md,932,14a2810e2d4e57005cc774865c1c4d931e70d633955a1c675d8b4c9ff4f9c9a8,payload
docs/alpha_lab_master_architecture/context_lifecycle_os/12_OPERATIONS/ACL15_EXECUTIVE_BRIEF.md,926,aab984d3e4eb0f888135047a809c06eea43d4f405fccc2f0efec657f3b7bec4c,payload
docs/alpha_lab_master_architecture/context_lifecycle_os/12_OPERATIONS/ACL15_FAILURE_PRESERVATION.md,936,d9f1e5097967f751a4d2b19d7d14c68fb5a13cbbe5a99b76fdf5efe0d6fac98d,payload
docs/alpha_lab_master_architecture/context_lifecycle_os/12_OPERATIONS/ACL15_FAILURE_TAXONOMY.md,928,923eb656886997e66737633241c015dd4bbfafb954641c4d870f5c38d4f3cace,payload
docs/alpha_lab_master_architecture/context_lifecycle_os/12_OPERATIONS/ACL15_FLEET_OPERATIONS_RUNTIME.md,944,8c693d69a9cf8069ea0a235b0211b9c64331b24f00703c6ea83bf23deab5ce45,payload
docs/alpha_lab_master_architecture/context_lifecycle_os/12_OPERATIONS/ACL15_FLEET_REGISTRATION_CONTRACT.md,950,c84d8d08d4566f957ac979a1e67b4791b317c7586a1c734604fe9aea8f08b761,payload
docs/alpha_lab_master_architecture/context_lifecycle_os/12_OPERATIONS/ACL15_FLEET_STATUS_REGISTRY.md,938,fe2d0a118aa33f8c535de9fd2b6d91374947b508509e81fb212b3ba13978e7ab,payload
docs/alpha_lab_master_architecture/context_lifecycle_os/12_OPERATIONS/ACL15_HOSTILE_REVIEW.md,924,4a08d18d7df02f1e66258e05c85d5416c4b65e73ac2780860097e95362d68065,payload
docs/alpha_lab_master_architecture/context_lifecycle_os/12_OPERATIONS/ACL15_INPUT_EVIDENCE_GATEWAY.md,940,1a2ee85773eec3de60b326d30e68dfc54a2a7db4574f7b10e6697d06a5433eb6,payload
docs/alpha_lab_master_architecture/context_lifecycle_os/12_OPERATIONS/ACL15_LIFECYCLE_OWNERSHIP.md,934,fd06604161794f8a672364435237a724b5bd6679e6e2081300e67de656528145,payload
docs/alpha_lab_master_architecture/context_lifecycle_os/12_OPERATIONS/ACL15_LIVE_ORDER_DENIAL.md,930,528b1f3696ac67013184d3bbd2b75b2e85951e0b2d4dcddc9a0398c3969461c8,payload
docs/alpha_lab_master_architecture/context_lifecycle_os/12_OPERATIONS/ACL15_MIGRATION_CONTRACT.md,932,203b0d0526aa4f11e829c21bb9001aceda0071abba371e21233a208f14efe661,payload
docs/alpha_lab_master_architecture/context_lifecycle_os/12_OPERATIONS/ACL15_MIGRATION_PLAN.md,924,5ebf9c94c87408609d66810bbe7090fccb8f994e3e1cba90735136577e44efb9,payload
docs/alpha_lab_master_architecture/context_lifecycle_os/12_OPERATIONS/ACL15_NON_CAPITAL_CLOSURE_DECISION.md,952,c75339f76d06dd4fda1eee5d947581c96c8e74920dc2da9ad544e8e204ab2747,payload
docs/alpha_lab_master_architecture/context_lifecycle_os/12_OPERATIONS/ACL15_OPERATIONS_RUNBOOK.md,932,e1505f216e0a4578cc3f247a69651782dd131fd866185a34bc85ed6cf950dbf3,payload
docs/alpha_lab_master_architecture/context_lifecycle_os/12_OPERATIONS/ACL15_PACKAGE_STATUS.md,924,4019dde56c75fef396f027c44dd4c1ed3694fb7e27829b8a3d5cc5730094c19e,payload
docs/alpha_lab_master_architecture/context_lifecycle_os/12_OPERATIONS/ACL15_PILOT_OUTCOME_NON_INVENTION.md,950,785aa398da87167249a613da8cf3efbe78b2ddc70a09576d1655f712896e9d75,payload
docs/alpha_lab_master_architecture/context_lifecycle_os/12_OPERATIONS/ACL15_PROGRAM_CLOSURE.md,926,585daaab2bae0b4ca4cd807e601edf36fa0d173a7fba06754171a239e817ead4,payload
docs/alpha_lab_master_architecture/context_lifecycle_os/12_OPERATIONS/ACL15_PROMOTION_BYPASS_DENIAL.md,942,00783fe36677109d4053abb92afac670e28fcb7a18121c5363c80790f852daba,payload
docs/alpha_lab_master_architecture/context_lifecycle_os/12_OPERATIONS/ACL15_REFERENCE_INTEGRITY_MONITORING.md,956,e973abbce97b29bb9c91e3bc5d1d4b4dc05fd6ee495ca6543127a4c9a82d82e0,payload
docs/alpha_lab_master_architecture/context_lifecycle_os/12_OPERATIONS/ACL15_REOPEN_POLICY.md,922,9fe1372e59c93f6db04cddc3b7f08cc635105782c78ff98d11cc88c211983d1d,payload
docs/alpha_lab_master_architecture/context_lifecycle_os/12_OPERATIONS/ACL15_REPORT_CONTRACT.md,926,9a8cc3138f1d8d745be318e304abab08143fa62f59b62f63d1f35361695bc7a2,payload
docs/alpha_lab_master_architecture/context_lifecycle_os/12_OPERATIONS/ACL15_RESIDUAL_RISK.md,922,69b3674689f9b02e23a58609f994d6dd3f5c4fd886110b9788d2aff6f12c7af3,payload
docs/alpha_lab_master_architecture/context_lifecycle_os/12_OPERATIONS/ACL15_RETENTION_CONTRACT.md,932,a1c8d2ab42407424ebdb1bfa50d798edc2eedf46ac4053423e7884195aa74425,payload
docs/alpha_lab_master_architecture/context_lifecycle_os/12_OPERATIONS/ACL15_ROLLBACK_PLAN.md,922,607de526e2b586ba7aef73ee610b608d880503dca88339894c287b026a7c13f8,payload
docs/alpha_lab_master_architecture/context_lifecycle_os/12_OPERATIONS/ACL15_RUNTIME_DENIAL.md,924,0cec1528331e383d3d4757c9596dc2dae900301e8b31cb64c4af48181390ded3,payload
docs/alpha_lab_master_architecture/context_lifecycle_os/12_OPERATIONS/ACL15_SECURITY_INHERITANCE.md,936,2681af151d2630ef01619c079d36402da8fad58cf3d9fcbd9a22c5d91eb80073,payload
docs/alpha_lab_master_architecture/context_lifecycle_os/12_OPERATIONS/ACL15_SURVEILLANCE_CONTRACT.md,938,a20e4341b001655db6f5237a1aa6d83750e563710fdf2f347a8efa9d7d0ff668,payload
docs/alpha_lab_master_architecture/context_lifecycle_os/12_OPERATIONS/ACL15_UNEXECUTED_STATE_PRESERVATION.md,954,023019411ec780c9c4f5321dd041387dc5ad0a99977b863349c19d5aef33dc31,payload
docs/alpha_lab_master_architecture/context_lifecycle_os/12_OPERATIONS/ACL15_UNKNOWN_PRESERVATION.md,936,b414726c3ee2f2c0b6fb5fb8fa2288d03207f31150846ed23805b3ab8629f0f7,payload
docs/alpha_lab_master_architecture/context_lifecycle_os/12_OPERATIONS/ACL15_VALIDATION_BYPASS_DENIAL.md,944,f6372b3a665799c3b40ead21c9f662d4e3b50cc3531b9bff5e6245bcd77f0e07,payload
docs/alpha_lab_master_architecture/context_lifecycle_os/12_PHASE_DELIVERIES/ACL_15/00_MOC.md,544,18c729f311833d16256d0bfe063dbd6b0aa4f6cd09e33b18372649f6cb70a2da,payload
docs/alpha_lab_master_architecture/context_lifecycle_os/12_PHASE_DELIVERIES/ACL_15/01_SCOPE.md,548,6cc89fdce405008ba25060d8b87b4d880b10e0179ea132989f6912d24d6bbf6f,payload
docs/alpha_lab_master_architecture/context_lifecycle_os/12_PHASE_DELIVERIES/ACL_15/02_NON_GOALS.md,556,2a86f9ba06384823248547e96dd9e4310432aa798832193178829603445ad66a,payload
docs/alpha_lab_master_architecture/context_lifecycle_os/12_PHASE_DELIVERIES/ACL_15/03_ACL14_INPUT_BINDING.md,576,38ea3406df87c54093f92305065fdb9e3850e724a6009afff84422bb5f221298,payload
docs/alpha_lab_master_architecture/context_lifecycle_os/12_PHASE_DELIVERIES/ACL_15/04_AUTHORITY_PERMIT.md,570,395d0f782c185929d0df33e7931189e0c87a9c68de32f2a29529dade6f4e5c89,payload
docs/alpha_lab_master_architecture/context_lifecycle_os/12_PHASE_DELIVERIES/ACL_15/05_FLEET_IDENTITY.md,566,19c4115ab306f169bdac5f2220235e4562718d0351767006fb9c59756fc8eb08,payload
docs/alpha_lab_master_architecture/context_lifecycle_os/12_PHASE_DELIVERIES/ACL_15/06_FLEET_STATUS_REGISTRY.md,580,39d33171a3fa4a06bf05ee17e34d5ba582c3ab6b4d1a07dc248d3c154a5ca0a8,payload
docs/alpha_lab_master_architecture/context_lifecycle_os/12_PHASE_DELIVERIES/ACL_15/07_CLOSURE_STATE_REGISTRY.md,582,bc3a742a013ba53a4b60ff33f296a20a6959282a504a2aafa32378cc317d705a,payload
docs/alpha_lab_master_architecture/context_lifecycle_os/12_PHASE_DELIVERIES/ACL_15/08_ACTION_REGISTRY.md,568,a5deb537d488b5aca3633dedfe1913adb66b31d3eed04fbf22890e95568f8a94,payload
docs/alpha_lab_master_architecture/context_lifecycle_os/12_PHASE_DELIVERIES/ACL_15/09_FLEET_REGISTRATION.md,574,82f5daee56119c4e4c71ed30c52bcd49e8bb446d1707ccfcad2ba19f854b8446,payload
docs/alpha_lab_master_architecture/context_lifecycle_os/12_PHASE_DELIVERIES/ACL_15/10_OWNERSHIP_CONTRACT.md,574,13565cc53a41a03bf11620994a9939853182e341bb56a853177524bab388720b,payload
docs/alpha_lab_master_architecture/context_lifecycle_os/12_PHASE_DELIVERIES/ACL_15/11_SEPARATION_OF_DUTIES.md,578,94452f6a66d5e256f4f57730a5c3d1e29a15c1894f736f18a894c4a6058a46f2,payload
docs/alpha_lab_master_architecture/context_lifecycle_os/12_PHASE_DELIVERIES/ACL_15/12_RETENTION_CLASS.md,568,5d62a6b31c18ff431674bd47105eb5972023a63aff492178c33ee766c6ee0b4e,payload
docs/alpha_lab_master_architecture/context_lifecycle_os/12_PHASE_DELIVERIES/ACL_15/13_RETENTION_STATUS.md,570,783528c83db457cbfa711708793acce288379857bcd554b72445a1c8da43e7d0,payload
docs/alpha_lab_master_architecture/context_lifecycle_os/12_PHASE_DELIVERIES/ACL_15/14_LEGAL_HOLD.md,558,a793e68b6c52119553f7d247fb9dcdcda0ce1e72e79308f237fd0391b2623b3d,payload
docs/alpha_lab_master_architecture/context_lifecycle_os/12_PHASE_DELIVERIES/ACL_15/15_ARCHIVE_DIGEST.md,566,150c9ff58b5e06f104a1c50fbe237e1ae1276b9bec9027657be2c3cf317a3649,payload
docs/alpha_lab_master_architecture/context_lifecycle_os/12_PHASE_DELIVERIES/ACL_15/16_SURVEILLANCE_CONTRACT.md,580,b04b46671be5461562edf23e9d2e29a21dc0cbdf92b5e2af269f31de58f561aa,payload
docs/alpha_lab_master_architecture/context_lifecycle_os/12_PHASE_DELIVERIES/ACL_15/17_SURVEILLANCE_CADENCE.md,578,41f8c7a2e6af4311a69a40ba11fb6db25b32eb45bd2524c4883a673c3ffd2242,payload
docs/alpha_lab_master_architecture/context_lifecycle_os/12_PHASE_DELIVERIES/ACL_15/18_REFERENCE_INTEGRITY_CHECKS.md,590,a3e66cfd5a4edfd64f124cca74f516f58cfa0d68ee0ecd6844cefa95f381bba3,payload
docs/alpha_lab_master_architecture/context_lifecycle_os/12_PHASE_DELIVERIES/ACL_15/19_PACKAGE_STATUS.md,566,ae508e3e0c64c14b985db2a8122f958b4871905cef84b79810d72c9afdf82d15,payload
docs/alpha_lab_master_architecture/context_lifecycle_os/12_PHASE_DELIVERIES/ACL_15/20_EVIDENCE_INVENTORY.md,574,17b1c40455632eac0816e59fe426a9c8453605955b6db73cd63de0b8e7400b15,payload
docs/alpha_lab_master_architecture/context_lifecycle_os/12_PHASE_DELIVERIES/ACL_15/21_PILOT_DESIGN_PRESERVATION.md,588,90f99ce7448e821aee43f9ee72c7f0f2a00917785f0d3a57457319b1214d95bd,payload
docs/alpha_lab_master_architecture/context_lifecycle_os/12_PHASE_DELIVERIES/ACL_15/22_OUTCOME_NON_INVENTION.md,580,3540d5224ed85d1dc3c28cb78e24561900577d8c0a38a140b15b6e19e1cef5fe,payload
docs/alpha_lab_master_architecture/context_lifecycle_os/12_PHASE_DELIVERIES/ACL_15/23_UNKNOWN_PRESERVATION.md,578,0bbb964dc17d36f00d999d58fb8d67a432bba1b8a9d55feb8b663d1b494de638,payload
docs/alpha_lab_master_architecture/context_lifecycle_os/12_PHASE_DELIVERIES/ACL_15/24_FAILURE_PRESERVATION.md,578,b296353b34c0455c07483eb685796bcd996cf5c232c06d6a2fc46d9d052ba977,payload
docs/alpha_lab_master_architecture/context_lifecycle_os/12_PHASE_DELIVERIES/ACL_15/25_UNEXECUTED_STATE.md,570,59ee792b4e8b1c3ffc68f7606e5e1ce1b6aa315c62fe9141a1c63704fd6d11bb,payload
docs/alpha_lab_master_architecture/context_lifecycle_os/12_PHASE_DELIVERIES/ACL_15/26_ZERO_PROSPECTIVE_ROWS.md,580,315846ad775679c569dbcb2bd1b35d9850b107e309b67667128c1da8a0553e2b,payload
docs/alpha_lab_master_architecture/context_lifecycle_os/12_PHASE_DELIVERIES/ACL_15/27_ZERO_RUNTIME.md,562,80f1c1cb11972d57e28ef54d77b3dac3e6776101b5d3ea7565b10b59e3c49594,payload
docs/alpha_lab_master_architecture/context_lifecycle_os/12_PHASE_DELIVERIES/ACL_15/28_ZERO_ORDERS.md,560,ef033dfedb2b47e307c99c6999f30c2e3f4e6ed85f2d3efba682b26d62083d88,payload
docs/alpha_lab_master_architecture/context_lifecycle_os/12_PHASE_DELIVERIES/ACL_15/29_ZERO_CAPITAL.md,562,cfd6e8d241adb1eb314c0d6b7b8219ea46e94561bb3f2e24e012ed5e73710c3b,payload
docs/alpha_lab_master_architecture/context_lifecycle_os/12_PHASE_DELIVERIES/ACL_15/30_MIGRATION_CONTRACT.md,574,f230305967ae7fdf2cadf84e3116f9bc07122a6bb6a7878c4fbe92823d1d9412,payload
docs/alpha_lab_master_architecture/context_lifecycle_os/12_PHASE_DELIVERIES/ACL_15/31_REOPEN_POLICY.md,564,13acd2c748e71a764c03216fc00b7f2590a8c4ab33d07162714194a273bceae2,payload
docs/alpha_lab_master_architecture/context_lifecycle_os/12_PHASE_DELIVERIES/ACL_15/32_NEW_EVIDENCE_REQUIREMENT.md,586,94973bc60ae45cf56a3ba0d43320a6f51b81d1ffc0a9e0af64fe7582a465a0de,payload
docs/alpha_lab_master_architecture/context_lifecycle_os/12_PHASE_DELIVERIES/ACL_15/33_NEW_PERMIT_REQUIREMENT.md,582,473bbee4d3dbdf81dab1d4706286bd6f90e6e25741007abde38a185f5a8de36f,payload
docs/alpha_lab_master_architecture/context_lifecycle_os/12_PHASE_DELIVERIES/ACL_15/34_CLOSED_HISTORY_IMMUTABILITY.md,592,8bf759a2b056c43a37ec8f52ad80af3667213d5e824982396399f5dafd100d3e,payload
docs/alpha_lab_master_architecture/context_lifecycle_os/12_PHASE_DELIVERIES/ACL_15/35_VALIDATION_BYPASS_DENIAL.md,586,b51f92cb778047325e069388bfa961d96e87b246948941939408524bc3f4fe6f,payload
docs/alpha_lab_master_architecture/context_lifecycle_os/12_PHASE_DELIVERIES/ACL_15/36_PROMOTION_BYPASS_DENIAL.md,584,a059ebc7b1e8381055b16c386b8f56867507edf0a16eb2baad7bb62f949e283b,payload
docs/alpha_lab_master_architecture/context_lifecycle_os/12_PHASE_DELIVERIES/ACL_15/37_SECURITY_INHERITANCE.md,578,448861866e5cb4bcf4803b3f5886410569320eb2b6804ac3d1b623727a512ef0,payload
docs/alpha_lab_master_architecture/context_lifecycle_os/12_PHASE_DELIVERIES/ACL_15/38_CLOSURE_POLICY.md,566,5df314f2e5d086d67d7795b69321d191fa78e78f7c528036e65b1f1275132112,payload
docs/alpha_lab_master_architecture/context_lifecycle_os/12_PHASE_DELIVERIES/ACL_15/39_CLOSURE_DECISION.md,570,5673d84313809da6cfb64038bad2a8ea4fac49dfc2a2bbb55f4ac74951e91ab3,payload
docs/alpha_lab_master_architecture/context_lifecycle_os/12_PHASE_DELIVERIES/ACL_15/40_REASON_CODES.md,562,dcb5f15c5d754a7cfa599df5a1a0420627745d5229cc3ece0e2a98d96b84e84a,payload
docs/alpha_lab_master_architecture/context_lifecycle_os/12_PHASE_DELIVERIES/ACL_15/41_FLEET_OPERATIONS_MANIFEST.md,588,aa9c4b34adfc43447d56d101a719689578eb002ed616c9565adafbf0878f884d,payload
docs/alpha_lab_master_architecture/context_lifecycle_os/12_PHASE_DELIVERIES/ACL_15/42_EXECUTION_MANIFEST.md,574,9701538ec10d1949fd336c94685be8584ac240bffc00419931019a7085d7d09a,payload
docs/alpha_lab_master_architecture/context_lifecycle_os/12_PHASE_DELIVERIES/ACL_15/43_REPORT_REGISTRY.md,568,06059485ad52e6b2c64f88e81da5c0976e564119ffadc0308c69ddab499ad346,payload
docs/alpha_lab_master_architecture/context_lifecycle_os/12_PHASE_DELIVERIES/ACL_15/44_MACHINE_REPORT.md,566,91d6804a6a2d86357c41afda33298b40e8c32e95d9f1d4706cb1b8376eafaeda,payload
docs/alpha_lab_master_architecture/context_lifecycle_os/12_PHASE_DELIVERIES/ACL_15/45_EXECUTIVE_BRIEF.md,568,f96aeeddd75ef760be007ccceb31cbd9be98baa7fdf6b87c2a1e7639751bf04c,payload
docs/alpha_lab_master_architecture/context_lifecycle_os/12_PHASE_DELIVERIES/ACL_15/46_RESIDUAL_RISK.md,564,c22d67b0b0086e709f00ab2987460f4921ae80fb31874ea658bfdd3b74a91ea3,payload
docs/alpha_lab_master_architecture/context_lifecycle_os/12_PHASE_DELIVERIES/ACL_15/47_OBSIDIAN_PROJECTION.md,576,4cbd4ff0511000450c030e9ce0e2c1778d386e511568daceec1ef31b685bfda5,payload
docs/alpha_lab_master_architecture/context_lifecycle_os/12_PHASE_DELIVERIES/ACL_15/48_EVENT_MODEL.md,560,2decc29032a21617e371563094e39311487e15e2968d376216a9af3994b8bd2b,payload
docs/alpha_lab_master_architecture/context_lifecycle_os/12_PHASE_DELIVERIES/ACL_15/49_EVENT_HASH_CHAIN.md,570,98a1851cb43b7621aa3449b1c33d1d92a9a20ab641e6fa9077b58ad626c127da,payload
docs/alpha_lab_master_architecture/context_lifecycle_os/12_PHASE_DELIVERIES/ACL_15/50_PROVENANCE_GRAPH.md,570,423889dd9babf2f64e7dd9c7744c4a85b80acfb4755b6e2eb44dc44403490684,payload
docs/alpha_lab_master_architecture/context_lifecycle_os/12_PHASE_DELIVERIES/ACL_15/51_ATOMIC_PUBLICATION.md,574,d6fcac7ee55e7a03c2b7ad70afc2bbb60396fd7db3283094eed7b72f42c68609,payload
docs/alpha_lab_master_architecture/context_lifecycle_os/12_PHASE_DELIVERIES/ACL_15/52_OUTPUT_MANIFEST.md,568,055abff6d7554b0bf28094f74487c6c9fbd0b75542459386ac81a230e865afc1,payload
docs/alpha_lab_master_architecture/context_lifecycle_os/12_PHASE_DELIVERIES/ACL_15/53_RECEIPT.md,552,4005d3013d8de758d96fd2e08a8a1e20aa684d599f21f8126a8777c188b3caf3,payload
docs/alpha_lab_master_architecture/context_lifecycle_os/12_PHASE_DELIVERIES/ACL_15/54_LIFECYCLE_HANDOFF.md,572,76c710cc705844e1abc1b251767db48afa67ec64d0af89146c1eaf163f7e7039,payload
docs/alpha_lab_master_architecture/context_lifecycle_os/12_PHASE_DELIVERIES/ACL_15/55_SCHEMA_REGISTRY.md,568,c528f96adaa25969d6be2407d4fd4f8a7bcbfd46d5839d5d60ca81119a67c7de,payload
docs/alpha_lab_master_architecture/context_lifecycle_os/12_PHASE_DELIVERIES/ACL_15/56_POLICY_REGISTRY.md,568,e20db8642a15c2ddc15e2a2f4ae6bc83cec758fd5423cf0457dcdc7c40cbb4a0,payload
docs/alpha_lab_master_architecture/context_lifecycle_os/12_PHASE_DELIVERIES/ACL_15/57_MQL5_STATIC_MIRROR.md,574,a572b0ba74cb603fa6020956333f2056edf66fe3c31a9910fc1b8df03a6bade5,payload
docs/alpha_lab_master_architecture/context_lifecycle_os/12_PHASE_DELIVERIES/ACL_15/58_MQL5_FORBIDDEN_API_SCAN.md,584,35a1e3afa3d48226d2189574087926216b0c4277530e4ada9e26f12fe55cb0b5,payload
docs/alpha_lab_master_architecture/context_lifecycle_os/12_PHASE_DELIVERIES/ACL_15/59_DIRECT_TESTS.md,562,980abd1646df470d902bd557931b521cb5f7848b1e48e1cd9dd913e740f375cd,payload
docs/alpha_lab_master_architecture/context_lifecycle_os/12_PHASE_DELIVERIES/ACL_15/60_ACL14_REGRESSION.md,570,dae826eb4c54f0e6c93ee0a5061b479517d2bcc5d64a8bccfc85152b6ffa9fa7,payload
docs/alpha_lab_master_architecture/context_lifecycle_os/12_PHASE_DELIVERIES/ACL_15/61_DETERMINISTIC_REPLAY.md,578,ba2f68f2f58a42fd19bc47d2505d0782f177e72d4a466a46e8c54145a5ef7195,payload
docs/alpha_lab_master_architecture/context_lifecycle_os/12_PHASE_DELIVERIES/ACL_15/62_HOSTILE_REVIEW.md,566,79bce17d7abadde824a2a89d1d49d820f4e268e6c4a9fa47c8ab2e3c9234ac8f,payload
docs/alpha_lab_master_architecture/context_lifecycle_os/12_PHASE_DELIVERIES/ACL_15/63_PATH_SAFETY.md,560,375335a9160170eb1713328918bb651f01e7ccabb4af9903fdcb030cfcd1fb17,payload
docs/alpha_lab_master_architecture/context_lifecycle_os/12_PHASE_DELIVERIES/ACL_15/64_SYMLINK_DENIAL.md,566,c0871587577d645067cec90cced622b0cf039534428318a7c6e8b88c2b04e5fb,payload
docs/alpha_lab_master_architecture/context_lifecycle_os/12_PHASE_DELIVERIES/ACL_15/65_CLEAN_OVERLAY.md,564,acbdc27aa154369135a52f59d559f0d14d2d71bafde2d28219ff49443b22ed2a,payload
docs/alpha_lab_master_architecture/context_lifecycle_os/12_PHASE_DELIVERIES/ACL_15/66_ROLLBACK.md,554,7965a961bff14cbde9c8de31e90f93b4eb08ac2fa4d88554b03019ca2b2fcb12,payload
docs/alpha_lab_master_architecture/context_lifecycle_os/12_PHASE_DELIVERIES/ACL_15/67_MIGRATION.md,556,d894e2f2211922590cc251125d0db2c740491292bfcd6d9c273c103e9f7275a3,payload
docs/alpha_lab_master_architecture/context_lifecycle_os/12_PHASE_DELIVERIES/ACL_15/68_OPERATIONS_RUNBOOK.md,574,b4d6307bbb3912a8bf952ced16b92b347c3419ac70426bf04137273fff1f55ac,payload
docs/alpha_lab_master_architecture/context_lifecycle_os/12_PHASE_DELIVERIES/ACL_15/69_DEFINITION_OF_DONE.md,574,ca58b795389dbecbe02dafa172d87df2d639e20feee94c61f26bfd9d98912cb3,payload
docs/alpha_lab_master_architecture/context_lifecycle_os/12_PHASE_DELIVERIES/ACL_15/70_PROGRAM_CLOSURE.md,568,8fb663e599bed0322cb97e4d6c12ec83650939be5c015ce11eb78b8eaa0fd2ff,payload
docs/alpha_lab_master_architecture/context_lifecycle_os/12_PHASE_DELIVERIES/ACL_15/71_CLAIM_CEILING.md,564,a21326e090d12e21ea3eb51d5c8d3c67c023773b3ff7b81bc2ec7c8bd6a7f614,payload
docs/alpha_lab_master_architecture/context_lifecycle_os/13_ATOMIC_CONCEPTS/ACL_15/001_FLEET_ID.md,771,b45eb97cd521c4ed9a10e42e0b2cd6512467042dd2ea34b7a6e7c6dfbf4def15,payload
docs/alpha_lab_master_architecture/context_lifecycle_os/13_ATOMIC_CONCEPTS/ACL_15/002_FLEET_NAMESPACE.md,785,c483708ac3bbc388c9de0379aa85c831ca50be33e9af5d4f216098641ecfb9c7,payload
docs/alpha_lab_master_architecture/context_lifecycle_os/13_ATOMIC_CONCEPTS/ACL_15/003_FLEET_REGISTRATION_ID.md,797,8c32c0d5d6d3aa389ade9c5ae60537d38cffc0f471cdbd9ae2f7ee05d24fc1f1,payload
docs/alpha_lab_master_architecture/context_lifecycle_os/13_ATOMIC_CONCEPTS/ACL_15/004_PACKAGE_IDENTITY.md,787,a5ea043c4c2acf2127807049e2676561c34e883d923df89c57a219d6ba36af0e,payload
docs/alpha_lab_master_architecture/context_lifecycle_os/13_ATOMIC_CONCEPTS/ACL_15/005_PILOT_RUN_BINDING.md,789,a5a74c291fc0834993789316068cc42112a666b015eaf753b6cc12e82d738f01,payload
docs/alpha_lab_master_architecture/context_lifecycle_os/13_ATOMIC_CONCEPTS/ACL_15/006_PILOT_CONTRACT_BINDING.md,799,f3591d7b8ffcc236a6e85362e039b708bb03d4b623964ef41fe9ad3b23f50d2b,payload
docs/alpha_lab_master_architecture/context_lifecycle_os/13_ATOMIC_CONCEPTS/ACL_15/007_ACL14_HANDOFF_DIGEST.md,795,36560b039af42b28dd59ad775b20fce62520146bb7003cecbaf1db3ab74d9773,payload
docs/alpha_lab_master_architecture/context_lifecycle_os/13_ATOMIC_CONCEPTS/ACL_15/008_REFERENCE_PACKAGE.md,789,37f6b3fbd1060978aea30a96f746d6a086ab027edacd301a35eaa62caf351c3a,payload
docs/alpha_lab_master_architecture/context_lifecycle_os/13_ATOMIC_CONCEPTS/ACL_15/009_REFERENCE_EVIDENCE_CLASS.md,803,9e76ebbd87e0970fa9b6d9898c30c0295ebd8aa758b743e625b1b713dcef85e0,payload
docs/alpha_lab_master_architecture/context_lifecycle_os/13_ATOMIC_CONCEPTS/ACL_15/010_PROSPECTIVE_EVIDENCE_ABSENCE.md,811,ce18eb3640138fa1562ac9b5d0a636b7fd4ec2614b39b7f4ca022fba550c7fb1,payload
docs/alpha_lab_master_architecture/context_lifecycle_os/13_ATOMIC_CONCEPTS/ACL_15/011_PILOT_OUTCOME_ABSENCE.md,797,b25bb4e4c556080d18af5a1f4d9686b93c37149deabcc4487c53e7766f6f5c30,payload
docs/alpha_lab_master_architecture/context_lifecycle_os/13_ATOMIC_CONCEPTS/ACL_15/012_ZERO_PROSPECTIVE_ROWS.md,797,6a889730211b32c1e463ca569df052d1469ddc47808b21024febf48896eab458,payload
docs/alpha_lab_master_architecture/context_lifecycle_os/13_ATOMIC_CONCEPTS/ACL_15/013_ZERO_EXECUTIONS.md,785,7943bbb9f7d5961c507cb8ac6d02bfbbe822690bae6b76e1eaed86dec5f83208,payload
docs/alpha_lab_master_architecture/context_lifecycle_os/13_ATOMIC_CONCEPTS/ACL_15/014_ZERO_RUNTIME_GENERATIONS.md,803,2ec97150232d81a89287f117d22c4f44773ae863f5811870a59e8822968e3842,payload
docs/alpha_lab_master_architecture/context_lifecycle_os/13_ATOMIC_CONCEPTS/ACL_15/015_ZERO_RUNTIME_ACTIVATIONS.md,803,a55b68c84d08a655ac4c769c6f454c97fa81c100d3cc1562266ff9fbbdc7e6ab,payload
docs/alpha_lab_master_architecture/context_lifecycle_os/13_ATOMIC_CONCEPTS/ACL_15/016_ZERO_LIVE_ORDERS.md,787,12008515fe335819cb9abb4a167b0314634016862f4c26bd4bc581ffee712ea3,payload
docs/alpha_lab_master_architecture/context_lifecycle_os/13_ATOMIC_CONCEPTS/ACL_15/017_ZERO_CAPITAL_ACTIVATIONS.md,803,256443216abff28d09260601af5fe58ac04232e6c2e280f9f426e87d0c5b8021,payload
docs/alpha_lab_master_architecture/context_lifecycle_os/13_ATOMIC_CONCEPTS/ACL_15/018_LIFECYCLE_OWNER.md,785,2307752907e9db873ad93b177aed2abcbc344210d4e9b175718dede2b0be08ee,payload
docs/alpha_lab_master_architecture/context_lifecycle_os/13_ATOMIC_CONCEPTS/ACL_15/019_FLEET_CUSTODIAN.md,785,e5aec37e8b8e50975648454e0577d4be10398b1ebf088e1a97e870d6cb2ccde3,payload
docs/alpha_lab_master_architecture/context_lifecycle_os/13_ATOMIC_CONCEPTS/ACL_15/020_RESEARCH_GOVERNOR.md,789,ad528eaf2f42d85bbc33e292fb0d17d02fdaa692e0263114ce82874f83d89786,payload
docs/alpha_lab_master_architecture/context_lifecycle_os/13_ATOMIC_CONCEPTS/ACL_15/021_SECURITY_REVIEWER.md,789,f11e5594ab010f84f8606b6b62cbb6a010b61f0ae4d831566e0ffc066dbfef8e,payload
docs/alpha_lab_master_architecture/context_lifecycle_os/13_ATOMIC_CONCEPTS/ACL_15/022_AUDIT_REVIEWER.md,783,e6f2a9d4132236335800b3cee379bb0a2e747b93f528b0d237fdbf146a997c29,payload
docs/alpha_lab_master_architecture/context_lifecycle_os/13_ATOMIC_CONCEPTS/ACL_15/023_ROLE_SEPARATION.md,785,a92cf96598476de724a9608fbc1555dced456819ad655c3ca05efe3a57749d87,payload
docs/alpha_lab_master_architecture/context_lifecycle_os/13_ATOMIC_CONCEPTS/ACL_15/024_SELF_APPROVAL_DENIAL.md,795,9efaccd06345e4be632e0fb7456fe9d1df0ff1ee99c2f53c70d5d3c85cfcf04f,payload
docs/alpha_lab_master_architecture/context_lifecycle_os/13_ATOMIC_CONCEPTS/ACL_15/025_OWNER_CHANGE_EVENT.md,791,3d713bf4400f8e51549b233f006dccb801b0f3f176e2d99d8d8aa94fef21391a,payload
docs/alpha_lab_master_architecture/context_lifecycle_os/13_ATOMIC_CONCEPTS/ACL_15/026_RETENTION_CLASS.md,785,48a5968774a9fa7437770b0229faf7a36fb3c3d28854b72b2a006adc86f70d71,payload
docs/alpha_lab_master_architecture/context_lifecycle_os/13_ATOMIC_CONCEPTS/ACL_15/027_MINIMUM_RETENTION_DAYS.md,799,2b608b7fba5d8240b690a7b2f6c1df2c8a71c629cef4c1e60902c8369246567a,payload
docs/alpha_lab_master_architecture/context_lifecycle_os/13_ATOMIC_CONCEPTS/ACL_15/028_IMMUTABLE_HISTORY.md,789,4ee3a306bdb4606de2c8f895623d3bad82038350a894e56fccba634dc8be58fd,payload
docs/alpha_lab_master_architecture/context_lifecycle_os/13_ATOMIC_CONCEPTS/ACL_15/029_DELETION_DENIAL.md,785,a84547a765f76042f0ec5774470f990a49469f9c27d82e725a0be8faa09b24cb,payload
docs/alpha_lab_master_architecture/context_lifecycle_os/13_ATOMIC_CONCEPTS/ACL_15/030_LEGAL_HOLD.md,775,e140fe12de51ddcb2a5e905f75fed428d2d4d080307f4091a4cbb532a921fa73,payload
docs/alpha_lab_master_architecture/context_lifecycle_os/13_ATOMIC_CONCEPTS/ACL_15/031_ARCHIVE_DIGEST.md,783,a046ddf450d0e32f826d9311dc0810ab3ba421052f2587cabf983c2b366af916,payload
docs/alpha_lab_master_architecture/context_lifecycle_os/13_ATOMIC_CONCEPTS/ACL_15/032_RETENTION_REVIEW.md,787,08ab66c8daa2a13e7baa56b4b0a14f0788a5d10771219a6df3ca64730fa9c976,payload
docs/alpha_lab_master_architecture/context_lifecycle_os/13_ATOMIC_CONCEPTS/ACL_15/033_SURVEILLANCE_MODE.md,789,ff8ef8f1761ad64d00f5287755d7b32164deb7b4e5107b7fbf642d7815659bd7,payload
docs/alpha_lab_master_architecture/context_lifecycle_os/13_ATOMIC_CONCEPTS/ACL_15/034_SURVEILLANCE_CADENCE.md,795,c65ecf6cd6da02779e9965534325116579a81d33fcd6b91318f07d5bfaeacd91,payload
docs/alpha_lab_master_architecture/context_lifecycle_os/13_ATOMIC_CONCEPTS/ACL_15/035_MANIFEST_INTEGRITY_CHECK.md,803,3ed105e6fc0c5aec7a739c458b40889f359b924794b896953e798690aec63c80,payload
docs/alpha_lab_master_architecture/context_lifecycle_os/13_ATOMIC_CONCEPTS/ACL_15/036_EVENT_CHAIN_CHECK.md,789,cb582771d47aec468fd907a1ea3b923f9af5de5a2cd41cf47a5281b775f750a5,payload
docs/alpha_lab_master_architecture/context_lifecycle_os/13_ATOMIC_CONCEPTS/ACL_15/037_PROVENANCE_REACHABILITY.md,801,470f4ed1bf1301419c513b4441141f9f6de64dc9bb69c7c70bea943519fc327d,payload
docs/alpha_lab_master_architecture/context_lifecycle_os/13_ATOMIC_CONCEPTS/ACL_15/038_AUTHORITY_NON_ESCALATION.md,803,89036ba5c54512410110cc862713d16fa5f6ecfc938497addf7d556f2c109044,payload
docs/alpha_lab_master_architecture/context_lifecycle_os/13_ATOMIC_CONCEPTS/ACL_15/039_REOPEN_ATTEMPT_AUDIT.md,795,b6ac7a75fbcb3e8046504950270dda5a47cd377e812a5a53f0cad3fe0d0fc879,payload
docs/alpha_lab_master_architecture/context_lifecycle_os/13_ATOMIC_CONCEPTS/ACL_15/040_PRODUCTION_MONITORING_ABSENCE.md,813,c374d524e40be9bc1e9fb564aade528e4289784d5e36101cf0f0a5167019d83e,payload
docs/alpha_lab_master_architecture/context_lifecycle_os/13_ATOMIC_CONCEPTS/ACL_15/041_FLEET_STATUS.md,779,f826ac0604a2bceac694c6bef7e3ab179f7000ae6a853f5d72c6e78816dab14e,payload
docs/alpha_lab_master_architecture/context_lifecycle_os/13_ATOMIC_CONCEPTS/ACL_15/042_REGISTERED_REFERENCE.md,795,a8b32653a66bfbe53a724e486891b9c1af14b7cc565f1e9586b12c1e2d3e6cd5,payload
docs/alpha_lab_master_architecture/context_lifecycle_os/13_ATOMIC_CONCEPTS/ACL_15/043_SURVEILLANCE_REGISTERED.md,801,57e621ee0f084b6e9242f35ff300a77617a78af41d254ab6e8edb1c5df8af378,payload
docs/alpha_lab_master_architecture/context_lifecycle_os/13_ATOMIC_CONCEPTS/ACL_15/044_RETENTION_REGISTERED.md,795,95874f9e22c45a7be56c9a0982a70f0efd05f1456027d82c36014bc427475d11,payload
docs/alpha_lab_master_architecture/context_lifecycle_os/13_ATOMIC_CONCEPTS/ACL_15/045_CLOSED_REFERENCE.md,787,467a232203b2b54ddf6745a0ef015f3123bd0f8224809a23d5bbbeafd5735b07,payload
docs/alpha_lab_master_architecture/context_lifecycle_os/13_ATOMIC_CONCEPTS/ACL_15/046_REOPEN_REQUIRES_EVIDENCE.md,803,15cb02c51aacde1d3feda49830a00109dee360d45391a4a1527a7d50e9ff71cb,payload
docs/alpha_lab_master_architecture/context_lifecycle_os/13_ATOMIC_CONCEPTS/ACL_15/047_CLOSURE_STATE.md,781,21cd49171492171e9d45334d29612747f2adcc54a850ae133364e030445ad502,payload
docs/alpha_lab_master_architecture/context_lifecycle_os/13_ATOMIC_CONCEPTS/ACL_15/048_NON_CAPITAL_CLOSURE.md,793,a84b8fefcb85807a399d8c122860e0dbcf4a8194bcf34291d1e6e65d5702a3f1,payload
docs/alpha_lab_master_architecture/context_lifecycle_os/13_ATOMIC_CONCEPTS/ACL_15/049_MIGRATION_PENDING.md,789,c3fe7e13be20372e760a87b1df3e355f25bb950c358125485456c699390145d3,payload
docs/alpha_lab_master_architecture/context_lifecycle_os/13_ATOMIC_CONCEPTS/ACL_15/050_REOPEN_PENDING.md,783,7c346fc4ee3092671e9b0bde7e9c68d52e1ec538f92e80abee0f979acf2d52f7,payload
docs/alpha_lab_master_architecture/context_lifecycle_os/13_ATOMIC_CONCEPTS/ACL_15/051_RETIRED_IMMUTABLE.md,789,564ec2a6051ca27a707e3ca6c5e60cdce91b89f36bc4f60e5a0195ca77a12296,payload
docs/alpha_lab_master_architecture/context_lifecycle_os/13_ATOMIC_CONCEPTS/ACL_15/052_UNKNOWN_PRESERVATION.md,795,02ab943b701e5b892f129bd431167435b05ff05f31d62e5ddcdbe1d02a7b6130,payload
docs/alpha_lab_master_architecture/context_lifecycle_os/13_ATOMIC_CONCEPTS/ACL_15/053_FAILURE_PRESERVATION.md,795,396883716ce808952823a10fe09bdc4934a28a356938254e0a343fdec5095ea5,payload
docs/alpha_lab_master_architecture/context_lifecycle_os/13_ATOMIC_CONCEPTS/ACL_15/054_UNEXECUTED_STATE_PRESERVATION.md,813,a2f4637a286019779b30b0af90540e7e59f4fa946c3caa271144997d8c99bb94,payload
docs/alpha_lab_master_architecture/context_lifecycle_os/13_ATOMIC_CONCEPTS/ACL_15/055_EVIDENCE_INVENTORY.md,791,f595ce741074f5b78289670411db1a8ca9840b43384b329bf4817568c3a7c3ac,payload
docs/alpha_lab_master_architecture/context_lifecycle_os/13_ATOMIC_CONCEPTS/ACL_15/056_PILOT_DESIGN_PRESENT.md,795,c912d08df04c19f9eb0f45d327e58631aaf4020df9fbc1450bdc9ced0f2be298,payload
docs/alpha_lab_master_architecture/context_lifecycle_os/13_ATOMIC_CONCEPTS/ACL_15/057_REAL_EVIDENCE_ABSENT.md,795,52dd0c55c3804654d6b42fdb577bc125f798d62a609cd638f726c87dd3ddc449,payload
docs/alpha_lab_master_architecture/context_lifecycle_os/13_ATOMIC_CONCEPTS/ACL_15/058_VALIDATION_EVIDENCE_ABSENT.md,807,293f31fcd71a1ccb9db688dfce4ef36e41e1bc71e2b2f329044d3e5c77bffa04,payload
docs/alpha_lab_master_architecture/context_lifecycle_os/13_ATOMIC_CONCEPTS/ACL_15/059_RUNTIME_PARITY_ABSENT.md,797,cb35d5a442f9ae4d5195b8ef4b9faa0bf5b49297bd4da318afa4e94ce326675a,payload
docs/alpha_lab_master_architecture/context_lifecycle_os/13_ATOMIC_CONCEPTS/ACL_15/060_PRODUCTION_SECURITY_ABSENT.md,807,3b50eca43c0938afeda08d11778444098ba045518c7b4d29b84723d30dcdbdae,payload
docs/alpha_lab_master_architecture/context_lifecycle_os/13_ATOMIC_CONCEPTS/ACL_15/061_REFERENCE_MISCLASSIFICATION_DENIAL.md,823,a9fd462d461e8b1f672929062a1e1519b2a2b88d27b0ffe4b4d9722278e5ced2,payload
docs/alpha_lab_master_architecture/context_lifecycle_os/13_ATOMIC_CONCEPTS/ACL_15/062_MIGRATION_ID.md,779,23f5c2dc774905f31411f983894d97b492807a402f2ec68a77df5518f4007d65,payload
docs/alpha_lab_master_architecture/context_lifecycle_os/13_ATOMIC_CONCEPTS/ACL_15/063_SCHEMA_MIGRATION.md,787,b89616c5cb520a30779dcc59d6aaf31148bac4f3653fdfe5cfe04deed0e1177f,payload
docs/alpha_lab_master_architecture/context_lifecycle_os/13_ATOMIC_CONCEPTS/ACL_15/064_POLICY_MIGRATION.md,787,fb8acb363b2c30f396d79d2aca1d657cbb37bfc85c9dab39c445dc02f5530f6b,payload
docs/alpha_lab_master_architecture/context_lifecycle_os/13_ATOMIC_CONCEPTS/ACL_15/065_STORAGE_MIGRATION.md,789,f3f3647ba025536b451b03b79ec6c54abfcc0da239b166fc84a91ef313e99be9,payload
docs/alpha_lab_master_architecture/context_lifecycle_os/13_ATOMIC_CONCEPTS/ACL_15/066_NEW_VERSION_REQUIREMENT.md,801,4bc21412c2e6bdc5a26f48459ebc87d013854bfe75efdf0441531e4325021476,payload
docs/alpha_lab_master_architecture/context_lifecycle_os/13_ATOMIC_CONCEPTS/ACL_15/067_HUMAN_REVIEW_REQUIREMENT.md,803,febaf6ca444a7b016cb1df55a61acd6facbf5af04988caff92d6c4044eab278f,payload
docs/alpha_lab_master_architecture/context_lifecycle_os/13_ATOMIC_CONCEPTS/ACL_15/068_SOURCE_HISTORY_IMMUTABILITY.md,809,bd312572e4d957af6c5c3ed49e5cb49eb295aa6f8f97f5e550375cdc1c0c85b5,payload
docs/alpha_lab_master_architecture/context_lifecycle_os/13_ATOMIC_CONCEPTS/ACL_15/069_REOPEN_POLICY.md,781,37887bad688dc28e81d7968e7719aa35f2ef9693a049e9673740f8e195a2dd74,payload
docs/alpha_lab_master_architecture/context_lifecycle_os/13_ATOMIC_CONCEPTS/ACL_15/070_NEW_PERMIT_REQUIREMENT.md,799,175992dbd043e5b0b338bcb92088f43c942add6b782b5dd9c80a77ea5f3b88b2,payload
docs/alpha_lab_master_architecture/context_lifecycle_os/13_ATOMIC_CONCEPTS/ACL_15/071_NEW_FROZEN_PACKAGE.md,791,41673de26a4ebb8e3a98ff91811201411cbb9f9123519a33c8d1791988e62726,payload
docs/alpha_lab_master_architecture/context_lifecycle_os/13_ATOMIC_CONCEPTS/ACL_15/072_AUTOMATIC_REOPEN_DENIAL.md,801,ceeadf1880993574bbb382c5451775d2a66decab38ddd7880b0052cd10c74ae5,payload
docs/alpha_lab_master_architecture/context_lifecycle_os/13_ATOMIC_CONCEPTS/ACL_15/073_AUDIT_RESTORE.md,781,289447a6b178d04eacedc2c6545f088abf66da31d7a07405b6951a49db1ddd6c,payload
docs/alpha_lab_master_architecture/context_lifecycle_os/13_ATOMIC_CONCEPTS/ACL_15/074_NEW_REAL_PILOT_PACKAGE.md,799,9b91b586df64b4073fc86516b56f6697975f3ffd7ef8ae7097a56a3b69f8f0b8,payload
docs/alpha_lab_master_architecture/context_lifecycle_os/13_ATOMIC_CONCEPTS/ACL_15/075_CLOSURE_POLICY.md,783,e63ba479cc4e7c2e401b0876fa3c8f099b41a1e072156d634c6c6127826a4ed5,payload
docs/alpha_lab_master_architecture/context_lifecycle_os/13_ATOMIC_CONCEPTS/ACL_15/076_PRESERVE_UNKNOWNS.md,789,f75ab56bb7d2c98b7290d363aeae16f2d0d59f11973d7751c479af8e10865181,payload
docs/alpha_lab_master_architecture/context_lifecycle_os/13_ATOMIC_CONCEPTS/ACL_15/077_PRESERVE_FAILURES.md,789,2046ccc3241b6cf1fe581767ca2f520d2d8eb71ca0aa86470250054d807d738a,payload
docs/alpha_lab_master_architecture/context_lifecycle_os/13_ATOMIC_CONCEPTS/ACL_15/078_POST_HOC_REPAIR_DENIAL.md,799,903d62cc8d5f9381dc712df9833fc9ae37a15b50823b1f405e11337d0e5d1971,payload
docs/alpha_lab_master_architecture/context_lifecycle_os/13_ATOMIC_CONCEPTS/ACL_15/079_OUTCOME_INVENTION_DENIAL.md,803,587fa55fefcd4630ed88754ea594011fd03704e8babd1183e14f1d420ec9d534,payload
docs/alpha_lab_master_architecture/context_lifecycle_os/13_ATOMIC_CONCEPTS/ACL_15/080_VALIDATION_BYPASS_DENIAL.md,803,3b39df26cdf0815985f32256df9c418cbad1e3d391ce3e0038f7bbc72c030c30,payload
docs/alpha_lab_master_architecture/context_lifecycle_os/13_ATOMIC_CONCEPTS/ACL_15/081_PROMOTION_BYPASS_DENIAL.md,801,73a94698daa8106d99c46aa0b0d9a5cbcbf9c9844961c7c1087eb9d22a4e53bc,payload
docs/alpha_lab_master_architecture/context_lifecycle_os/13_ATOMIC_CONCEPTS/ACL_15/082_RUNTIME_DENIAL.md,783,f7bc10b3b7058a54141e710dce83bb28750c07ebec52735a0e78fec4de21d3e2,payload
docs/alpha_lab_master_architecture/context_lifecycle_os/13_ATOMIC_CONCEPTS/ACL_15/083_ORDER_DENIAL.md,779,b9f17f10c2369501ca80b834e1e50fdbc5c800fc2e5c9ec7b364f4278e8fbc20,payload
docs/alpha_lab_master_architecture/context_lifecycle_os/13_ATOMIC_CONCEPTS/ACL_15/084_CAPITAL_DENIAL.md,783,77a5206426b681cb434bd94d3d2174bfb2697ec678a4dea9746eea46ab3c4e57,payload
docs/alpha_lab_master_architecture/context_lifecycle_os/13_ATOMIC_CONCEPTS/ACL_15/085_PACKAGE_STATUS_ID.md,789,e400a80696d03b608030d17f7b57dfd32a713f63d0372769b8934be8f6f82520,payload
docs/alpha_lab_master_architecture/context_lifecycle_os/13_ATOMIC_CONCEPTS/ACL_15/086_RETENTION_STATUS_ID.md,793,3f8158d6e13ca625e712d0e03a3d0f2dbf2ef52e9a91c523d47f44152f9f94dc,payload
docs/alpha_lab_master_architecture/context_lifecycle_os/13_ATOMIC_CONCEPTS/ACL_15/087_SURVEILLANCE_STATUS_ID.md,799,c4a6b569e566f156b02d97efbe3968f870bf65fa32ae828babdcd4d85fb7554e,payload
docs/alpha_lab_master_architecture/context_lifecycle_os/13_ATOMIC_CONCEPTS/ACL_15/088_FLEET_OPERATIONS_MANIFEST.md,805,8dcd56095f0adf5f6b7d43b6a16612ffd42d91f94c0e546e753f6808c07691ff,payload
docs/alpha_lab_master_architecture/context_lifecycle_os/13_ATOMIC_CONCEPTS/ACL_15/089_EXECUTION_MANIFEST.md,791,fcafd72b173e78dcd0fa77691b522e4f0c565e5ea3e4fe83d95505d26bd35bec,payload
docs/alpha_lab_master_architecture/context_lifecycle_os/13_ATOMIC_CONCEPTS/ACL_15/090_CLOSURE_DECISION_ID.md,793,66475dfd2ed53c1c8fdb7722557ecf00e8392477f6a00c148850491e9c9b081a,payload
docs/alpha_lab_master_architecture/context_lifecycle_os/13_ATOMIC_CONCEPTS/ACL_15/091_CLOSURE_REASON_CODE.md,793,791d70962aa22ab1608c8530f6fdc780cdaca154bcbc96576c646613beec9e1f,payload
docs/alpha_lab_master_architecture/context_lifecycle_os/13_ATOMIC_CONCEPTS/ACL_15/092_REFERENCE_PROGRAM_CLOSED.md,803,0ec09a6b864e2c858e715a8a2d2c4f93f92adfccf9cfda4b933f66dab1612eaf,payload
docs/alpha_lab_master_architecture/context_lifecycle_os/13_ATOMIC_CONCEPTS/ACL_15/093_PRODUCTION_PROGRAM_OPEN.md,801,8dda32361a35950434936997c7ac32c9a1bebfb264ffc33e3ab45225fc638596,payload
docs/alpha_lab_master_architecture/context_lifecycle_os/13_ATOMIC_CONCEPTS/ACL_15/094_REPORT_SECTION_REGISTRY.md,801,7b816bba2be1b448168c48128fabbaeb5ec76f8e1fa0bff130e3a105ea9dd599,payload
docs/alpha_lab_master_architecture/context_lifecycle_os/13_ATOMIC_CONCEPTS/ACL_15/095_ANSWER_FIRST_BRIEF.md,791,cce1712ab93d1ac27d1d287a692cb07da14604a1d23d0bbbbcfefab34150a101,payload
docs/alpha_lab_master_architecture/context_lifecycle_os/13_ATOMIC_CONCEPTS/ACL_15/096_RESIDUAL_RISK.md,781,40c5e576534f886c7c72653ffc977ad5c7c8e03b9ddefe9d64ffe88dddf41063,payload
docs/alpha_lab_master_architecture/context_lifecycle_os/13_ATOMIC_CONCEPTS/ACL_15/097_RISK_ACCEPTANCE_DENIAL.md,799,c712bf1a3321b59ffcff05ec609e163d75d243ff8dbee897fd9407379bbaf5af,payload
docs/alpha_lab_master_architecture/context_lifecycle_os/13_ATOMIC_CONCEPTS/ACL_15/098_EVENT_ID.md,771,71a7733c329d5a1a1094acbb1c7baf15b328ad1a5900bf1f687e2d4e538612e8,payload
docs/alpha_lab_master_architecture/context_lifecycle_os/13_ATOMIC_CONCEPTS/ACL_15/099_EVENT_SEQUENCE.md,783,d2988cb49c0a6ac1110651b8b8e68cb0f0f9b71ed2ed8d86ea0c5cf5bbde41cf,payload
docs/alpha_lab_master_architecture/context_lifecycle_os/13_ATOMIC_CONCEPTS/ACL_15/100_EVENT_DIGEST.md,779,6c7e4efd51ce9ecc3b36d7886323741cfb0440480909bb873b57ec550092fd56,payload
docs/alpha_lab_master_architecture/context_lifecycle_os/13_ATOMIC_CONCEPTS/ACL_15/101_EVENT_HASH_CHAIN.md,787,7207c0094a4a1d0d22c6867ebbe0dce89f23900bc050ae86539f86a5aed1247f,payload
docs/alpha_lab_master_architecture/context_lifecycle_os/13_ATOMIC_CONCEPTS/ACL_15/102_PROVENANCE_NODE.md,785,29b708466b69bbe171699fdcb940e21d6bea59d1513e28280cc4178ae57f5c7f,payload
docs/alpha_lab_master_architecture/context_lifecycle_os/13_ATOMIC_CONCEPTS/ACL_15/103_PROVENANCE_EDGE.md,785,14505d2720b324e49c184b584fe909e3cc22418292f3b36cb73958fcb67628a5,payload
docs/alpha_lab_master_architecture/context_lifecycle_os/13_ATOMIC_CONCEPTS/ACL_15/104_SEMANTIC_MUTATION_DENIAL.md,803,4742d7563196bc721b576bed84d8b0cd816124ed6d966135cb5b2c0734993f3b,payload
docs/alpha_lab_master_architecture/context_lifecycle_os/13_ATOMIC_CONCEPTS/ACL_15/105_ATOMIC_STAGING.md,783,ba1b87442989dfe30814e0eb1f4232d9616c0c34bac739ce26590853b7f5920f,payload
docs/alpha_lab_master_architecture/context_lifecycle_os/13_ATOMIC_CONCEPTS/ACL_15/106_ATOMIC_RENAME.md,781,53e989864299242126b4222fcfcd77b611ccf6e98aff8dabdda85f802109df3c,payload
docs/alpha_lab_master_architecture/context_lifecycle_os/13_ATOMIC_CONCEPTS/ACL_15/107_DESTINATION_CONFLICT.md,795,a3407cfb8c07f7cc49a9f0940429eb053ddaac881843ba1460f9c1348d00544f,payload
docs/alpha_lab_master_architecture/context_lifecycle_os/13_ATOMIC_CONCEPTS/ACL_15/108_OUTPUT_MANIFEST.md,785,3826b40d14150b0db1059f2a09785e791f2d63274cd6b54d377d16d15063e877,payload
docs/alpha_lab_master_architecture/context_lifecycle_os/13_ATOMIC_CONCEPTS/ACL_15/109_RECEIPT_BINDING.md,785,f005b18fa1fbbdf1a4f8ee3acd59a45294bf9acc02edf7d94e275c4a16b807bd,payload
docs/alpha_lab_master_architecture/context_lifecycle_os/13_ATOMIC_CONCEPTS/ACL_15/110_HANDOFF_DIGEST.md,783,917dec1374b04ea9968917d25c349c3a27b949ee7f84a9583500f4cc11c1535c,payload
docs/alpha_lab_master_architecture/context_lifecycle_os/13_ATOMIC_CONCEPTS/ACL_15/111_LIFECYCLE_CLOSURE_HANDOFF.md,805,dc400c53771cbfcdca49c123e351a1daf27fbb16e645a7d77f0730e08f729a98,payload
docs/alpha_lab_master_architecture/context_lifecycle_os/13_ATOMIC_CONCEPTS/ACL_15/112_PATH_TRAVERSAL_DENIAL.md,797,d1bf4ffb975fcc549d7ad90ef2ead73dd8c1e79f7d16b1d7c35175b2b2d325a2,payload
docs/alpha_lab_master_architecture/context_lifecycle_os/13_ATOMIC_CONCEPTS/ACL_15/113_SYMLINK_DENIAL.md,783,90046127218014e2137285c6b32b97897c79ec68e64a0f89fb78f5bc8808a186,payload
docs/alpha_lab_master_architecture/context_lifecycle_os/13_ATOMIC_CONCEPTS/ACL_15/114_NETWORK_DENIAL.md,783,4fe46aaf650fd1f2796fb0b69166cee7b1ccc24154f7252056cc8c5ebed2afb0,payload
docs/alpha_lab_master_architecture/context_lifecycle_os/13_ATOMIC_CONCEPTS/ACL_15/115_SECRET_DENIAL.md,781,1d72972e7a2da764756000cd119f5480448ceee853b6b8ce5764faa826239f31,payload
docs/alpha_lab_master_architecture/context_lifecycle_os/13_ATOMIC_CONCEPTS/ACL_15/116_MQL5_STATIC_MIRROR.md,791,a3db348bc53822c75b1ad4b0f3353aae5a8d3ef9971c9fb0962727dd44a37a5f,payload
docs/alpha_lab_master_architecture/context_lifecycle_os/13_ATOMIC_CONCEPTS/ACL_15/117_FORBIDDEN_API_SCAN.md,791,e9fbb1ec4afdf2676f35f1455ea96dc1e7876fc90a44b411c01fe8e00486c9ee,payload
docs/alpha_lab_master_architecture/context_lifecycle_os/13_ATOMIC_CONCEPTS/ACL_15/118_DETERMINISTIC_ID.md,787,047b65f7aaa19a1bf9c5e0415becb7877fb6957ed51cab065f65038231d1f8f1,payload
docs/alpha_lab_master_architecture/context_lifecycle_os/13_ATOMIC_CONCEPTS/ACL_15/119_CANONICAL_JSON.md,783,ecc5843409d39cb2cae7c0f99d04a4173e177fe23c7bedb6b676311605b3066d,payload
docs/alpha_lab_master_architecture/context_lifecycle_os/13_ATOMIC_CONCEPTS/ACL_15/120_BYTE_DIGEST.md,777,ffec9884653eb4acde6a629dfefcf41e063a2a079fd6a077b889409b7832bcb8,payload
docs/alpha_lab_master_architecture/context_lifecycle_os/13_ATOMIC_CONCEPTS/ACL_15/121_EMBEDDED_DIGEST.md,785,3681ff747d38002686857da7b16650899bf205fb2fdb6ed511df2d6a1c5f0ba3,payload
docs/alpha_lab_master_architecture/context_lifecycle_os/13_ATOMIC_CONCEPTS/ACL_15/122_REPLAY_VERIFICATION.md,793,d43f26fcd8d4c69be0026791b49b9595a3e947d0f41333369b6078b86b44226c,payload
docs/alpha_lab_master_architecture/context_lifecycle_os/13_ATOMIC_CONCEPTS/ACL_15/123_REGRESSION_TEST.md,785,2de8f394b983f26df0feb072084dfba22154956b91a3b6c67e114b68eca2f648,payload
docs/alpha_lab_master_architecture/context_lifecycle_os/13_ATOMIC_CONCEPTS/ACL_15/124_HOSTILE_REVIEW.md,783,6a39190cd86406afbc2f34302c200d7d552175ac8300f09e2d1408fd06a2cf9d,payload
docs/alpha_lab_master_architecture/context_lifecycle_os/13_ATOMIC_CONCEPTS/ACL_15/125_ROLLBACK.md,771,34104f927659bfb373d949a061a532a7d3605a624579f8e4f8ae908f5763f9c5,payload
docs/alpha_lab_master_architecture/context_lifecycle_os/13_ATOMIC_CONCEPTS/ACL_15/126_CLAIM_CEILING.md,781,d22974d33cb393478178dd3f6d308910f18c2ca71483bf337298525019f68073,payload
docs/alpha_lab_master_architecture/context_lifecycle_os/13_ATOMIC_CONCEPTS/ACL_15/127_PROGRAM_CLOSURE.md,785,9632cb9a1c11cd8659a312d1dc0c8639c612f8fcb189d7b4a1ce4011744a2380,payload
docs/alpha_lab_master_architecture/context_lifecycle_os/13_ATOMIC_CONCEPTS/ACL_15/128_NEW_EVIDENCE_REOPEN.md,793,3a5f17462eacf15f19c52d63bf72e7f6797b59a3103cfca86e4ac19f355503e9,payload
docs/alpha_lab_master_architecture/context_lifecycle_os/13_ATOMIC_CONCEPTS/ACL_15/129_NON_CAPITAL_BOUNDARY.md,795,45ba8e6fad8a877ed0f416211ac535a11d223c35130c6085c7a20d57507782ea,payload
docs/alpha_lab_master_architecture/context_lifecycle_os/13_ATOMIC_CONCEPTS/ACL_15/130_AUDIT_PRESERVATION.md,791,e3766724162e132453f9bde7c36a6826bcb865ee50eb6c675a0967947157f958,payload
docs/alpha_lab_master_architecture/context_lifecycle_os/13_ATOMIC_CONCEPTS/ACL_15/131_FINAL_REFERENCE_STATE.md,797,394547a4db1275e962da3ee9dac060ac8313008b8d3f19d0e7dba589324b3986,payload
lab/11_strategy_factory/acl_os/README.md,3617,f415ccaa9aa301c5403b9b86bb4ef406855c7b88f6b3a8bb935838c51c4fbe7d,payload
lab/11_strategy_factory/acl_os/fixtures/acl_15/authority_permit.json,950,89abb67bc06f7fcc2781bbd64a90829c5ae1a6e5e275f07186c0d959079b23c8,payload
lab/11_strategy_factory/acl_os/fixtures/acl_15/fleet_closure_policy.json,1439,34281bf0be5b5aec80f4987907ef77ded26f0ba0a5c6bde9ee8db2bb3b2a269c,payload
lab/11_strategy_factory/acl_os/fixtures/acl_15/reference_fleet_closure/.acl15_generated_root,54,f51f28bda293756799c4979f132215de8656f038212a064fac54515485630ce7,payload
lab/11_strategy_factory/acl_os/fixtures/acl_15/reference_fleet_closure/authority/authority_report.json,762,9f2cc5b9dd41d501dccae8a0f1989e4c0358bbe2e5aab75db800608c20fcfc66,payload
lab/11_strategy_factory/acl_os/fixtures/acl_15/reference_fleet_closure/binding/acl14_binding.json,1122,75e82011e2f7fd88917af1a32aa51e2d4704ccc7147deca4ccf6017423adbe7a,payload
lab/11_strategy_factory/acl_os/fixtures/acl_15/reference_fleet_closure/contract/closure_policy.json,635,ef21a88b7e65d1717497c4ce4a4ab7b9894cc2ced30533b4259e24defbb28d79,payload
lab/11_strategy_factory/acl_os/fixtures/acl_15/reference_fleet_closure/contract/fleet_registration_contract.json,1531,821495258371b1824fb30b4299160abaeda27ee72beb997696e78bab42fb80cc,payload
lab/11_strategy_factory/acl_os/fixtures/acl_15/reference_fleet_closure/contract/lifecycle_ownership_contract.json,775,0e6d82c61051cc193391c6525350dc0728a1c196c1a9b190a8a8deff738a02cf,payload
lab/11_strategy_factory/acl_os/fixtures/acl_15/reference_fleet_closure/contract/migration_contract.json,548,982f66ee5fd4608f757d31427ab933c5d36b141b563ddaf933102a06008aafb6,payload
lab/11_strategy_factory/acl_os/fixtures/acl_15/reference_fleet_closure/contract/reopen_policy.json,621,25a375ddeb3f1c7c547d4a5dcbaea06f8e2a48d0802fdd710d0a0d16cf93d323,payload
lab/11_strategy_factory/acl_os/fixtures/acl_15/reference_fleet_closure/contract/retention_contract.json,485,014229dfe8d3184cc54f42ed03254ef8a7b0caa4827c4b51efcab921c10dbb95,payload
lab/11_strategy_factory/acl_os/fixtures/acl_15/reference_fleet_closure/contract/surveillance_contract.json,731,66440e158247d84490a12e5ad551261d26b07f480257cb026e2d2aa193db4384,payload
lab/11_strategy_factory/acl_os/fixtures/acl_15/reference_fleet_closure/decision/non_capital_closure_decision.json,1257,f16c250e61b9d9cdd65b97caf5c98c3e3b03c60e6c3eb330bc46d39262a035fc,payload
lab/11_strategy_factory/acl_os/fixtures/acl_15/reference_fleet_closure/docs/ACL15_CLOSURE_DECISION.md,164,a35026c283e3876a54665cbb772721e2fc5c3b2024fae3c6c20ade4a57776879,payload
lab/11_strategy_factory/acl_os/fixtures/acl_15/reference_fleet_closure/docs/ACL15_EXECUTIVE_BRIEF.md,162,23a9639bf4c4107aeb91bad3d32eebb9019965180382c8276bf8b108bbb35799,payload
lab/11_strategy_factory/acl_os/fixtures/acl_15/reference_fleet_closure/docs/ACL15_FLEET_REGISTRATION.md,130,4cc4597ca15141a4b070239afa3bbe7273afa6064a28168ac5ec27391a8e32b9,payload
lab/11_strategy_factory/acl_os/fixtures/acl_15/reference_fleet_closure/docs/ACL15_PROGRAM_CLOSURE.md,132,fe097e9075a7b1da1c22e4015099d7ae7e3eef6c964259c053e9f1819c9f3c14,payload
lab/11_strategy_factory/acl_os/fixtures/acl_15/reference_fleet_closure/docs/ACL15_REOPEN_AND_MIGRATION.md,146,cbf65d653b1aea6ba4d80c2e353b3fd54e69f08c756d48ee29f71433681b31c8,payload
lab/11_strategy_factory/acl_os/fixtures/acl_15/reference_fleet_closure/docs/ACL15_RETENTION_AND_SURVEILLANCE.md,130,929183be41268efbf9c5fe884c2695e332a41d226ec2b1139f2690dd7faf9be5,payload
lab/11_strategy_factory/acl_os/fixtures/acl_15/reference_fleet_closure/docs/obsidian_projection_manifest.json,1174,136934e88ddb45799f69781df204ae6a82432d72e933734546e64ea77bea25b0,payload
lab/11_strategy_factory/acl_os/fixtures/acl_15/reference_fleet_closure/events/fleet_event_ledger.json,6956,9b6c3bc8a89b8fd7dc33dcf2bc458f6230e8cef90b0df004f81f30900b373965,payload
lab/11_strategy_factory/acl_os/fixtures/acl_15/reference_fleet_closure/evidence/pilot_evidence_inventory.json,662,1cff5494e67eaf58d592da76de370c712d1e8537ff79c211f3b1352c4f3948e7,payload
lab/11_strategy_factory/acl_os/fixtures/acl_15/reference_fleet_closure/execution/runtime_and_order_manifest.json,618,3dd8598a0f3fa63f6128f8f99bbe9b110164f86592bfcd75e3f57fea5fb1bb0f,payload
lab/11_strategy_factory/acl_os/fixtures/acl_15/reference_fleet_closure/fleet_closure_receipt.json,779,2c97857f230ef67f06eec879a3be29300fe1e01b407f4a0d4ad0ee0229da1407,payload
lab/11_strategy_factory/acl_os/fixtures/acl_15/reference_fleet_closure/handoff/lifecycle_closure_handoff.json,1960,fbeecf9d43f548975f290858fa1032f038f7e51df96284e105f694c62c76b762,payload
lab/11_strategy_factory/acl_os/fixtures/acl_15/reference_fleet_closure/lineage/fleet_provenance_graph.json,2175,1a30bec7c68b3c3f3373fb2ff934870831c4d429d9ddc62e2cb67f0391b57525,payload
lab/11_strategy_factory/acl_os/fixtures/acl_15/reference_fleet_closure/operations/fleet_operations_manifest.json,844,2f2f24f85dddc34180b527d11bd08768b590b1cac54001b9d4549656df6b5e51,payload
lab/11_strategy_factory/acl_os/fixtures/acl_15/reference_fleet_closure/output_manifest.json,7132,1e11ab19063998eb162885bc8cab4822d7d052b078d49b51ad50c45d427cae72,payload
lab/11_strategy_factory/acl_os/fixtures/acl_15/reference_fleet_closure/policy/fleet_closure_policy.json,1439,34281bf0be5b5aec80f4987907ef77ded26f0ba0a5c6bde9ee8db2bb3b2a269c,payload
lab/11_strategy_factory/acl_os/fixtures/acl_15/reference_fleet_closure/registry/action_registry.json,667,a9e45cb631d15a43031989b4a7592551632099ebf78d2f247320fe46b23b5349,payload
lab/11_strategy_factory/acl_os/fixtures/acl_15/reference_fleet_closure/registry/closure_state_registry.json,585,56f6c4056df41c28a2724e8bbd87718e26a8f84053cea14ce8387934c7a9cb19,payload
lab/11_strategy_factory/acl_os/fixtures/acl_15/reference_fleet_closure/registry/fleet_status_registry.json,706,35f316f94fab1fb8f8378cb74283e99471edc0c424c0578ff6d9ec630c207c3c,payload
lab/11_strategy_factory/acl_os/fixtures/acl_15/reference_fleet_closure/registry/report_section_registry.json,1383,8351f938d350019e81781f6f0424b70627e9262391ee3872a474ce6a22d3fcc9,payload
lab/11_strategy_factory/acl_os/fixtures/acl_15/reference_fleet_closure/report/executive_brief.json,880,4e429a323b879f79c6357a4cb22ee0c45489092e8a8d3eedbf505a27bb9193ac,payload
lab/11_strategy_factory/acl_os/fixtures/acl_15/reference_fleet_closure/report/fleet_closure_report.json,3106,440ebb7f7d4b7b97ea295201c35d04c31fe62aa07dac4b7521a08ae61873ddcc,payload
lab/11_strategy_factory/acl_os/fixtures/acl_15/reference_fleet_closure/report/residual_risk_report.json,917,066ba863a45604b0876b084facc347f5169ef7f805051aa9567dc472b8faf9bb,payload
lab/11_strategy_factory/acl_os/fixtures/acl_15/reference_fleet_closure/reports/integrity_report.json,578,0b3ae87f7d5e76b8985bfd20b4c8251937f6d4bc5e8e830706d0a78fed949a12,payload
lab/11_strategy_factory/acl_os/fixtures/acl_15/reference_fleet_closure/run/fleet_closure_run.json,828,87308fc0f48b8cc0c6757a08dab0861b8597b6bfdce5305dc37e5c9a8c8fd072,payload
lab/11_strategy_factory/acl_os/fixtures/acl_15/reference_fleet_closure/security/security_boundary_report.json,755,b5c68e2672e349614287166a7753b71e596efcf31e48a1175eccc1862ff3b73b,payload
lab/11_strategy_factory/acl_os/fixtures/acl_15/reference_fleet_closure/status/fleet_package_status.json,737,c98d20cf52f905e308406e2cc69a5bdde93684d7d20f95b94436f3aa927902e4,payload
lab/11_strategy_factory/acl_os/fixtures/acl_15/reference_fleet_closure/status/retention_status.json,510,0b44a3fd680341a830dd47ac05b28f4f5ea6f5334a94ee1856568178f4c7f875,payload
lab/11_strategy_factory/acl_os/fixtures/acl_15/reference_fleet_closure/status/surveillance_status.json,566,b5163f227e19401efb52ffa30f3e2a29c77bd76fdc1099843521f8448fed4746,payload
lab/11_strategy_factory/acl_os/tests_acl_15/conftest.py,676,0cdf43bb43d9be4b7b649dcb4f1745b5225445915c21d0ffa6b7d61c11982a7f,payload
lab/11_strategy_factory/acl_os/tests_acl_15/test_contracts_and_operations.py,1904,2536a61e05f47d3fcca7bdcd8cba1b7b4a715304accbe4bb48f22102e31c585e,payload
lab/11_strategy_factory/acl_os/tests_acl_15/test_decision_and_handoff.py,1570,097e857f9f48d2128a510cb25234887a8e65b5046bb4a7fc0867971fb118ca05,payload
lab/11_strategy_factory/acl_os/tests_acl_15/test_events_provenance_reports.py,667,bf05503f2e352bc2fd9d95c0003e11608f16eba3bdaddbbdfc2171a4f2caae0a,payload
lab/11_strategy_factory/acl_os/tests_acl_15/test_input_and_authority.py,1366,e05caaf8c70ff2bae3d0dcdf7815dac738f130b783239e901d05d89de2e94085,payload
lab/11_strategy_factory/acl_os/tests_acl_15/test_registry_docs_delivery.py,860,ffaa9f9c594707d3ebdef87335c6e760f58b05fdd3b7eb7c98cb0e56dfd0602b,payload
lab/11_strategy_factory/acl_os/tests_acl_15/test_schema_validation.py,220,ae09647c69dd2613ad73c71ef682ccbe351074fbbc24f8c2d44c5f9c3b40c38c,payload
lab/11_strategy_factory/acl_os/tests_acl_15/test_security_and_negative.py,701,775d99ef974ac458a87af4f65e51a5e475eade18d7b0c6f405ba0398457ba8e6,payload
lab/11_strategy_factory/acl_os/tests_acl_15/test_service.py,1468,87c2a1f891c2d9205c85e7b007e0ecb42ae347bc7da254051da5aa71cd15d88e,payload
lab/11_strategy_factory/mql5/Include/AlphaLab/ACL_OS/ACL15/ACL15All.mqh,577,3a4722a14e551e0cd43c8cec6af0c7b802f1daa727f92b02a52834be325cc2b6,payload
lab/11_strategy_factory/mql5/Include/AlphaLab/ACL_OS/ACL15/ACL15AuthorityGuard.mqh,123,b32a3ea0a01104d63cf77fcdcb801f86063d998bb8604df40fb63265685fc6ae,payload
lab/11_strategy_factory/mql5/Include/AlphaLab/ACL_OS/ACL15/ACL15CapitalGuard.mqh,129,c8ca80505bd09fbf32100466a655d74b9369d3e3c4dbd64c377a7efc116b6c07,payload
lab/11_strategy_factory/mql5/Include/AlphaLab/ACL_OS/ACL15/ACL15ClosureDecision.mqh,194,510757cd42bcc68e4a87f937ec0ff9feeb44b0ab8188bb8380da0a3888b71e8b,payload
lab/11_strategy_factory/mql5/Include/AlphaLab/ACL_OS/ACL15/ACL15ClosureState.mqh,194,5dca76a6b053131b0ba446c64dfd189b6f2e7ee79ab21f335413850bb96990dc,payload
lab/11_strategy_factory/mql5/Include/AlphaLab/ACL_OS/ACL15/ACL15Constants.mqh,196,1941a71a870a909d5da2f3647ab065deeeb48885273fee0c82dfc325db6b3b05,payload
lab/11_strategy_factory/mql5/Include/AlphaLab/ACL_OS/ACL15/ACL15EvidenceInventory.mqh,204,0401ca593638ed63da52e1ee879dc264af3011972e5d48a0b09ca2ec0680a06a,payload
lab/11_strategy_factory/mql5/Include/AlphaLab/ACL_OS/ACL15/ACL15FleetContract.mqh,176,f6186b3e36bab716d5a881f1b5e93ee0be1381974cfebe1153a942692670cfe2,payload
lab/11_strategy_factory/mql5/Include/AlphaLab/ACL_OS/ACL15/ACL15FleetStatus.mqh,187,41cd75952a6aa27a8b6a4cfb1a457c139feb9b2814950a0854c4b84df51a87af,payload
lab/11_strategy_factory/mql5/Include/AlphaLab/ACL_OS/ACL15/ACL15HandoffContract.mqh,176,1bee7599fe9a146583794e2918b58de05c4bade14accd7ab550f6d4e853e4f04,payload
lab/11_strategy_factory/mql5/Include/AlphaLab/ACL_OS/ACL15/ACL15OrderGuard.mqh,123,323e5da6fca21ac9ca607d107316c344accaa50238be5513f48b6006d553edbc,payload
lab/11_strategy_factory/mql5/Include/AlphaLab/ACL_OS/ACL15/ACL15OwnershipContract.mqh,176,ae153485f7cb81f9cd0f63d908b94a020b512b73b2fc190944851d7b410e7c79,payload
lab/11_strategy_factory/mql5/Include/AlphaLab/ACL_OS/ACL15/ACL15ReopenGuard.mqh,125,aa674f7a05e30e317bd8a6cb67643e5ac0d88346c25c6160af1e207679e1b914,payload
lab/11_strategy_factory/mql5/Include/AlphaLab/ACL_OS/ACL15/ACL15RetentionContract.mqh,161,5174382f4636905ac96b5fc03b09bd65e3d8e2dce35f221f4931206ba6588e27,payload
lab/11_strategy_factory/mql5/Include/AlphaLab/ACL_OS/ACL15/ACL15RuntimeGuard.mqh,129,55b33b11356e7f4de8ab42f1bc2339f8d959e88745ae7eed24050d727000b042,payload
lab/11_strategy_factory/mql5/Include/AlphaLab/ACL_OS/ACL15/ACL15SurveillanceContract.mqh,201,c4d5d1f029f64121c8e2c7ac65e73ac210db981b36718c2040ae9c15140250ce,payload
lab/11_strategy_factory/mql5/Include/AlphaLab/ACL_OS/ACL15/README.md,199,984acde8612e59685c365d0853ca84b1ce8f787458388df2f12ddc882c5d4333,payload
registry/acl_os/acl_15/policies/v1/atomic_publication_policy.policy.json,366,8a591d3e4bb010d99459adbddf66bda6986f06cb2dfa0cfc4032b8d21af24c54,payload
registry/acl_os/acl_15/policies/v1/authority_policy.policy.json,356,43854c28210159daf64e3fe65e84c4171d771eaa828bd120ca5d7319cbc0809a,payload
registry/acl_os/acl_15/policies/v1/capital_denial_policy.policy.json,362,60a9a5559cbce1e4d3518d12d80c62f05a79111924a5fc6d7fcabfd76fbb86d1,payload
registry/acl_os/acl_15/policies/v1/closed_history_immutability_policy.policy.json,375,b05f22ca010b61fd575ce4cfa6d0b3a33332130f9fe72a226dbd1617fc054c5b,payload
registry/acl_os/acl_15/policies/v1/closure_decision_policy.policy.json,364,f556b0aeea6f511255c922729635e144ba5f389715c385f3e6d2d18323f9c4b2,payload
registry/acl_os/acl_15/policies/v1/event_ledger_policy.policy.json,360,dfa6fbf406f200b34370d39bd4f8d402cc6df0b8f341671b240e14854e418b3a,payload
registry/acl_os/acl_15/policies/v1/evidence_classification_policy.policy.json,370,75e787f9c933169e8be2957da1e753b7d6f66d14512707fbf9b4c6f7b6142c3f,payload
registry/acl_os/acl_15/policies/v1/failure_preservation_policy.policy.json,368,c0edc62c9882b3e84d0958f614b6bb6a0865fd98d9030f24a4827a61fea213c1,payload
registry/acl_os/acl_15/policies/v1/fleet_registration_policy.policy.json,365,3742651feb75ba99502b1f29b04801a788f201637c396c78d996b6415e47d5c4,payload
registry/acl_os/acl_15/policies/v1/hostile_review_policy.policy.json,362,ac3c62e6319314c6c1baa546b2bc73ec2be59136cf0fe98cc6d9e620dfa2b906,payload
registry/acl_os/acl_15/policies/v1/input_integrity_policy.policy.json,362,119f911a428ac41733b1e6c15e2e0d6f12349cf347b6c7d7235dbdf4f58dbd00,payload
registry/acl_os/acl_15/policies/v1/lifecycle_ownership_policy.policy.json,366,ab641ce16c8528e16f58f60fe9239ef43485d55240c0dbf51fbc2797bdca9502,payload
registry/acl_os/acl_15/policies/v1/live_order_denial_policy.policy.json,365,e6776f51aab4f0dcce4c42fc0f13e31a2d808b37d58e049c82aaa8e8c8e13c2e,payload
registry/acl_os/acl_15/policies/v1/migration_policy.policy.json,357,1651416e981fa1a0ef86534168e2c9288b80f370eb0b1316f07b67dc188cc772,payload
registry/acl_os/acl_15/policies/v1/mql5_static_boundary_policy.policy.json,368,88f622163edb78e4b9163d36b16cb147931c18fef4b118cddcae7d0b7a07aaf4,payload
registry/acl_os/acl_15/policies/v1/obsidian_policy.policy.json,356,f7d23f7e62f4252182a0e36b6eecf3da1a8194e19c56005dd83bae880cd42767,payload
registry/acl_os/acl_15/policies/v1/pilot_outcome_non_invention_policy.policy.json,374,0ae8eec252d6a100f13dfddff3c5c6df89157c651ee1d6ab0b2866fd3bb40601,payload
registry/acl_os/acl_15/policies/v1/program_closure_policy.policy.json,363,d219fcd5f6e8b039ec369d4bc259375d74544a9b7b51f3a92e3b90beb7512c81,payload
registry/acl_os/acl_15/policies/v1/promotion_bypass_denial_policy.policy.json,371,4437bcedb1d6df588bdafb3790ee62d78fd58d5cdf6f298dcd22386122d36ae2,payload
registry/acl_os/acl_15/policies/v1/provenance_policy.policy.json,358,bca160534c833ac7f8e37a98abb77e2f20eacd2deb4dafbad720aae5dddbbbe3,payload
registry/acl_os/acl_15/policies/v1/reopen_policy.policy.json,354,3116de1116c3961e1a7f037fbffdc47d18054e7bd2f480f47f92210ed7dc3f9b,payload
registry/acl_os/acl_15/policies/v1/reporting_policy.policy.json,357,21e1d56303cafe3464127d50e1416c0fa77b46c096ce2dc9876124b797d8e4c1,payload
registry/acl_os/acl_15/policies/v1/retention_policy.policy.json,356,bdd06b1caa478342bf78d17491b435ab16b6eac2d103ba4a1764b54182e85ddb,payload
registry/acl_os/acl_15/policies/v1/rollback_policy.policy.json,356,c37c361b518cb0f416452c8632ef6af70659e8cf7b2c21d9a6eec204d9064bd1,payload
registry/acl_os/acl_15/policies/v1/runtime_denial_policy.policy.json,362,bb4d1cf864a09a75d5753d9c7c054dbcb48ceabe3afcdd41391104c514d0845e,payload
registry/acl_os/acl_15/policies/v1/security_inheritance_policy.policy.json,368,c72f6898983a0011ccc018fc99a280fafb5dbdf48e582d4257c2098a54090110,payload
registry/acl_os/acl_15/policies/v1/surveillance_policy.policy.json,359,2263db9614a5a647e39acd1e60b3d2738d1780fd9f62ed2b6586b419f12c2e19,payload
registry/acl_os/acl_15/policies/v1/unexecuted_state_preservation_policy.policy.json,377,155eaefdd0bbbca2e37739e49213d0b69214bd1100c09d5917a3f9c11f75b83b,payload
registry/acl_os/acl_15/policies/v1/unknown_preservation_policy.policy.json,367,960856115fd75ef6df1db397b9e6766ed5bf65eeaf5b2e18eebffa4eddb0996e,payload
registry/acl_os/acl_15/policies/v1/validation_bypass_denial_policy.policy.json,372,392d4df74c4da9897aac12b302e8e710bf2aab921d819a427dc5d34877783536,payload
registry/acl_os/acl_15/schemas/v1/acl14_binding.schema.json,668,3d7cac8136f3c5fbbc86a6dd9231b1d3e630154aeda6ff56b586796ea6796cc2,payload
registry/acl_os/acl_15/schemas/v1/action_registry.schema.json,662,7dfa969abc4f299741d14ff183260cfb132399a5f3ceec05dd1f54eb4b38a887,payload
registry/acl_os/acl_15/schemas/v1/authority_permit.schema.json,1028,9b4e2adc3e599e922821b881408a8fafc7782be285411147a30d02db625ea3f4,payload
registry/acl_os/acl_15/schemas/v1/authority_report.schema.json,637,352639c509b40bbeb287321dcd2311a3bdad15eb8d280ccbe145694a85a74504,payload
registry/acl_os/acl_15/schemas/v1/closure_policy.schema.json,576,00b7772091273fd1f6d4842103390cba3a02498cad75d7711338f006045d6f12,payload
registry/acl_os/acl_15/schemas/v1/closure_state_registry.schema.json,563,62d9df97374b4f57f4aed725b59ef916c18128c20f0397dfa06891966a68aadb,payload
registry/acl_os/acl_15/schemas/v1/executive_brief.schema.json,664,c4b44243f56d3819ab8a6b147d9618c2060a514231b899889265b9595ecb9a0c,payload
registry/acl_os/acl_15/schemas/v1/fleet_closure_policy.schema.json,650,ea1ad1dc374e0073f9a9d7c4577a5ca6ceef9a466c4077142053b942d7973573,payload
registry/acl_os/acl_15/schemas/v1/fleet_closure_receipt.schema.json,722,06eacc10a06c6e1bb66a903d38a2ed96d4c364f25fb90f2d6d27d602154f33ae,payload
registry/acl_os/acl_15/schemas/v1/fleet_closure_report.schema.json,671,6401e551a7ade6db8caeb7a88c03e69edde1af760bdfe1a79cc7cd3143e6f95d,payload
registry/acl_os/acl_15/schemas/v1/fleet_closure_run.schema.json,652,a831ddad24d5b6b8ee1ab936658e9b0fa710198a07877097eed8d60187ecd28d,payload
registry/acl_os/acl_15/schemas/v1/fleet_event_ledger.schema.json,569,84e26f6ec1e7b5dd223b17719347bce8d795987cccd345807d737fa891dfa0e8,payload
registry/acl_os/acl_15/schemas/v1/fleet_operations_manifest.schema.json,705,1fc20ebfeb44a17a914d2f9618d3b601cbd8a81245d393c0509b70caaaba5ee8,payload
registry/acl_os/acl_15/schemas/v1/fleet_package_status.schema.json,663,198cafe648ea598cfc0243bf1370f6de87bc5b2795cc1f1c657fd26e79bccc45,payload
registry/acl_os/acl_15/schemas/v1/fleet_provenance_graph.schema.json,606,02388cba7c36d5c99bf2d789727b0719a516708ebfc68805b36a5e752aa1075a,payload
registry/acl_os/acl_15/schemas/v1/fleet_registration_contract.schema.json,844,4aa7d441739d6ffa6e50e8874a63e69ae5fe11ad15f8463399bf675e6b1537c3,payload
registry/acl_os/acl_15/schemas/v1/fleet_status_registry.schema.json,565,601e0185e29062f2ee5470024717c35cad0be53aadf7e784d124bd828a0f8f88,payload
registry/acl_os/acl_15/schemas/v1/integrity_report.schema.json,499,dcedd15c41849ad4c5a959659fc437cbcc247b827065c664a5ea39f0a6ab8785,payload
registry/acl_os/acl_15/schemas/v1/lifecycle_closure_handoff.schema.json,736,d2ff9d128bb1bc52b4a8f08c584595e2a1cd9ba6029bad1e95212b383af78840,payload
registry/acl_os/acl_15/schemas/v1/lifecycle_ownership_contract.schema.json,677,60bc38287fe3a7d7389197bba6e4ee3cc2bdcbf9817f66238d525a74e919971d,payload
registry/acl_os/acl_15/schemas/v1/migration_contract.schema.json,683,0cedfddbfac9902634fcffaeaaa1376e3992a18e21c18e4f91db3fe0d4542fc8,payload
registry/acl_os/acl_15/schemas/v1/non_capital_closure_decision.schema.json,734,fa80668000066858239ed4b53ef2a21dbb972ca8d01d2be0a0be032f62ce9de6,payload
registry/acl_os/acl_15/schemas/v1/obsidian_projection_manifest.schema.json,621,82f715047f783a703584c49ddf5e1c5fa2827fcb0e3179ff47da4ffbb91efc01,payload
registry/acl_os/acl_15/schemas/v1/output_manifest.schema.json,642,a9a0286d5bea0b7bb0d5e3fc22850f2e79b8701ec4d3251e7fd94043018ef4bb,payload
registry/acl_os/acl_15/schemas/v1/pilot_evidence_inventory.schema.json,806,2285a8a4d42c896775c1a82af8e96b3578d9db9d1a596e49334a5f083bdb27eb,payload
registry/acl_os/acl_15/schemas/v1/reopen_policy.schema.json,648,727944fb042547a15df48bfbda2a9641b8831d0ae521f908643984d4d6f5f67f,payload
registry/acl_os/acl_15/schemas/v1/report_section_registry.schema.json,569,30d7f96e3ed0d5f65ace5fb4a492c9136b57b5534c44d37dc794733fe9908c23,payload
registry/acl_os/acl_15/schemas/v1/residual_risk_report.schema.json,587,298b487f5bfa19136dd7e4ddfc8da00a57997a1a412c94c2715af67054d57928,payload
registry/acl_os/acl_15/schemas/v1/retention_contract.schema.json,678,05e0ae09cab51f3d9b100b7fa98ee16102e61998ea80cb2299eceefcce8cd45b,payload
registry/acl_os/acl_15/schemas/v1/retention_status.schema.json,628,ee382b7523ec507a2dad00765522ec271d3e9a490b3f3a6d4522066ca3b39d68,payload
registry/acl_os/acl_15/schemas/v1/runtime_and_order_manifest.schema.json,982,d1f60f510dfa2729ae9e9bb23610fbe820a80a3517d970e923d6708b4eb7c16c,payload
registry/acl_os/acl_15/schemas/v1/security_boundary_report.schema.json,624,602f4bbf88a10794494ce3073bde29d8b86f47845eecd032a6b1870d18c8ad32,payload
registry/acl_os/acl_15/schemas/v1/surveillance_contract.schema.json,677,197ea1d1faca8dab6dcd02fe5c816d66d2af79f4f0fce1ed7d45fa16ba5d3c5b,payload
registry/acl_os/acl_15/schemas/v1/surveillance_status.schema.json,640,e0d404f508305273fe42093eff8a0f0fdb9484ce6b731831fef1fdf28944feee,payload
tools/strategy_factory/acl_os/acl_15/__init__.py,230,c3ae782a37e2ab6d78f4db6eff03c4f439ada3d1dc9c4092f0776ea98ae671d1,payload
tools/strategy_factory/acl_os/acl_15/artifact_manifest.py,1345,b40c37bfe0313ad003318526db3e767fabb612790f7c971f50a7d87e43744c78,payload
tools/strategy_factory/acl_os/acl_15/authority.py,1807,86ae347b813de2b5ebe5e5f5f1d1050bf2f7533776953ca03cddb6b3882e3255,payload
tools/strategy_factory/acl_os/acl_15/canonical.py,1522,a250d00f335a1d65d25913197e18e1db79842f225e26b858edaf1ef0300a681d,payload
tools/strategy_factory/acl_os/acl_15/cli.py,1255,cae1c9ba0376154025e9bc0b20394b9553b947cd26ac6568c8d3ec6994a46ce3,payload
tools/strategy_factory/acl_os/acl_15/contracts.py,3833,d0b69751d68ca4c21dfb20fe0e6e367124e908765d4556ad59ed72ff385bc48e,payload
tools/strategy_factory/acl_os/acl_15/decision.py,1221,099ee29a40f8d4a63981338ddea7ef0b62c29effdd6417668ef00ca33219e2fb,payload
tools/strategy_factory/acl_os/acl_15/delivery_validation.py,675,026f3f46adf7fedd7479b4f248d977238a61d49add4a94269f3550eeb18b1a43,payload
tools/strategy_factory/acl_os/acl_15/errors.py,188,92457961d8b46d77d5d577061056633a2e85489a2c165190ccde6784a282b4c4,payload
tools/strategy_factory/acl_os/acl_15/events.py,1406,dea3451d365507d365acde1a5f115b058672099936bda13e2a59cc0eea22db07,payload
tools/strategy_factory/acl_os/acl_15/handoff.py,1506,af21a54eb6a7a973d741dbfc3c62af0d3f04b94ff7a3e5cfa359f40bb4c2447c,payload
tools/strategy_factory/acl_os/acl_15/handoff_input.py,4203,8efcdeaf357d99f942cff4cf72f3ef3d3286d9276f2646c0f69a7ec8c174fa65,payload
tools/strategy_factory/acl_os/acl_15/io.py,1213,d7c95b99adf2c68be79fbf5b1331d091e05ec281791568c72640f75a8889fcde,payload
tools/strategy_factory/acl_os/acl_15/obsidian.py,1843,71aef81bf25f05d1be5086ad9885c7aab6789ea962fc7e3f2209427daba97d06,payload
tools/strategy_factory/acl_os/acl_15/operations.py,3287,77ab065040653b84ab84ad8f0c04e2e810aa54734ab1bcb91146a2ae0ac0c34a,payload
tools/strategy_factory/acl_os/acl_15/policies.py,1521,081601ddeca8fad7c34eb35740286bd566060ad78ff27bc406a987dba7fb3c47,payload
tools/strategy_factory/acl_os/acl_15/provenance.py,1461,3015dcbd8249311526102f1ee35017b74cb5b611da1e2801237049ec418f775f,payload
tools/strategy_factory/acl_os/acl_15/qa.py,1000,c10d963f58068f1e1b9db974a210c961e9b956296531683256966d9604a10971,payload
tools/strategy_factory/acl_os/acl_15/registry.py,1211,a39be7ac26d4ca2fc813cf53b8482654d1d09ecb1ae9e33854dcd3dd18cd8344,payload
tools/strategy_factory/acl_os/acl_15/report.py,3691,e40753dbe3f2bfcbf594116d456781ebd51730ea56a523d8915bb95778ca02fc,payload
tools/strategy_factory/acl_os/acl_15/schema_validation.py,467,b32f121c1505713490b0e1ec4ab9cb328136f76eb3e52a60fb05597c84985212,payload
tools/strategy_factory/acl_os/acl_15/security.py,729,fb0fa4bcb3f071d516395851d02aad071646c2dc3ff13dccace598e48687b913,payload
tools/strategy_factory/acl_os/acl_15/service.py,7113,9a6436cf639c450b3290066ce3571591c1234e36ce416f6a3b32a2e032d327fe,payload
tools/strategy_factory/acl_os/acl_15/static_validation.py,1437,b44404f756cc744c37687988dbaeda43f68f758bd56de5354d1e927683f82cc7,payload
tools/strategy_factory/acl_os/acl_15/verify.py,4417,3b46952a9310f40693906dc1c2398d07ac6b85995d9bde82b6a02a51c499f84a,payload
